gestion,semestre,carrera,carrera_codigo,modalidad_ingreso,orden_postulacion,turno_estudio,formacion_previa,genero,edad_ingreso,estado_civil,estudiante_internacional,beneficiario_beca,pagos_al_dia,deudor,desplazado,nee,situacion_laboral_estudiante,apoyo_financiero_tipo,materias_inscritas_1sem,evaluaciones_1sem,materias_aprobadas_1sem,promedio_1sem,materias_inscritas_2sem,evaluaciones_2sem,materias_aprobadas_2sem,promedio_2sem,reprobaciones_total,asistencia_pct,tutorias_recibidas,orientacion_academica,tasa_desempleo,tasa_inflacion,pib,estado_academico,target_desercion,avance_curricular_pct,n_retiros,materias_criticas_reprobadas,nota_prom_materias_criticas,alertas_academicas,uso_tutorias
2024,3,Ing. Comercial,1,8,5,1,1,1,20,1,0,0,1,0,1,0,0,ninguno,0,0,0,0.0,0,0,0,0.0,0,100.0,1,1,10.8,1.4,1.74,Abandono,1,37.5,0,0.0,0.0,0,1
2024,1,Ing. Comercio Internacional,2,6,1,1,1,1,19,1,0,0,0,0,1,0,0,ninguno,6,6,6,14.0,6,6,6,13.666666666666666,0,88.1,0,0,13.9,-0.3,0.79,Activo,0,12.5,1,0.0,12.902353374472868,0,0
2023,4,Lic. en Administración de Empresas,3,1,5,1,1,1,19,1,0,0,0,0,1,0,0,ninguno,6,0,0,0.0,6,0,0,0.0,6,57.2,0,0,10.8,1.4,1.74,Abandono,1,50.0,0,3.0,0.0,1,0
2023,1,Ing. Financiera y de Riesgos,4,8,2,1,1,0,20,1,0,0,1,0,1,0,0,ninguno,6,8,6,13.428571428571429,6,10,5,12.4,0,62.6,0,0,9.4,-0.8,-3.12,Activo,0,12.5,0,0.0,12.226814094535687,1,0
2023,6,Lic. en Ciencia de Datos e Inteligencia de Negocios,5,12,1,0,1,0,45,2,0,0,1,0,0,0,0,ninguno,6,9,5,12.333333333333334,6,6,6,13.0,1,88.1,0,0,13.9,-0.3,0.79,Activo,0,75.0,0,0.0,11.935389106375663,0,0
2024,6,Ing. Comercial,1,12,1,0,12,1,50,2,0,0,1,1,0,0,1,ninguno,5,10,5,11.857142857142858,5,17,5,11.5,0,80.8,0,0,16.2,0.3,-0.92,Activo,0,75.0,0,0.0,11.046543529186225,0,0
2024,7,Ing. Comercio Internacional,2,1,1,1,1,0,18,1,0,1,1,0,1,0,0,beca,7,9,7,13.3,8,8,8,14.345,0,100.0,0,0,15.5,2.8,-4.06,Activo,0,87.5,1,0.0,13.248333419984835,0,0
2024,1,Lic. en Administración de Empresas,3,9,4,1,1,1,22,1,0,0,0,0,1,0,0,ninguno,5,5,0,0.0,5,5,0,0.0,5,87.8,1,1,15.5,2.8,-4.06,Abandono,1,12.5,0,3.0,0.0,1,1
2025,1,Ing. Financiera y de Riesgos,4,1,3,1,1,0,21,1,1,1,1,0,0,0,0,credito,6,8,6,13.875,6,7,6,14.142857142857142,0,85.7,0,0,16.2,0.3,-0.92,Activo,0,12.5,0,0.0,13.62099967896436,0,0
2025,3,Lic. en Ciencia de Datos e Inteligencia de Negocios,5,1,1,1,1,0,18,1,0,0,0,1,1,0,0,ninguno,6,9,5,11.4,6,14,2,13.5,1,74.0,3,1,8.9,1.4,3.51,Abandono,1,37.5,2,1.0,11.85708724719864,0,1
2024,8,Ing. Comercial,1,1,1,1,1,0,18,1,0,0,1,0,1,0,0,ninguno,6,6,6,12.333333333333334,6,7,5,14.2,0,74.9,1,1,13.9,-0.3,0.79,Activo,0,100.0,0,0.0,12.725473331075152,0,1
2024,3,Ing. Comercio Internacional,2,1,1,1,1,0,18,1,0,1,1,0,1,0,0,mixto,8,8,7,13.214285714285714,8,8,7,13.214285714285714,1,76.3,2,1,12.7,3.7,-1.7,Activo,0,37.5,0,0.0,12.56558021010991,0,1
2024,3,Lic. en Administración de Empresas,3,1,2,1,1,0,19,1,0,0,1,0,1,0,0,ninguno,6,6,0,0.0,6,0,0,0.0,6,73.9,0,0,12.7,3.7,-1.7,Abandono,1,37.5,0,3.0,0.0,1,0
2025,8,Ing. Financiera y de Riesgos,4,17,1,1,16,0,21,1,0,1,1,0,1,0,0,beca,6,7,6,10.571428571428571,6,8,5,11.0,0,100.0,2,1,8.9,1.4,3.51,Activo,0,100.0,0,0.0,10.122491613558527,0,1
2023,6,Lic. en Ciencia de Datos e Inteligencia de Negocios,5,1,1,1,1,0,18,1,0,1,1,0,1,0,0,beca,5,7,4,13.25,5,5,5,12.0,1,76.7,1,1,10.8,1.4,1.74,Activo,0,75.0,0,1.0,12.227056715941105,0,1
2023,6,Ing. Comercial,1,1,1,1,1,0,20,1,0,0,1,0,1,0,0,ninguno,6,6,5,13.2,6,7,0,0.0,1,83.0,0,0,15.5,2.8,-4.06,Abandono,1,75.0,0,1.0,5.940800948940706,0,0
2023,4,Ing. Comercio Internacional,2,9,1,1,1,0,18,1,0,0,1,0,1,0,0,ninguno,6,10,1,12.0,6,14,2,11.0,5,92.4,1,1,10.8,1.4,1.74,Activo,0,50.0,0,2.0,11.030306830278953,1,1
2024,3,Lic. en Administración de Empresas,3,8,2,1,1,0,18,1,0,0,1,0,1,0,0,ninguno,7,8,7,13.30625,8,8,8,14.545,0,75.2,3,1,15.5,2.8,-4.06,Activo,0,37.5,0,0.0,13.496593055708267,0,1
2024,3,Ing. Financiera y de Riesgos,4,1,1,1,1,0,20,1,0,0,1,0,1,0,1,ninguno,5,8,4,12.5,5,8,4,12.25,1,77.5,1,1,10.8,1.4,1.74,Activo,0,37.5,0,1.0,12.029616046849666,0,1
2023,1,Lic. en Ciencia de Datos e Inteligencia de Negocios,5,1,1,1,1,0,18,1,0,0,1,0,1,0,0,ninguno,7,7,6,11.666666666666666,7,8,6,13.5,1,81.0,1,1,16.2,0.3,-0.92,Activo,0,12.5,0,0.0,11.749476542204034,0,1
2024,6,Ing. Comercial,1,1,3,1,1,0,21,1,0,1,1,0,0,0,1,mixto,0,0,0,0.0,0,0,0,0.0,0,70.2,2,1,11.1,0.6,2.02,Activo,0,75.0,0,0.0,0.0,0,1
2025,2,Ing. Comercio Internacional,2,9,4,1,1,0,20,1,0,0,1,0,1,0,0,ninguno,7,14,7,11.4375,8,9,8,11.425,0,91.3,0,0,12.7,3.7,-1.7,Activo,0,25.0,1,0.0,10.69259942168177,0,0
2024,2,Lic. en Administración de Empresas,3,1,4,1,1,0,18,1,0,0,1,0,1,0,0,ninguno,8,12,7,12.857142857142858,8,12,7,12.857142857142858,1,82.9,0,0,12.7,3.7,-1.7,Activo,0,25.0,0,0.0,12.047827516829537,0,0
2024,6,Ing. Financiera y de Riesgos,4,1,4,1,1,0,19,1,0,1,1,0,1,0,0,credito,6,8,6,13.375,6,7,6,12.285714285714286,0,84.2,2,1,11.1,0.6,2.02,Activo,0,75.0,0,0.0,12.054835477137654,0,1
2023,1,Lic. en Ciencia de Datos e Inteligencia de Negocios,5,1,1,1,1,0,19,1,0,0,1,0,0,0,0,ninguno,7,8,6,13.296666666666669,8,9,7,14.114285714285714,1,73.4,2,1,11.1,0.6,2.02,Activo,0,12.5,0,0.0,13.076125687113413,0,1
2025,1,Ing. Comercial,1,1,1,1,1,0,18,1,0,1,1,1,1,0,1,credito,6,8,5,11.6,6,12,4,11.0,1,69.7,2,1,7.6,2.6,0.32,Activo,0,12.5,0,0.0,10.72847102973379,0,1
2024,2,Ing. Comercio Internacional,2,8,2,1,1,0,21,1,0,0,1,0,1,0,0,ninguno,6,9,6,11.375,6,9,6,13.285714285714286,0,80.5,0,0,16.2,0.3,-0.92,Activo,0,25.0,0,0.0,11.767185206108678,0,0
2025,3,Lic. en Administración de Empresas,3,1,1,1,1,0,18,1,0,0,1,0,1,0,0,ninguno,5,9,5,12.666666666666666,5,7,4,13.0,0,92.7,0,0,9.4,-0.8,-3.12,Activo,0,37.5,0,0.0,12.085299175482293,0,0
2024,6,Ing. Financiera y de Riesgos,4,1,1,1,1,0,20,1,0,0,1,0,1,0,0,ninguno,5,6,5,12.0,5,6,5,12.333333333333334,0,97.5,3,1,16.2,0.3,-0.92,Activo,0,75.0,2,0.0,11.520310618207356,0,1
2025,8,Lic. en Ciencia de Datos e Inteligencia de Negocios,5,8,2,1,1,1,19,1,0,0,1,0,1,0,0,ninguno,7,9,6,12.933333333333332,7,7,6,13.716666666666669,1,94.9,1,1,16.2,0.3,-0.92,Activo,0,100.0,0,1.0,12.430607426408042,0,1
2024,1,Ing. Comercial,1,15,1,1,14,1,21,1,0,0,1,0,0,0,0,ninguno,6,15,5,11.857142857142858,6,17,5,10.571428571428571,1,80.6,0,0,16.2,0.3,-0.92,Activo,0,12.5,0,0.0,10.301994325257017,0,0
2024,1,Ing. Comercio Internacional,2,16,1,1,1,1,20,1,0,0,1,0,1,0,1,ninguno,6,7,6,12.833333333333334,6,9,4,13.4,0,82.9,0,0,8.9,1.4,3.51,Activo,0,12.5,0,0.0,12.697274402062105,0,0
2025,4,Lic. en Administración de Empresas,3,1,1,1,1,1,18,1,0,0,0,0,0,0,0,ninguno,5,9,3,11.333333333333334,5,8,2,13.5,2,73.1,0,0,8.9,1.4,3.51,Activo,0,50.0,0,1.0,12.02130311058466,1,0
2025,2,Ing. Financiera y de Riesgos,4,9,1,0,1,0,19,1,0,0,1,0,1,0,1,ninguno,6,6,6,12.666666666666666,6,8,6,14.375,0,100.0,0,0,12.4,0.5,1.79,Activo,0,25.0,0,0.0,12.779552685108133,0,0
2024,6,Lic. en Ciencia de Datos e Inteligencia de Negocios,5,1,1,0,1,1,34,1,0,0,1,0,0,0,1,ninguno,5,6,5,12.4,5,9,5,13.428571428571429,0,70.7,0,0,13.9,-0.3,0.79,Activo,0,75.0,0,0.0,12.403427690642118,0,0
2024,2,Ing. Comercial,1,12,1,1,1,1,37,1,0,0,0,1,0,0,0,ninguno,7,7,0,0.0,7,7,1,10.0,7,95.3,0,0,8.9,1.4,3.51,Abandono,1,25.0,0,2.0,4.687000496864431,1,0
2024,7,Ing. Comercio Internacional,2,12,1,1,8,1,43,1,0,0,1,0,1,0,1,ninguno,5,0,0,0.0,5,0,0,0.0,5,81.8,1,1,7.6,2.6,0.32,Abandono,1,87.5,1,3.0,0.0,1,1
2025,5,Lic. en Administración de Empresas,3,14,1,1,1,0,55,1,0,0,1,0,0,0,0,ninguno,5,10,1,10.0,5,8,2,12.0,4,77.3,3,1,16.2,0.3,-0.92,Abandono,1,62.5,0,2.0,10.541169462929334,1,1
2025,7,Ing. Financiera y de Riesgos,4,12,1,0,1,0,39,4,0,0,1,0,1,0,1,ninguno,5,8,5,11.0,5,5,5,11.6,0,56.8,0,0,7.6,2.6,0.32,Activo,0,87.5,0,0.0,10.349503543819935,1,0
2025,1,Lic. en Ciencia de Datos e Inteligencia de Negocios,5,15,1,1,14,0,20,1,1,0,0,1,0,0,0,ninguno,6,13,3,11.666666666666666,6,11,3,12.0,3,83.2,0,0,12.4,0.5,1.79,Abandono,1,12.5,0,1.0,11.031129217718554,1,0
2025,2,Ing. Comercial,1,1,5,1,1,0,18,1,0,0,1,1,0,0,0,ninguno,6,6,4,12.75,5,5,0,0.0,2,85.5,0,0,12.7,3.7,-1.7,Abandono,1,25.0,0,1.0,5.541142557061961,1,0
2025,6,Ing. Comercio Internacional,2,1,2,1,1,0,22,1,0,0,1,0,1,0,0,ninguno,5,5,5,14.8,5,5,5,15.8,0,85.9,0,0,8.9,1.4,3.51,Activo,0,75.0,0,0.0,14.858976952944788,0,0
2025,5,Lic. en Administración de Empresas,3,1,6,1,1,0,22,1,0,0,1,0,1,1,1,ninguno,7,9,5,13.928,8,9,7,14.342857142857142,2,74.5,0,0,11.1,0.6,2.02,Activo,0,62.5,2,1.0,13.671492473496802,1,0
2024,1,Ing. Financiera y de Riesgos,4,8,1,1,1,0,20,1,0,0,0,0,0,0,0,ninguno,6,7,4,13.0,6,7,5,13.8,2,74.0,0,0,12.4,0.5,1.79,Abandono,1,12.5,1,1.0,12.735112572323155,1,0
2023,2,Lic. en Ciencia de Datos e Inteligencia de Negocios,5,12,1,0,1,0,29,1,0,0,1,0,0,0,0,ninguno,5,0,0,0.0,5,0,0,0.0,5,80.2,1,1,16.2,0.3,-0.92,Abandono,1,25.0,1,1.0,0.0,1,1
2025,2,Ing. Comercial,1,8,1,0,1,0,24,1,0,0,1,0,0,0,1,ninguno,5,9,2,11.5,5,11,3,14.333333333333334,3,64.5,0,0,7.6,2.6,0.32,Activo,0,25.0,0,2.0,12.402864481788546,1,0
2025,3,Ing. Comercio Internacional,2,8,2,1,1,0,18,1,0,0,1,0,1,0,1,ninguno,6,6,6,11.666666666666666,6,8,5,13.2,0,87.0,1,1,11.1,0.6,2.02,Activo,0,37.5,0,0.0,11.90830959876987,0,1
2024,1,Lic. en Administración de Empresas,3,8,6,1,1,0,22,1,0,1,1,0,1,0,0,beca,7,8,6,13.516666666666666,8,9,7,13.771428571428572,1,72.1,0,0,11.1,0.6,2.02,Activo,0,12.5,0,0.0,13.232306665770684,0,0
2023,1,Ing. Financiera y de Riesgos,4,15,1,0,14,0,21,1,0,1,1,0,0,0,1,beca,6,6,6,11.5,6,7,6,13.285714285714286,0,56.0,1,1,12.4,0.5,1.79,Activo,0,12.5,0,0.0,11.949229159480529,1,1
2025,2,Lic. en Ciencia de Datos e Inteligencia de Negocios,5,1,1,1,1,0,19,1,0,1,1,0,0,0,0,beca,6,7,5,12.333333333333334,6,7,6,12.833333333333334,1,48.5,0,0,12.7,3.7,-1.7,Activo,0,25.0,0,0.0,11.731347043927554,1,0
2024,5,Ing. Comercial,1,12,1,1,1,0,24,1,0,1,1,0,0,0,1,credito,6,6,6,13.666666666666666,6,6,6,14.166666666666666,0,76.6,2,1,12.4,0.5,1.79,Activo,0,62.5,1,0.0,13.499629568483579,0,1
2024,5,Ing. Comercio Internacional,2,1,1,1,1,0,19,1,0,1,1,0,1,0,1,mixto,8,10,6,11.833333333333334,8,10,6,11.833333333333334,2,84.7,2,1,9.4,-0.8,-3.12,Activo,0,62.5,0,0.0,11.513413159042589,1,1
2024,5,Lic. en Administración de Empresas,3,1,1,1,1,0,20,1,0,1,1,0,1,0,0,mixto,6,11,4,14.0,6,12,3,11.0,2,83.7,1,1,9.4,-0.8,-3.12,Activo,0,62.5,0,1.0,11.759451540159743,1,1
2023,1,Ing. Financiera y de Riesgos,4,1,3,1,1,0,19,1,0,0,1,0,0,0,0,ninguno,5,7,5,14.714285714285714,5,5,5,15.8,0,81.1,1,1,7.6,2.6,0.32,Activo,0,12.5,0,0.0,14.273954673568142,0,1
2025,4,Lic. en Ciencia de Datos e Inteligencia de Negocios,5,12,1,0,1,0,27,1,0,0,1,0,0,0,1,ninguno,5,12,5,10.6,5,10,5,11.0,0,76.4,2,1,9.4,-0.8,-3.12,Abandono,1,50.0,1,0.0,10.268150329763817,0,1
2024,2,Ing. Comercial,1,1,1,1,1,0,18,1,0,0,1,0,1,0,0,ninguno,7,9,7,13.044444444444444,8,10,8,13.595,0,79.6,0,0,15.5,2.8,-4.06,Activo,0,25.0,2,0.0,12.936663229984845,0,0
2023,2,Ing. Comercio Internacional,2,4,1,1,3,0,39,2,0,0,1,0,0,0,1,ninguno,6,10,0,0.0,6,6,0,0.0,6,87.6,1,1,12.4,0.5,1.79,Abandono,1,25.0,0,2.0,0.0,1,1
2023,4,Lic. en Administración de Empresas,3,12,1,1,15,0,27,1,0,0,1,0,1,0,0,ninguno,6,9,5,13.0,11,13,10,12.9,1,63.2,2,1,12.4,0.5,1.79,Abandono,1,50.0,1,0.0,12.015552052233048,1,1
2024,7,Ing. Financiera y de Riesgos,4,8,1,1,1,0,18,1,0,0,1,0,1,0,0,ninguno,8,8,8,14.935,8,8,8,14.935,0,81.7,0,0,9.4,-0.8,-3.12,Activo,0,87.5,0,0.0,14.086156754120065,0,0
2024,6,Lic. en Ciencia de Datos e Inteligencia de Negocios,5,1,3,1,1,0,18,1,0,0,1,0,1,0,1,ninguno,0,0,0,0.0,0,0,0,0.0,0,80.1,1,1,7.6,2.6,0.32,Activo,0,75.0,1,0.0,0.0,0,1
2023,7,Ing. Comercial,1,1,2,1,1,0,18,1,0,0,1,0,0,0,0,ninguno,7,8,6,13.133333333333333,8,12,7,12.221428571428572,1,85.0,0,0,16.2,0.3,-0.92,Activo,0,87.5,0,1.0,12.156841404755633,0,0
2024,2,Ing. Comercio Internacional,2,15,1,1,14,0,21,1,0,1,1,0,0,0,1,beca,6,7,6,12.0,6,7,6,12.0,0,61.9,0,0,13.9,-0.3,0.79,Activo,0,25.0,0,0.0,11.320683878706646,1,0
2024,5,Lic. en Administración de Empresas,3,8,3,1,1,1,19,1,0,1,1,0,1,0,1,credito,0,0,0,0.0,0,0,0,0.0,0,72.8,0,0,10.8,1.4,1.74,Activo,0,62.5,1,0.0,0.0,0,0
2025,1,Ing. Financiera y de Riesgos,4,8,1,1,1,1,19,1,0,0,1,0,1,0,0,ninguno,6,6,5,11.4,6,8,1,10.0,1,86.8,1,1,10.8,1.4,1.74,Activo,0,12.5,0,0.0,9.92473820300353,0,1
2025,1,Lic. en Ciencia de Datos e Inteligencia de Negocios,5,14,1,1,1,1,24,1,0,0,1,0,0,0,1,ninguno,6,6,0,0.0,6,6,0,0.0,6,87.8,0,0,12.7,3.7,-1.7,Activo,0,12.5,0,4.0,0.0,1,0
2024,3,Ing. Comercial,1,13,1,1,12,1,29,4,0,0,1,0,1,0,0,ninguno,7,10,5,11.9,8,10,5,11.0,2,83.7,0,0,13.9,-0.3,0.79,Abandono,1,37.5,0,1.0,10.474477863963056,1,0
2025,1,Ing. Comercio Internacional,2,1,3,1,1,1,19,1,0,1,1,0,1,0,0,mixto,0,0,0,0.0,0,0,0,0.0,0,91.4,0,0,10.8,1.4,1.74,Activo,0,12.5,0,0.0,0.0,0,0
2025,1,Lic. en Administración de Empresas,3,15,1,1,14,1,23,1,0,0,1,0,1,0,1,ninguno,6,8,6,12.571428571428571,6,7,6,12.428571428571429,0,86.8,1,1,8.9,1.4,3.51,Activo,0,12.5,0,0.0,12.187080506669885,0,1
2023,3,Ing. Financiera y de Riesgos,4,1,3,1,1,1,19,1,0,0,1,1,0,0,1,ninguno,5,8,5,11.2,5,10,4,10.75,0,77.2,0,0,16.2,0.3,-0.92,Abandono,1,37.5,0,0.0,10.293074074900995,0,0
2025,1,Lic. en Ciencia de Datos e Inteligencia de Negocios,5,12,1,1,1,1,26,1,0,0,1,0,0,0,0,ninguno,6,7,6,12.0,6,8,5,10.8,0,96.9,0,0,12.7,3.7,-1.7,Activo,0,12.5,1,0.0,10.60524664692223,0,0
2025,6,Ing. Comercial,1,8,1,1,1,1,18,1,0,0,1,0,0,0,1,ninguno,5,9,0,0.0,5,5,0,0.0,5,95.8,1,1,7.6,2.6,0.32,Activo,0,75.0,0,3.0,0.0,1,1
2023,6,Ing. Comercio Internacional,2,8,1,1,1,1,24,1,0,0,1,0,0,0,1,ninguno,7,8,7,11.975,8,8,8,13.75,0,78.0,2,1,13.9,-0.3,0.79,Activo,0,75.0,0,0.0,12.426882746882633,0,1
2023,2,Lic. en Administración de Empresas,3,1,1,1,1,1,19,1,0,0,1,0,1,0,0,ninguno,0,0,0,0.0,0,0,0,0.0,0,67.1,3,1,15.5,2.8,-4.06,Abandono,1,25.0,1,0.0,0.0,0,1
2025,6,Ing. Financiera y de Riesgos,4,8,4,1,1,1,18,1,0,0,1,0,1,0,1,ninguno,6,12,3,11.666666666666666,6,12,1,12.0,3,77.0,0,0,12.4,0.5,1.79,Abandono,1,75.0,1,1.0,11.174519685646224,1,0
2024,3,Lic. en Ciencia de Datos e Inteligencia de Negocios,5,1,2,1,1,1,18,1,0,0,1,0,1,0,1,ninguno,6,8,6,12.333333333333334,6,11,3,12.333333333333334,0,70.6,0,0,10.8,1.4,1.74,Activo,0,37.5,0,0.0,11.801912766354333,0,0
2024,4,Ing. Comercial,1,8,3,1,1,1,18,1,0,0,1,1,1,0,0,ninguno,5,8,3,10.333333333333334,5,11,3,10.857142857142858,2,85.6,0,0,10.8,1.4,1.74,Abandono,1,50.0,0,1.0,9.692880054626883,1,0
2024,1,Ing. Comercio Internacional,2,9,4,1,1,1,21,1,0,1,1,0,1,0,0,credito,6,8,4,10.5,6,11,1,11.0,2,93.5,0,0,9.4,-0.8,-3.12,Abandono,1,12.5,0,1.0,10.118367892382896,1,0
2025,8,Lic. en Administración de Empresas,3,8,4,1,1,1,19,1,0,1,1,1,1,0,0,beca,6,6,6,13.666666666666666,6,6,6,13.333333333333334,0,93.8,2,1,8.9,1.4,3.51,Activo,0,100.0,0,0.0,12.640294949128599,0,1
2024,1,Ing. Financiera y de Riesgos,4,8,4,1,1,1,22,1,0,1,1,0,0,0,0,mixto,7,7,7,14.842857142857142,8,9,8,15.055555555555555,0,97.9,0,0,16.2,0.3,-0.92,Activo,0,12.5,0,0.0,14.242772516868701,0,0
2024,2,Lic. en Ciencia de Datos e Inteligencia de Negocios,5,12,1,0,1,1,33,2,0,0,1,0,0,0,0,ninguno,6,8,6,12.0,6,6,6,11.666666666666666,0,79.4,0,0,10.8,1.4,1.74,Activo,0,25.0,0,0.0,10.992170234201353,0,0
2024,6,Ing. Comercial,1,1,6,1,1,1,20,1,0,0,1,0,1,0,1,ninguno,6,8,5,12.2,6,7,5,12.2,1,76.8,0,0,10.8,1.4,1.74,Abandono,1,75.0,0,0.0,11.667128909428772,0,0
2024,3,Ing. Comercio Internacional,2,12,1,0,2,1,35,1,0,0,1,0,1,0,1,ninguno,1,1,0,0.0,5,0,0,0.0,1,83.1,0,0,10.8,1.4,1.74,Abandono,1,37.5,0,0.0,0.0,0,0
2025,8,Lic. en Administración de Empresas,3,12,1,1,4,1,24,1,0,0,1,1,0,0,0,ninguno,12,17,6,12.166666666666666,12,14,10,13.3,6,89.7,0,0,12.4,0.5,1.79,Abandono,1,100.0,1,1.0,12.24113271244762,1,0
2024,2,Ing. Financiera y de Riesgos,4,8,1,1,1,1,18,1,0,0,1,0,0,0,0,ninguno,5,6,5,12.0,5,8,3,11.333333333333334,0,87.6,1,1,12.7,3.7,-1.7,Activo,0,25.0,0,0.0,10.984397501064365,0,1
2024,1,Lic. en Ciencia de Datos e Inteligencia de Negocios,5,12,1,0,1,0,33,2,0,0,1,0,1,0,1,ninguno,6,7,6,11.0,6,11,5,11.0,0,73.6,0,0,9.4,-0.8,-3.12,Activo,0,12.5,1,0.0,10.550195020778288,0,0
2023,8,Ing. Comercial,1,13,1,1,1,0,22,1,0,1,1,0,1,0,0,beca,8,8,7,13.08,8,8,7,13.08,1,87.0,0,0,10.8,1.4,1.74,Activo,0,100.0,0,1.0,12.447131434861666,0,0
2023,4,Ing. Comercio Internacional,2,12,1,1,1,0,25,1,0,1,1,0,0,0,1,credito,5,7,4,10.5,5,7,5,11.6,1,91.1,0,0,9.4,-0.8,-3.12,Activo,0,50.0,0,0.0,10.527277353343909,0,0
2023,6,Lic. en Administración de Empresas,3,8,1,1,1,1,20,1,0,0,1,0,1,0,0,ninguno,6,9,6,10.666666666666666,6,6,5,11.2,0,86.3,0,0,7.6,2.6,0.32,Activo,0,75.0,0,0.0,10.446640931887284,0,0
2025,3,Ing. Financiera y de Riesgos,4,1,6,1,1,1,23,1,0,0,1,0,1,0,0,ninguno,5,6,4,14.0,5,5,5,13.8,1,75.2,2,1,11.1,0.6,2.02,Activo,0,37.5,2,0.0,12.923110487380374,0,1
2023,2,Lic. en Ciencia de Datos e Inteligencia de Negocios,5,14,2,1,1,1,18,1,0,0,1,1,1,0,0,ninguno,5,9,2,10.0,5,9,0,0.0,3,80.6,0,0,15.5,2.8,-4.06,Activo,0,25.0,1,1.0,4.587948126159288,1,0
2025,7,Ing. Comercial,1,12,1,1,1,1,24,1,0,0,1,0,0,0,0,ninguno,7,18,0,0.0,7,7,0,0.0,7,70.8,1,1,13.9,-0.3,0.79,Abandono,1,87.5,0,3.0,0.0,1,1
2023,3,Ing. Comercio Internacional,2,8,2,1,1,0,21,1,1,0,0,0,1,0,0,ninguno,6,6,6,14.0,6,6,6,13.5,0,100.0,2,1,8.9,1.4,3.51,Activo,0,37.5,1,0.0,12.76108452836175,0,1
2024,4,Lic. en Administración de Empresas,3,6,1,1,1,0,26,1,1,0,1,0,0,0,0,ninguno,6,7,2,12.0,6,6,0,0.0,4,85.9,0,0,8.9,1.4,3.51,Abandono,1,50.0,1,1.0,5.686068961381945,1,0
2023,7,Ing. Financiera y de Riesgos,4,12,1,1,8,0,39,2,0,0,1,0,0,0,0,ninguno,6,12,3,12.666666666666666,6,14,0,0.0,3,75.7,1,1,7.6,2.6,0.32,Abandono,1,87.5,0,1.0,5.544014143503866,1,1
2023,2,Lic. en Ciencia de Datos e Inteligencia de Negocios,5,12,1,0,1,0,44,2,0,0,1,0,0,0,0,ninguno,8,11,8,11.875,6,7,6,12.333333333333334,0,86.1,1,1,12.7,3.7,-1.7,Activo,0,25.0,0,0.0,11.627128402777267,0,1
2024,1,Ing. Comercial,1,6,1,1,1,1,19,1,1,0,1,0,1,0,0,ninguno,5,9,5,14.0,5,11,3,13.25,0,87.4,0,0,13.9,-0.3,0.79,Activo,0,12.5,0,0.0,13.296658522970187,0,0
2025,5,Ing. Comercio Internacional,2,1,5,1,1,0,18,1,0,0,1,0,1,0,1,ninguno,6,6,6,13.666666666666666,6,6,6,13.333333333333334,0,74.4,1,1,8.9,1.4,3.51,Activo,0,62.5,0,0.0,12.917977294730358,0,1
2025,7,Lic. en Administración de Empresas,3,1,5,1,1,0,18,1,0,1,1,0,1,0,0,mixto,7,7,7,13.75,8,9,8,14.47777777777778,0,91.1,0,0,12.4,0.5,1.79,Activo,0,87.5,1,0.0,13.159236421769279,0,0
2023,4,Ing. Financiera y de Riesgos,4,1,1,1,1,0,19,1,0,0,1,0,1,0,0,ninguno,5,7,5,14.2,5,7,5,13.8,0,81.3,0,0,12.7,3.7,-1.7,Activo,0,50.0,0,0.0,13.691764433943101,0,0
2023,4,Lic. en Ciencia de Datos e Inteligencia de Negocios,5,1,4,1,1,0,19,1,0,0,0,1,1,0,0,ninguno,7,10,4,11.96,7,7,0,0.0,3,92.4,0,0,13.9,-0.3,0.79,Abandono,1,50.0,0,2.0,5.268480015649153,1,0
2025,5,Ing. Comercial,1,17,1,1,16,0,21,1,0,0,1,0,0,0,1,ninguno,10,12,8,12.875,9,14,5,13.4,2,67.7,1,1,8.9,1.4,3.51,Abandono,1,62.5,0,1.0,12.486522464983272,1,1
2025,4,Ing. Comercio Internacional,2,1,4,1,1,0,20,1,0,0,1,0,1,0,1,ninguno,0,0,0,0.0,0,0,0,0.0,0,86.8,0,0,16.2,0.3,-0.92,Activo,0,50.0,0,0.0,0.0,0,0
2023,1,Lic. en Administración de Empresas,3,12,1,0,1,0,36,2,0,0,1,0,1,0,0,ninguno,6,0,0,0.0,6,0,0,0.0,6,80.9,2,1,9.4,-0.8,-3.12,Abandono,1,12.5,0,3.0,0.0,1,1
2023,2,Ing. Financiera y de Riesgos,4,12,1,1,9,0,43,4,0,0,1,0,0,0,1,ninguno,18,19,18,14.63157894736842,13,14,13,14.23076923076923,0,100.0,3,1,15.5,2.8,-4.06,Activo,0,25.0,0,0.0,13.65410586814817,0,1
2023,3,Lic. en Ciencia de Datos e Inteligencia de Negocios,5,9,1,1,1,0,19,1,0,0,1,0,1,0,0,ninguno,6,0,0,0.0,6,0,0,0.0,6,83.9,1,1,11.1,0.6,2.02,Abandono,1,37.5,1,2.0,0.0,1,1
2024,4,Ing. Comercial,1,16,1,1,1,0,20,1,0,0,1,1,0,0,0,ninguno,10,12,10,13.0,11,11,11,12.272727272727272,0,100.0,1,1,11.1,0.6,2.02,Activo,0,50.0,0,0.0,11.868007624560038,0,1
2025,3,Ing. Comercio Internacional,2,1,2,1,1,0,19,1,0,0,1,0,1,0,0,ninguno,6,0,0,0.0,6,0,0,0.0,6,77.0,0,0,16.2,0.3,-0.92,Abandono,1,37.5,0,3.0,0.0,1,0
2025,1,Lic. en Administración de Empresas,3,1,1,1,1,0,20,1,0,0,1,0,1,0,1,ninguno,6,15,4,14.2,6,17,4,13.25,2,89.3,0,0,15.5,2.8,-4.06,Abandono,1,12.5,0,1.0,12.848838729695183,1,0
2025,7,Ing. Financiera y de Riesgos,4,1,5,1,1,0,20,1,0,0,1,0,1,0,0,ninguno,7,9,6,13.266666666666666,7,10,5,12.3,1,84.4,0,0,12.4,0.5,1.79,Abandono,1,87.5,2,0.0,12.453952424962878,0,0
2024,3,Lic. en Ciencia de Datos e Inteligencia de Negocios,5,8,2,1,1,0,20,1,0,0,1,0,1,0,0,ninguno,7,12,6,11.666666666666666,7,10,3,13.0,1,75.2,2,1,16.2,0.3,-0.92,Activo,0,37.5,0,0.0,11.703575337840173,0,1
2025,8,Ing. Comercial,1,1,1,1,1,0,18,1,0,0,1,0,1,0,1,ninguno,6,8,6,13.857142857142858,6,6,6,15.0,0,95.3,1,1,13.9,-0.3,0.79,Activo,0,100.0,0,0.0,13.850004289230496,0,1
2025,3,Ing. Comercio Internacional,2,8,2,1,1,0,18,1,0,1,1,0,1,0,0,beca,5,9,3,13.0,5,11,3,11.0,2,62.4,0,0,8.9,1.4,3.51,Activo,0,37.5,0,1.0,11.482896945236439,1,0
2024,4,Lic. en Administración de Empresas,3,1,1,1,1,0,19,1,0,0,1,0,1,0,0,ninguno,5,6,5,13.4,5,5,5,12.8,0,71.7,1,1,10.8,1.4,1.74,Activo,0,50.0,0,0.0,12.484064292392134,0,1
2023,6,Ing. Financiera y de Riesgos,4,1,3,1,1,0,18,1,0,0,1,0,1,0,1,ninguno,6,6,6,12.666666666666666,6,7,6,12.571428571428571,0,77.8,0,0,10.8,1.4,1.74,Activo,0,75.0,0,0.0,12.050111689599435,0,0
2025,6,Lic. en Ciencia de Datos e Inteligencia de Negocios,5,8,2,1,1,0,18,1,0,0,1,0,1,0,0,ninguno,7,7,6,12.516666666666666,7,7,6,12.516666666666666,1,70.5,1,1,7.6,2.6,0.32,Abandono,1,75.0,0,0.0,11.9140329367516,0,1
2025,2,Ing. Comercial,1,14,1,1,1,0,20,1,0,0,1,0,0,0,0,ninguno,7,11,6,11.616666666666667,7,7,7,13.0,1,76.3,0,0,13.9,-0.3,0.79,Activo,0,25.0,0,0.0,11.322850027407284,0,0
2023,6,Ing. Comercio Internacional,2,8,1,1,1,0,20,1,0,1,1,0,1,0,0,credito,6,13,2,10.0,6,12,4,10.75,4,87.2,0,0,7.6,2.6,0.32,Activo,0,75.0,0,2.0,10.012956917675293,1,0
2025,2,Lic. en Administración de Empresas,3,8,1,1,1,0,20,1,0,0,1,0,0,0,0,ninguno,5,11,3,10.333333333333334,5,10,3,10.666666666666666,2,75.1,0,0,12.4,0.5,1.79,Activo,0,25.0,1,1.0,9.554438391112889,1,0
2025,1,Ing. Financiera y de Riesgos,4,1,2,1,1,0,18,1,0,0,1,0,0,0,1,ninguno,5,12,5,13.142857142857142,5,6,5,11.4,0,85.8,0,0,9.4,-0.8,-3.12,Activo,0,12.5,0,0.0,11.635262871998854,0,0
2024,4,Lic. en Ciencia de Datos e Inteligencia de Negocios,5,1,1,1,1,0,18,1,0,0,1,0,0,0,1,ninguno,5,5,5,12.6,5,5,5,14.0,0,96.8,2,1,11.1,0.6,2.02,Activo,0,50.0,0,0.0,12.563380428150321,0,1
2024,4,Ing. Comercial,1,8,1,1,1,0,21,1,0,0,1,0,1,0,0,ninguno,6,12,3,11.0,6,12,2,11.0,3,64.8,2,1,9.4,-0.8,-3.12,Abandono,1,50.0,1,2.0,10.118871923367614,1,1
2024,1,Ing. Comercio Internacional,2,1,2,1,1,0,19,1,0,0,1,0,1,0,0,ninguno,5,8,5,10.8,5,9,4,11.25,0,72.7,1,1,16.2,0.3,-0.92,Activo,0,12.5,0,0.0,10.47267587959552,0,1
2025,4,Lic. en Administración de Empresas,3,1,1,1,1,0,19,1,0,0,1,0,0,0,0,ninguno,0,0,0,0.0,0,0,0,0.0,0,100.0,0,0,10.8,1.4,1.74,Abandono,1,50.0,1,0.0,0.0,0,0
2025,6,Ing. Financiera y de Riesgos,4,1,1,1,1,0,19,1,0,1,1,0,0,0,0,beca,5,5,5,12.8,5,5,5,14.2,0,78.1,1,1,9.4,-0.8,-3.12,Activo,0,75.0,0,0.0,12.9133370638049,0,1
2025,2,Lic. en Ciencia de Datos e Inteligencia de Negocios,5,1,1,1,1,0,19,1,0,0,1,0,1,0,0,ninguno,6,15,6,14.166666666666666,6,13,6,12.2,0,81.1,0,0,15.5,2.8,-4.06,Activo,0,25.0,0,0.0,12.621021617558302,0,0
2025,5,Ing. Comercial,1,8,6,1,1,0,19,1,0,0,1,0,1,0,1,ninguno,7,12,5,12.1,7,0,0,0.0,2,84.1,1,1,13.9,-0.3,0.79,Abandono,1,62.5,0,0.0,5.102129474847174,1,1
2025,1,Ing. Comercio Internacional,2,15,1,1,14,0,20,1,0,0,1,0,1,0,0,ninguno,6,7,6,14.166666666666666,6,17,5,13.77777777777778,0,83.7,2,1,12.4,0.5,1.79,Activo,0,12.5,0,0.0,13.091971298387115,0,1
2023,4,Lic. en Administración de Empresas,3,1,1,1,1,0,18,1,0,1,1,0,1,0,1,mixto,6,8,5,12.8,6,7,5,13.4,1,87.0,0,0,9.4,-0.8,-3.12,Activo,0,50.0,0,0.0,12.723700007095918,0,0
2023,2,Ing. Financiera y de Riesgos,4,8,3,1,1,0,18,1,0,0,1,0,1,0,0,ninguno,6,7,6,13.0,6,6,6,13.666666666666666,0,91.8,2,1,12.4,0.5,1.79,Activo,0,25.0,0,0.0,12.957646986599364,0,1
2025,3,Lic. en Ciencia de Datos e Inteligencia de Negocios,5,8,6,1,1,0,19,1,0,0,1,0,1,0,1,ninguno,7,7,7,13.467142857142855,8,9,8,15.011111111111113,0,73.1,0,0,12.4,0.5,1.79,Activo,0,37.5,1,0.0,13.63961832372989,0,0
2023,6,Ing. Comercial,1,1,3,1,1,0,18,1,0,1,1,0,1,0,0,credito,7,9,7,13.2375,8,9,7,13.742857142857144,0,82.1,0,0,13.9,-0.3,0.79,Abandono,1,75.0,0,0.0,13.121118407715606,0,0
2023,4,Ing. Comercio Internacional,2,8,2,1,1,0,18,1,0,0,1,0,1,0,0,ninguno,6,6,6,12.333333333333334,6,6,6,13.0,0,72.1,0,0,7.6,2.6,0.32,Activo,0,50.0,0,0.0,11.933301499976885,0,0
2023,5,Lic. en Administración de Empresas,3,1,4,1,1,0,19,1,0,0,1,0,1,0,0,ninguno,5,7,5,12.4,5,5,5,14.6,0,91.6,1,1,8.9,1.4,3.51,Activo,0,62.5,0,0.0,13.099415874916787,0,1
2025,7,Ing. Financiera y de Riesgos,4,8,6,1,1,0,19,1,0,0,1,0,1,0,1,ninguno,7,8,5,14.0,7,7,0,0.0,2,71.2,1,1,13.9,-0.3,0.79,Abandono,1,87.5,0,1.0,6.3343387152232395,1,1
2023,2,Lic. en Ciencia de Datos e Inteligencia de Negocios,5,14,1,1,1,0,20,1,0,0,1,0,0,0,0,ninguno,9,15,9,11.666666666666666,7,8,7,11.714285714285714,0,80.1,0,0,7.6,2.6,0.32,Activo,0,25.0,0,0.0,11.385422227573587,0,0
2025,8,Ing. Comercial,1,1,1,1,1,0,19,1,0,1,0,1,0,0,0,beca,6,7,5,12.0,6,9,4,12.5,1,73.4,1,1,12.4,0.5,1.79,Abandono,1,100.0,0,1.0,11.728382556111148,0,1
2023,1,Ing. Comercio Internacional,2,8,1,1,1,0,20,1,0,0,1,0,1,0,0,ninguno,5,7,4,12.2,5,5,4,11.5,1,80.3,1,1,7.6,2.6,0.32,Activo,0,12.5,0,0.0,11.07596649342914,0,1
2024,7,Lic. en Administración de Empresas,3,1,1,1,1,0,18,1,0,1,1,1,0,0,1,beca,6,6,6,14.833333333333334,6,6,6,14.833333333333334,0,97.1,0,0,8.9,1.4,3.51,Activo,0,87.5,0,0.0,14.194506075173841,0,0
2025,3,Ing. Financiera y de Riesgos,4,1,2,1,1,0,20,1,0,1,1,0,0,0,0,credito,7,9,5,13.188,8,9,7,12.892857142857142,2,56.3,0,0,11.1,0.6,2.02,Activo,0,37.5,0,1.0,12.05563993122928,1,0
2025,7,Lic. en Ciencia de Datos e Inteligencia de Negocios,5,9,1,1,1,0,18,1,0,0,1,0,0,0,0,ninguno,7,8,7,17.125,8,8,8,17.5875,0,83.9,2,1,13.9,-0.3,0.79,Activo,0,87.5,0,0.0,16.44437734275365,0,1
2023,1,Ing. Comercial,1,1,5,1,1,0,19,1,0,0,1,0,1,0,0,ninguno,7,7,6,12.666666666666666,7,7,6,12.666666666666666,1,68.6,0,0,7.6,2.6,0.32,Activo,0,12.5,0,1.0,12.11531712133646,0,0
2024,2,Ing. Comercio Internacional,2,1,6,1,1,0,19,1,0,1,1,0,1,0,0,credito,6,8,6,12.666666666666666,6,10,5,12.0,0,87.9,1,1,12.4,0.5,1.79,Activo,0,25.0,1,0.0,12.00149275430274,0,1
2024,5,Lic. en Administración de Empresas,3,16,1,1,1,0,22,1,0,0,0,1,1,0,0,ninguno,5,8,0,0.0,5,7,0,0.0,5,76.3,0,0,8.9,1.4,3.51,Activo,0,62.5,0,2.0,0.0,1,0
2023,2,Ing. Financiera y de Riesgos,4,1,3,1,1,0,19,1,0,1,1,0,1,0,1,beca,6,7,6,11.333333333333334,6,6,6,11.5,0,90.1,1,1,12.4,0.5,1.79,Activo,0,25.0,0,0.0,10.478802649446397,0,1
2025,8,Lic. en Ciencia de Datos e Inteligencia de Negocios,5,1,3,1,1,0,19,1,0,1,1,0,1,0,0,beca,7,10,7,13.605,8,11,8,12.33125,0,86.9,1,1,15.5,2.8,-4.06,Activo,0,100.0,2,0.0,12.093685824606675,0,1
2024,1,Ing. Comercial,1,8,5,1,1,0,19,1,0,1,1,0,1,0,0,mixto,6,10,5,12.0,6,9,5,10.8,1,82.5,0,0,9.4,-0.8,-3.12,Activo,0,12.5,0,0.0,11.010435041356166,0,0
2024,1,Ing. Comercio Internacional,2,1,4,1,1,0,19,1,0,0,1,0,1,0,0,ninguno,5,10,0,0.0,5,10,0,0.0,5,94.4,2,1,7.6,2.6,0.32,Abandono,1,12.5,1,2.0,0.0,1,1
2024,3,Lic. en Administración de Empresas,3,8,1,1,1,0,20,1,0,0,1,0,1,0,0,ninguno,6,8,5,11.2,6,12,3,11.666666666666666,1,91.2,0,0,7.6,2.6,0.32,Abandono,1,37.5,0,0.0,10.952324378246391,0,0
2023,2,Ing. Financiera y de Riesgos,4,1,1,1,1,0,18,1,0,0,1,0,0,0,0,ninguno,5,10,5,13.375,5,9,5,14.166666666666666,0,100.0,0,0,13.9,-0.3,0.79,Activo,0,25.0,0,0.0,12.963889894367473,0,0
2023,2,Lic. en Ciencia de Datos e Inteligencia de Negocios,5,1,1,1,1,0,20,1,0,1,1,0,0,0,0,credito,7,8,6,13.863333333333337,8,9,7,14.178571428571429,1,55.4,1,1,11.1,0.6,2.02,Activo,0,25.0,0,0.0,13.08532796751738,1,1
2025,4,Ing. Comercial,1,1,1,1,1,0,18,1,0,0,1,0,1,0,1,ninguno,0,0,0,0.0,0,0,0,0.0,0,90.9,0,0,9.4,-0.8,-3.12,Activo,0,50.0,2,0.0,0.0,0,0
2025,6,Ing. Comercio Internacional,2,1,1,1,1,0,19,1,0,0,1,0,0,0,0,ninguno,5,6,5,12.4,5,6,5,13.4,0,81.4,0,0,7.6,2.6,0.32,Activo,0,75.0,0,0.0,11.964219011726055,0,0
2024,5,Lic. en Administración de Empresas,3,8,1,1,1,0,18,1,0,0,1,0,1,0,0,ninguno,6,11,3,12.333333333333334,6,10,5,10.833333333333334,3,79.1,0,0,9.4,-0.8,-3.12,Activo,0,62.5,0,1.0,11.066696227896927,1,0
2025,5,Ing. Financiera y de Riesgos,4,1,1,1,1,0,18,1,0,0,1,0,1,0,0,ninguno,6,7,6,13.333333333333334,6,8,5,11.8,0,64.5,3,1,7.6,2.6,0.32,Activo,0,62.5,0,0.0,11.583177410997827,1,1
2025,2,Lic. en Ciencia de Datos e Inteligencia de Negocios,5,14,1,1,1,0,21,1,0,0,1,0,1,0,0,ninguno,6,10,3,12.666666666666666,6,12,3,10.0,3,90.8,1,1,9.4,-0.8,-3.12,Abandono,1,25.0,2,2.0,10.836451319067,1,1
2025,2,Ing. Comercial,1,1,1,1,1,0,19,1,0,0,1,0,0,0,1,ninguno,6,8,6,12.0,6,10,4,11.5,0,71.9,2,1,7.6,2.6,0.32,Abandono,1,25.0,0,0.0,10.782594922669515,0,1
2024,5,Ing. Comercio Internacional,2,1,1,1,1,0,18,1,0,1,1,0,0,0,0,beca,5,5,5,10.6,5,5,5,11.8,0,78.1,0,0,12.4,0.5,1.79,Activo,0,62.5,0,0.0,10.862518744375127,0,0
2024,1,Lic. en Administración de Empresas,3,8,2,1,1,0,18,1,0,1,1,0,1,0,0,credito,6,8,6,12.25,6,7,6,11.857142857142858,0,85.0,2,1,12.7,3.7,-1.7,Activo,0,12.5,0,0.0,11.257081020402559,0,1
2023,1,Ing. Financiera y de Riesgos,4,1,3,1,1,0,20,1,0,0,1,0,1,0,0,ninguno,6,10,4,11.0,6,9,6,11.833333333333334,2,79.7,0,0,9.4,-0.8,-3.12,Activo,0,12.5,1,1.0,10.744188872980764,1,0
2024,1,Lic. en Ciencia de Datos e Inteligencia de Negocios,5,12,1,0,1,0,24,1,0,1,1,0,0,0,1,beca,6,11,5,11.0,6,9,5,12.6,1,100.0,1,1,11.1,0.6,2.02,Activo,0,12.5,0,0.0,11.16548604601409,0,1
2024,8,Ing. Comercial,1,1,1,1,1,0,19,1,0,0,1,0,0,0,0,ninguno,6,6,6,13.166666666666666,6,9,6,13.0,0,88.1,0,0,10.8,1.4,1.74,Abandono,1,100.0,0,0.0,12.626887313354244,0,0
2025,1,Ing. Comercio Internacional,2,1,1,1,1,0,18,1,0,1,1,0,1,0,0,beca,7,9,7,12.855555555555554,8,12,7,12.761111111111113,0,75.6,0,0,15.5,2.8,-4.06,Activo,0,12.5,0,0.0,12.014416280489788,0,0
2024,1,Lic. en Administración de Empresas,3,1,2,1,1,0,18,1,0,0,1,0,1,0,0,ninguno,7,8,7,14.91875,8,8,8,15.355,0,83.0,1,1,15.5,2.8,-4.06,Activo,0,12.5,0,0.0,14.703308355987584,0,1
2025,1,Ing. Financiera y de Riesgos,4,8,5,1,1,0,21,1,0,0,1,0,1,0,0,ninguno,6,13,4,11.5,6,10,3,11.0,2,89.4,0,0,10.8,1.4,1.74,Abandono,1,12.5,0,1.0,10.563010742810663,1,0
2025,3,Lic. en Ciencia de Datos e Inteligencia de Negocios,5,8,2,1,1,0,19,1,0,0,1,0,0,0,0,ninguno,5,5,5,14.2,5,5,5,14.2,0,98.8,0,0,7.6,2.6,0.32,Activo,0,37.5,0,0.0,13.722728245871824,0,0
2024,6,Ing. Comercial,1,8,1,1,1,0,19,1,0,1,1,0,0,0,0,beca,6,6,6,12.5,6,7,6,13.0,0,81.0,0,0,15.5,2.8,-4.06,Activo,0,75.0,0,0.0,11.78106503415305,0,0
2025,1,Ing. Comercio Internacional,2,12,1,1,1,0,47,3,0,0,1,1,0,0,0,ninguno,1,1,0,0.0,6,0,0,0.0,1,96.9,1,1,8.9,1.4,3.51,Activo,0,12.5,0,0.0,0.0,0,1
2024,1,Lic. en Administración de Empresas,3,8,3,1,1,0,19,1,0,0,1,0,0,0,1,ninguno,6,10,5,11.666666666666666,6,12,4,11.0,1,89.4,1,1,13.9,-0.3,0.79,Activo,0,12.5,0,0.0,10.893523537255467,0,1
2023,5,Ing. Financiera y de Riesgos,4,12,1,1,3,0,29,1,0,0,1,0,0,0,0,ninguno,8,8,7,14.257142857142856,8,8,7,14.257142857142856,1,60.0,0,0,12.7,3.7,-1.7,Activo,0,62.5,0,0.0,13.787525432671643,1,0
2023,5,Lic. en Ciencia de Datos e Inteligencia de Negocios,5,14,1,1,1,0,21,1,0,0,1,0,1,0,0,ninguno,6,13,3,12.0,6,12,2,11.333333333333334,3,66.4,0,0,16.2,0.3,-0.92,Abandono,1,62.5,0,1.0,11.076819188629196,1,0
2023,6,Ing. Comercial,1,12,1,1,1,0,28,1,0,0,1,0,1,0,0,ninguno,5,13,4,11.25,5,11,4,10.5,1,82.3,2,1,12.7,3.7,-1.7,Activo,0,75.0,0,0.0,10.412088830690962,0,1
2025,3,Ing. Comercio Internacional,2,8,2,1,1,0,20,1,0,0,1,0,0,0,1,ninguno,7,8,7,12.457142857142856,8,8,8,13.5625,0,83.0,0,0,15.5,2.8,-4.06,Activo,0,37.5,1,0.0,12.365877065383279,0,0
2025,6,Lic. en Administración de Empresas,3,8,1,1,1,0,19,1,0,0,1,0,1,0,0,ninguno,7,7,6,11.683333333333332,7,7,6,11.683333333333332,1,95.7,1,1,7.6,2.6,0.32,Activo,0,75.0,1,0.0,10.772607467052355,0,1
2025,1,Ing. Financiera y de Riesgos,4,13,1,0,1,0,26,1,0,0,1,0,0,0,1,ninguno,6,10,3,11.666666666666666,6,8,5,12.0,3,74.4,0,0,9.4,-0.8,-3.12,Activo,0,12.5,0,1.0,11.034888938346914,1,0
2024,5,Lic. en Ciencia de Datos e Inteligencia de Negocios,5,8,2,1,1,0,20,1,0,0,0,1,1,0,0,ninguno,6,8,4,11.75,6,6,6,13.166666666666666,2,78.7,0,0,11.1,0.6,2.02,Abandono,1,62.5,0,1.0,11.752359946958755,1,0
2025,2,Ing. Comercial,1,1,1,1,1,0,18,1,0,1,1,0,1,0,0,mixto,5,6,3,11.666666666666666,5,6,4,13.5,2,86.7,2,1,7.6,2.6,0.32,Activo,0,25.0,0,1.0,12.221031108745457,1,1
2023,5,Ing. Comercio Internacional,2,12,1,1,1,0,27,1,0,0,1,0,0,0,0,ninguno,6,9,5,13.2,6,10,5,12.0,1,81.7,0,0,7.6,2.6,0.32,Activo,0,62.5,0,0.0,11.814205524127507,0,0
2023,8,Lic. en Administración de Empresas,3,1,2,1,1,0,20,1,0,0,1,0,1,0,0,ninguno,7,8,4,11.95,7,8,4,11.95,3,77.3,0,0,7.6,2.6,0.32,Abandono,1,100.0,0,1.0,11.533510000982341,1,0
2023,1,Ing. Financiera y de Riesgos,4,1,5,1,1,0,18,1,0,0,1,0,1,0,0,ninguno,6,8,5,12.4,6,12,5,10.4,1,69.8,0,0,9.4,-0.8,-3.12,Abandono,1,12.5,1,1.0,10.549542829826812,0,0
2023,4,Lic. en Ciencia de Datos e Inteligencia de Negocios,5,4,1,1,3,0,33,1,0,0,1,0,0,0,0,ninguno,7,8,6,14.35,8,10,6,14.583333333333334,1,68.3,0,0,16.2,0.3,-0.92,Abandono,1,50.0,1,0.0,13.99162693570956,0,0
2025,7,Ing. Comercial,1,14,1,1,1,0,35,1,0,0,1,0,1,0,0,ninguno,21,21,21,12.61904761904762,19,19,19,12.789473684210526,0,81.1,2,1,12.4,0.5,1.79,Activo,0,87.5,1,0.0,12.112326541804443,0,1
2024,1,Ing. Comercio Internacional,2,15,1,0,14,0,26,1,0,1,1,0,0,0,1,mixto,6,7,6,12.666666666666666,6,7,6,13.166666666666666,0,85.3,1,1,9.4,-0.8,-3.12,Activo,0,12.5,0,0.0,12.371337525044117,0,1
2025,3,Lic. en Administración de Empresas,3,12,1,1,12,0,27,1,0,0,0,1,0,0,1,ninguno,6,6,5,12.0,6,6,0,0.0,1,77.6,3,1,11.1,0.6,2.02,Abandono,1,37.5,0,0.0,5.098830259727601,0,1
2025,5,Ing. Financiera y de Riesgos,4,9,3,1,1,0,19,1,0,0,0,0,1,0,0,ninguno,6,6,6,12.166666666666666,6,6,0,0.0,0,78.8,0,0,15.5,2.8,-4.06,Abandono,1,62.5,0,0.0,5.694752212233947,0,0
2025,5,Lic. en Ciencia de Datos e Inteligencia de Negocios,5,8,2,1,1,0,20,1,0,0,1,0,0,0,0,ninguno,6,0,0,0.0,6,0,0,0.0,6,75.1,0,0,11.1,0.6,2.02,Abandono,1,62.5,0,3.0,0.0,1,0
2024,1,Ing. Comercial,1,9,2,1,1,0,20,1,0,0,0,1,1,0,0,ninguno,5,9,3,10.0,5,9,3,10.571428571428571,2,71.3,1,1,10.8,1.4,1.74,Abandono,1,12.5,0,1.0,9.88627115910414,1,1
2025,3,Ing. Comercio Internacional,2,14,1,1,1,0,21,1,0,0,0,1,0,0,0,ninguno,10,18,8,11.5,6,12,4,10.0,2,76.5,1,1,9.4,-0.8,-3.12,Activo,0,37.5,0,1.0,9.95664291470747,1,1
2025,1,Lic. en Administración de Empresas,3,8,3,1,1,0,18,1,0,1,1,0,1,0,0,mixto,7,7,6,13.05,7,7,6,13.05,1,59.6,1,1,7.6,2.6,0.32,Activo,0,12.5,0,0.0,12.116445310543863,1,1
2024,5,Ing. Financiera y de Riesgos,4,12,1,1,1,0,24,1,0,0,1,0,1,0,0,ninguno,6,10,2,11.0,6,6,0,0.0,4,88.1,1,1,8.9,1.4,3.51,Abandono,1,62.5,0,2.0,4.895774642292922,1,1
2024,1,Lic. en Ciencia de Datos e Inteligencia de Negocios,5,8,4,1,1,0,20,1,0,0,1,0,1,0,1,ninguno,6,7,6,11.5,6,6,6,12.0,0,54.3,0,0,16.2,0.3,-0.92,Activo,0,12.5,3,0.0,11.108335417814517,1,0
2023,8,Ing. Comercial,1,1,1,1,1,0,21,1,0,1,1,0,0,0,1,credito,6,7,6,12.0,6,6,6,12.5,0,69.8,3,1,13.9,-0.3,0.79,Activo,0,100.0,0,0.0,11.300804014462067,0,1
2023,1,Ing. Comercio Internacional,2,1,1,0,1,0,23,1,0,0,1,0,0,0,1,ninguno,6,13,2,10.0,5,12,1,10.0,4,86.3,0,0,9.4,-0.8,-3.12,Activo,0,12.5,1,1.0,9.33530602794545,1,0
2023,3,Lic. en Administración de Empresas,3,12,1,1,1,0,24,1,0,0,1,0,1,0,0,ninguno,5,5,0,0.0,5,5,0,0.0,5,90.9,1,1,7.6,2.6,0.32,Abandono,1,37.5,3,2.0,0.0,1,1
2024,3,Ing. Financiera y de Riesgos,4,16,1,1,1,0,21,1,0,0,1,0,0,0,1,ninguno,6,0,0,0.0,6,0,0,0.0,6,86.7,2,1,12.4,0.5,1.79,Abandono,1,37.5,0,3.0,0.0,1,1
2024,5,Lic. en Ciencia de Datos e Inteligencia de Negocios,5,1,4,1,1,0,18,1,0,0,1,0,1,0,0,ninguno,8,8,7,12.242857142857144,8,8,7,12.242857142857144,1,89.1,0,0,12.7,3.7,-1.7,Activo,0,62.5,1,0.0,11.460396327403078,0,0
2025,3,Ing. Comercial,1,12,1,0,15,0,27,1,0,0,1,0,1,0,1,ninguno,5,0,0,0.0,5,0,0,0.0,5,49.3,2,1,8.9,1.4,3.51,Abandono,1,37.5,0,2.0,0.0,1,1
2023,4,Ing. Comercio Internacional,2,9,6,1,1,0,18,1,0,0,1,0,1,0,1,ninguno,8,8,8,12.93375,8,8,8,12.93375,0,84.3,0,0,9.4,-0.8,-3.12,Activo,0,50.0,0,0.0,12.05897263058094,0,0
2025,2,Lic. en Administración de Empresas,3,4,1,1,3,0,35,1,0,0,1,0,0,0,0,ninguno,5,0,0,0.0,5,0,0,0.0,5,64.3,2,1,13.9,-0.3,0.79,Abandono,1,25.0,1,1.0,0.0,1,1
2024,8,Ing. Financiera y de Riesgos,4,1,1,1,1,0,18,1,0,0,1,0,0,0,0,ninguno,7,9,7,12.571428571428571,7,8,7,14.428571428571429,0,81.4,2,1,11.1,0.6,2.02,Activo,0,100.0,0,0.0,13.14935604307176,0,1
2025,1,Lic. en Ciencia de Datos e Inteligencia de Negocios,5,12,1,1,1,0,35,1,0,0,1,0,0,0,0,ninguno,3,4,3,11.816666666666668,3,3,3,11.333333333333334,0,81.1,1,1,11.1,0.6,2.02,Activo,0,12.5,0,0.0,10.724672131561253,0,1
2024,4,Ing. Comercial,1,1,1,1,1,0,19,1,0,0,1,0,1,0,0,ninguno,5,9,4,13.75,5,13,4,14.333333333333334,1,100.0,0,0,10.8,1.4,1.74,Activo,0,50.0,0,1.0,13.477801686486277,0,0
2024,2,Ing. Comercio Internacional,2,1,4,1,1,0,20,1,0,0,1,0,1,0,1,ninguno,6,8,6,11.166666666666666,6,6,6,11.333333333333334,0,88.8,0,0,7.6,2.6,0.32,Activo,0,25.0,1,0.0,10.879742753433462,0,0
2024,6,Lic. en Administración de Empresas,3,1,4,1,1,0,18,1,0,0,1,0,1,0,0,ninguno,8,8,7,12.324285714285711,8,8,7,12.324285714285711,1,81.5,1,1,10.8,1.4,1.74,Activo,0,75.0,0,0.0,11.580640386605436,0,1
2024,2,Ing. Financiera y de Riesgos,4,15,1,1,14,0,21,1,0,0,1,1,0,0,0,ninguno,6,6,6,12.166666666666666,6,7,6,11.714285714285714,0,64.1,0,0,13.9,-0.3,0.79,Activo,0,25.0,1,0.0,11.02438424307264,1,0
2023,1,Lic. en Ciencia de Datos e Inteligencia de Negocios,5,8,2,1,1,0,18,1,0,1,1,0,0,0,0,beca,6,11,5,11.142857142857142,6,11,4,11.25,1,73.7,0,0,16.2,0.3,-0.92,Activo,0,12.5,0,0.0,10.27500111483878,0,0
2025,3,Ing. Comercial,1,1,1,1,1,0,18,1,0,0,1,0,1,0,1,ninguno,6,9,4,11.0,6,9,4,10.75,2,78.3,2,1,7.6,2.6,0.32,Activo,0,37.5,0,1.0,9.904635567633719,1,1
2025,3,Ing. Comercio Internacional,2,1,2,1,1,0,18,1,0,0,1,0,1,0,0,ninguno,8,8,7,12.914285714285713,8,8,7,12.914285714285713,1,78.3,0,0,12.7,3.7,-1.7,Activo,0,37.5,0,0.0,12.006891892449032,0,0
2025,5,Lic. en Administración de Empresas,3,1,4,1,1,0,18,1,0,1,1,0,1,0,1,beca,6,6,6,13.833333333333334,6,6,6,14.166666666666666,0,78.6,1,1,16.2,0.3,-0.92,Activo,0,62.5,0,0.0,13.698501356458168,0,1
2025,7,Ing. Financiera y de Riesgos,4,1,1,1,1,0,19,1,0,0,1,0,1,0,0,ninguno,6,8,6,13.857142857142858,6,9,5,13.4,0,63.1,2,1,13.9,-0.3,0.79,Activo,0,87.5,1,0.0,13.062402612082057,1,1
2024,6,Lic. en Ciencia de Datos e Inteligencia de Negocios,5,12,1,1,12,0,36,1,0,1,1,0,0,0,0,beca,6,7,6,13.714285714285714,6,6,5,12.8,0,72.4,3,1,16.2,0.3,-0.92,Abandono,1,75.0,2,0.0,12.384163051209004,0,1
2025,2,Ing. Comercial,1,1,2,1,1,0,18,1,0,1,1,0,1,0,0,beca,8,8,7,12.642857142857142,8,8,7,12.642857142857142,1,73.9,0,0,12.7,3.7,-1.7,Activo,0,25.0,0,1.0,12.08648003865821,0,0
2025,6,Ing. Comercio Internacional,2,1,1,1,1,0,18,1,0,1,1,0,0,0,0,beca,7,7,6,12.916666666666666,7,7,6,12.916666666666666,1,69.0,1,1,7.6,2.6,0.32,Activo,0,75.0,1,1.0,12.195582712200872,0,1
2024,2,Lic. en Administración de Empresas,3,14,1,1,1,0,20,1,0,1,1,0,1,0,0,credito,6,8,6,15.625,6,8,6,15.857142857142858,0,94.8,0,0,13.9,-0.3,0.79,Activo,0,25.0,0,0.0,15.016649565409256,0,0
2025,2,Ing. Financiera y de Riesgos,4,12,1,0,1,0,26,1,0,1,1,0,0,0,1,credito,5,7,0,0.0,5,8,0,0.0,5,87.7,1,1,16.2,0.3,-0.92,Abandono,1,25.0,1,2.0,0.0,1,1
2024,8,Lic. en Ciencia de Datos e Inteligencia de Negocios,5,14,1,1,1,0,21,1,0,0,1,0,0,0,0,ninguno,6,8,6,11.714285714285714,6,7,6,12.0,0,100.0,1,1,7.6,2.6,0.32,Activo,0,100.0,0,0.0,10.924011108045956,0,1
2025,3,Ing. Comercial,1,12,1,1,15,0,25,1,0,0,1,0,0,0,0,ninguno,7,10,6,12.125,8,9,8,13.3125,1,85.2,0,0,15.5,2.8,-4.06,Activo,0,37.5,0,0.0,12.066490158229717,0,0
2025,6,Ing. Comercio Internacional,2,9,1,1,1,0,19,1,0,1,1,0,1,0,1,beca,5,7,5,11.6,5,5,5,11.6,0,77.7,3,1,12.4,0.5,1.79,Activo,0,75.0,0,0.0,10.974651055843749,0,1
2025,3,Lic. en Administración de Empresas,3,12,1,0,1,0,24,1,0,0,1,0,1,0,1,ninguno,6,11,1,10.0,6,6,0,0.0,5,92.0,0,0,9.4,-0.8,-3.12,Abandono,1,37.5,0,1.0,4.001740378036673,1,0
2025,2,Ing. Financiera y de Riesgos,4,12,1,0,1,0,27,1,0,1,1,0,0,0,0,beca,6,16,1,10.0,6,13,0,0.0,5,85.5,1,1,8.9,1.4,3.51,Abandono,1,25.0,0,1.0,4.354549745149169,1,1
2023,3,Lic. en Ciencia de Datos e Inteligencia de Negocios,5,8,1,1,1,0,21,1,0,0,1,0,0,0,0,ninguno,5,10,0,0.0,5,9,2,13.5,5,73.5,2,1,7.6,2.6,0.32,Abandono,1,37.5,0,3.0,6.325121223649993,1,1
2024,2,Ing. Comercial,1,1,1,1,1,0,18,1,0,1,1,0,0,0,0,credito,5,7,4,13.0,5,8,3,12.333333333333334,1,88.9,1,1,9.4,-0.8,-3.12,Activo,0,25.0,0,0.0,12.007518070662261,0,1
2025,4,Ing. Comercio Internacional,2,1,4,1,1,0,19,2,0,1,1,0,0,1,0,beca,6,6,6,13.333333333333334,6,6,6,14.5,0,87.6,0,0,10.8,1.4,1.74,Activo,0,50.0,0,0.0,13.046854951802716,0,0
2023,6,Lic. en Administración de Empresas,3,1,3,1,1,0,18,1,0,0,1,0,1,0,0,ninguno,6,9,4,11.25,6,13,2,12.5,2,100.0,0,0,9.4,-0.8,-3.12,Abandono,1,75.0,0,1.0,11.031197771171204,1,0
2023,3,Ing. Financiera y de Riesgos,4,16,1,1,1,0,19,1,0,1,1,0,0,0,0,credito,7,9,5,13.85,8,9,7,12.19285714285714,2,73.9,0,0,11.1,0.6,2.02,Activo,0,37.5,0,1.0,12.16942133585264,1,0
2025,7,Lic. en Ciencia de Datos e Inteligencia de Negocios,5,9,1,1,1,0,19,1,0,1,1,0,1,0,0,mixto,7,8,6,13.741666666666667,8,9,7,14.9125,1,72.5,2,1,16.2,0.3,-0.92,Activo,0,87.5,0,0.0,13.531466684534797,0,1
2024,3,Ing. Comercial,1,4,1,0,17,0,33,2,0,0,1,0,0,0,1,ninguno,6,7,6,15.333333333333334,5,5,5,15.8,0,75.7,2,1,11.1,0.6,2.02,Activo,0,37.5,1,0.0,15.088714186319985,0,1
2025,3,Ing. Comercio Internacional,2,4,1,1,3,0,45,2,0,0,1,0,0,0,1,ninguno,5,6,5,11.0,5,5,5,13.8,0,79.0,0,0,12.4,0.5,1.79,Activo,0,37.5,0,0.0,11.49654113991184,0,0
2024,2,Lic. en Administración de Empresas,3,1,1,1,1,0,20,1,0,1,1,0,0,0,0,credito,6,6,6,12.0,6,7,6,12.857142857142858,0,88.2,0,0,11.1,0.6,2.02,Activo,0,25.0,0,0.0,11.503161002808044,0,0
2023,2,Ing. Financiera y de Riesgos,4,12,2,1,1,0,28,1,0,0,1,0,1,0,0,ninguno,5,5,0,0.0,5,5,0,0.0,5,64.5,1,1,7.6,2.6,0.32,Abandono,1,25.0,1,3.0,0.0,1,1
2024,7,Lic. en Ciencia de Datos e Inteligencia de Negocios,5,14,1,1,1,0,19,1,0,1,1,0,1,0,0,beca,8,15,7,11.571428571428571,8,15,7,11.571428571428571,1,80.0,1,1,12.7,3.7,-1.7,Activo,0,87.5,0,0.0,11.180109625842595,0,1
2024,7,Ing. Comercial,1,1,2,1,1,0,18,1,0,0,1,0,1,0,1,ninguno,6,10,6,12.857142857142858,6,6,3,12.666666666666666,0,91.1,0,0,12.7,3.7,-1.7,Activo,0,87.5,0,0.0,11.778981283892385,0,0
2024,2,Ing. Comercio Internacional,2,12,1,1,3,0,38,1,0,0,1,0,0,0,0,ninguno,6,0,0,0.0,6,0,0,0.0,6,81.7,0,0,15.5,2.8,-4.06,Abandono,1,25.0,0,2.0,0.0,1,0
2024,3,Lic. en Administración de Empresas,3,1,2,1,1,0,19,1,0,0,1,0,0,0,0,ninguno,5,5,5,13.0,5,5,5,13.2,0,71.9,0,0,9.4,-0.8,-3.12,Activo,0,37.5,0,0.0,12.174734696953037,0,0
2025,4,Ing. Financiera y de Riesgos,4,1,1,1,1,0,21,1,0,1,1,0,0,0,0,beca,6,9,5,11.0,6,8,5,12.0,1,82.6,1,1,15.5,2.8,-4.06,Activo,0,50.0,0,1.0,10.579536530762923,0,1
2025,6,Lic. en Ciencia de Datos e Inteligencia de Negocios,5,1,1,1,1,0,21,1,0,0,1,0,0,0,1,ninguno,5,12,3,12.0,5,12,1,15.0,2,90.9,0,0,16.2,0.3,-0.92,Abandono,1,75.0,0,0.0,12.82081922317639,1,0
2024,6,Ing. Comercial,1,1,1,1,1,0,22,1,0,1,1,0,0,0,1,beca,6,6,5,12.6,6,6,6,13.0,1,83.8,2,1,10.8,1.4,1.74,Activo,0,75.0,0,1.0,12.04751878433394,0,1
2025,1,Ing. Comercio Internacional,2,1,1,1,1,0,18,1,0,1,1,0,0,0,0,beca,6,8,5,13.4,6,7,6,13.166666666666666,1,61.0,1,1,9.4,-0.8,-3.12,Activo,0,12.5,1,1.0,12.601579336839784,1,1
2024,8,Lic. en Administración de Empresas,3,8,2,1,1,0,18,1,0,1,1,0,0,1,1,credito,6,9,6,11.333333333333334,6,9,6,11.571428571428571,0,90.8,2,1,15.5,2.8,-4.06,Activo,0,100.0,0,0.0,11.116536507947723,0,1
2025,2,Ing. Financiera y de Riesgos,4,1,1,1,1,0,25,1,0,0,0,0,1,0,1,ninguno,5,14,4,13.5,5,10,4,14.25,1,99.0,0,0,9.4,-0.8,-3.12,Abandono,1,25.0,1,0.0,13.05314784025306,0,0
2025,1,Lic. en Ciencia de Datos e Inteligencia de Negocios,5,12,1,1,12,0,24,1,0,0,0,1,0,0,0,ninguno,6,11,3,11.75,6,14,3,10.333333333333334,3,81.7,0,0,16.2,0.3,-0.92,Abandono,1,12.5,0,2.0,10.387934243331552,1,0
2024,4,Ing. Comercial,1,1,3,1,1,0,19,1,0,0,1,0,1,0,0,ninguno,7,10,6,12.471428571428572,7,8,7,11.4625,1,75.7,1,1,12.4,0.5,1.79,Activo,0,50.0,0,1.0,11.213567933361126,0,1
2025,7,Ing. Comercio Internacional,2,7,1,1,1,0,24,1,0,0,1,0,1,0,0,ninguno,17,19,11,12.909090909090908,13,15,9,13.555555555555555,6,72.7,1,1,12.4,0.5,1.79,Activo,0,87.5,0,2.0,12.580475368840357,1,1
2024,1,Lic. en Administración de Empresas,3,1,2,1,1,0,20,1,0,1,1,0,1,0,1,credito,5,5,5,11.6,5,5,5,13.6,0,91.8,0,0,12.4,0.5,1.79,Activo,0,12.5,2,0.0,11.95573207437428,0,0
2025,6,Ing. Financiera y de Riesgos,4,12,1,1,1,0,25,1,0,0,0,0,0,0,0,ninguno,5,5,0,0.0,5,9,0,0.0,5,86.2,1,1,10.8,1.4,1.74,Abandono,1,75.0,0,1.0,0.0,1,1
2024,1,Lic. en Ciencia de Datos e Inteligencia de Negocios,5,1,1,1,1,0,20,1,0,1,1,0,0,0,1,beca,10,13,9,12.9,10,12,10,12.363636363636363,1,72.0,0,0,8.9,1.4,3.51,Activo,0,12.5,0,0.0,12.136718581219379,0,0
2025,6,Ing. Comercial,1,4,1,1,3,0,23,1,0,0,1,0,0,0,0,ninguno,8,8,8,13.22,8,8,8,13.22,0,82.0,2,1,9.4,-0.8,-3.12,Activo,0,75.0,0,0.0,12.80880311563923,0,1
2023,2,Ing. Comercio Internacional,2,8,3,1,1,0,19,1,0,1,1,0,1,0,0,credito,8,8,7,13.151428571428571,8,8,7,13.151428571428571,1,88.8,2,1,10.8,1.4,1.74,Activo,0,25.0,0,0.0,12.71446216449083,0,1
2024,1,Lic. en Administración de Empresas,3,15,1,1,14,0,29,1,0,0,0,1,0,0,0,ninguno,6,13,3,12.75,6,8,3,11.333333333333334,3,58.7,0,0,13.9,-0.3,0.79,Abandono,1,12.5,0,1.0,11.060582500372455,1,0
2025,5,Ing. Financiera y de Riesgos,4,1,3,1,1,0,21,1,0,0,1,0,1,0,0,ninguno,6,8,6,11.333333333333334,6,8,4,12.25,0,72.3,0,0,11.1,0.6,2.02,Activo,0,62.5,0,0.0,11.384487254626128,0,0
2023,2,Lic. en Ciencia de Datos e Inteligencia de Negocios,5,1,1,1,1,0,18,1,0,1,1,0,1,0,0,credito,6,10,6,13.25,6,13,5,14.142857142857142,0,91.4,1,1,11.1,0.6,2.02,Activo,0,25.0,0,0.0,13.207939274414926,0,1
2025,4,Ing. Comercial,1,1,3,1,1,0,19,1,0,0,1,0,1,0,0,ninguno,6,7,5,12.4,6,6,5,12.4,1,90.4,1,1,9.4,-0.8,-3.12,Activo,0,50.0,0,0.0,11.686587239582991,0,1
2025,4,Ing. Comercio Internacional,2,1,3,1,1,0,18,1,0,1,1,0,1,0,0,beca,6,6,6,15.0,6,6,6,12.833333333333334,0,83.3,1,1,8.9,1.4,3.51,Abandono,1,50.0,1,0.0,13.189541663301018,0,1
2024,7,Lic. en Administración de Empresas,3,1,1,1,1,0,19,1,0,0,1,0,0,0,0,ninguno,5,6,5,14.4,5,6,5,13.0,0,82.8,0,0,7.6,2.6,0.32,Activo,0,87.5,0,0.0,13.292218109179318,0,0
2025,8,Ing. Financiera y de Riesgos,4,1,1,1,1,0,18,1,0,0,1,0,1,0,0,ninguno,6,12,1,11.0,6,12,0,0.0,5,86.4,0,0,9.4,-0.8,-3.12,Activo,0,100.0,0,2.0,4.644397801950351,1,0
2024,1,Lic. en Ciencia de Datos e Inteligencia de Negocios,5,8,1,1,1,0,18,1,0,0,1,0,0,0,0,ninguno,5,8,5,12.4,5,6,5,10.8,0,81.9,0,0,8.9,1.4,3.51,Activo,0,12.5,0,0.0,10.750357992461025,0,0
2024,1,Ing. Comercial,1,12,1,1,12,0,37,2,0,1,0,1,1,0,0,beca,7,13,1,16.0,7,12,0,0.0,6,66.6,2,1,8.9,1.4,3.51,Abandono,1,12.5,0,3.0,7.533877607057276,1,1
2025,6,Ing. Comercio Internacional,2,8,1,0,15,0,29,1,0,0,1,0,0,0,0,ninguno,5,10,5,13.571428571428571,5,14,5,12.333333333333334,0,91.6,0,0,16.2,0.3,-0.92,Activo,0,75.0,0,0.0,12.45031454050813,0,0
2024,1,Lic. en Administración de Empresas,3,8,3,1,1,0,18,1,0,0,1,0,0,0,1,ninguno,6,6,6,11.833333333333334,6,6,6,12.5,0,74.3,0,0,7.6,2.6,0.32,Activo,0,12.5,1,0.0,11.21007516084502,0,0
2025,3,Ing. Financiera y de Riesgos,4,1,1,1,1,0,19,1,0,1,1,0,1,0,0,beca,6,8,5,11.666666666666666,6,9,5,12.666666666666666,1,92.8,0,0,12.4,0.5,1.79,Activo,0,37.5,0,0.0,11.288696654481031,0,0
2024,2,Lic. en Ciencia de Datos e Inteligencia de Negocios,5,14,1,1,1,0,22,1,0,0,0,1,1,0,0,ninguno,10,16,6,11.833333333333334,7,8,2,13.0,4,79.8,2,1,16.2,0.3,-0.92,Abandono,1,25.0,0,2.0,11.628208743522901,1,1
2025,4,Ing. Comercial,1,1,1,1,1,0,20,1,0,1,1,0,0,0,1,beca,6,8,6,11.166666666666666,6,10,5,10.6,0,100.0,1,1,15.5,2.8,-4.06,Activo,0,50.0,0,0.0,10.525770078275912,0,1
2023,1,Ing. Comercio Internacional,2,12,1,0,1,0,34,1,0,0,1,0,0,0,0,ninguno,6,0,0,0.0,6,0,0,0.0,6,73.4,3,1,12.7,3.7,-1.7,Abandono,1,12.5,1,1.0,0.0,1,1
2025,8,Lic. en Administración de Empresas,3,14,1,1,1,0,30,1,0,0,0,1,0,0,0,ninguno,12,17,8,11.75,12,19,6,12.166666666666666,4,82.4,0,0,7.6,2.6,0.32,Abandono,1,100.0,0,2.0,11.266822022879554,1,0
2024,1,Ing. Financiera y de Riesgos,4,1,1,1,1,0,18,1,0,0,1,0,0,0,0,ninguno,6,7,6,14.0,6,7,6,14.0,0,64.7,0,0,10.8,1.4,1.74,Activo,0,12.5,0,0.0,13.568812098411357,1,0
2023,3,Lic. en Ciencia de Datos e Inteligencia de Negocios,5,1,1,1,1,0,18,1,0,0,1,0,0,0,1,ninguno,6,6,6,12.833333333333334,6,6,6,12.0,0,98.0,0,0,12.4,0.5,1.79,Activo,0,37.5,0,0.0,11.80290805919091,0,0
2025,4,Ing. Comercial,1,1,2,1,1,0,18,1,0,0,1,0,1,0,0,ninguno,6,11,4,12.25,6,10,3,11.666666666666666,2,93.8,0,0,9.4,-0.8,-3.12,Activo,0,50.0,0,1.0,11.23761521909125,1,0
2023,1,Ing. Comercio Internacional,2,8,4,1,1,0,18,1,0,0,1,0,1,0,1,ninguno,8,8,7,14.828571428571427,8,8,7,14.828571428571427,1,98.6,1,1,12.7,3.7,-1.7,Activo,0,12.5,0,0.0,14.299407752490648,0,1
2024,2,Lic. en Administración de Empresas,3,1,2,1,1,0,19,1,0,1,1,0,1,0,0,beca,6,7,5,11.4,6,8,5,12.8,1,76.4,0,0,12.7,3.7,-1.7,Activo,0,25.0,0,0.0,11.25333862673466,0,0
2024,4,Ing. Financiera y de Riesgos,4,1,1,1,1,0,19,1,0,1,1,0,1,0,0,beca,6,6,6,13.0,6,8,6,12.5,0,70.9,0,0,10.8,1.4,1.74,Activo,0,50.0,0,0.0,11.861685292852837,0,0
2023,2,Lic. en Ciencia de Datos e Inteligencia de Negocios,5,1,5,1,1,0,18,1,0,1,1,0,0,0,0,credito,8,8,7,13.671428571428573,8,8,7,13.671428571428573,1,97.6,0,0,12.7,3.7,-1.7,Activo,0,25.0,0,1.0,13.144901942824724,0,0
2024,5,Ing. Comercial,1,15,1,1,14,0,21,1,0,1,1,0,0,0,0,mixto,6,9,6,12.666666666666666,6,8,5,12.8,0,81.0,2,1,13.9,-0.3,0.79,Activo,0,62.5,0,0.0,11.846273325188614,0,1
2025,3,Ing. Comercio Internacional,2,1,2,1,1,0,20,1,0,0,0,0,1,0,0,ninguno,5,10,2,10.0,5,12,1,13.0,3,78.0,0,0,7.6,2.6,0.32,Abandono,1,37.5,0,1.0,11.12749640372789,1,0
2023,4,Lic. en Administración de Empresas,3,8,1,1,1,0,20,1,0,0,1,0,1,0,0,ninguno,5,10,5,13.5,5,8,5,12.333333333333334,0,100.0,2,1,13.9,-0.3,0.79,Activo,0,50.0,0,0.0,12.030256297630809,0,1
2025,2,Ing. Financiera y de Riesgos,4,1,1,1,1,0,19,1,0,0,1,0,0,0,1,ninguno,7,8,7,12.67,8,8,8,13.55,0,68.6,0,0,11.1,0.6,2.02,Activo,0,25.0,0,0.0,12.703074697832667,0,0
2023,2,Lic. en Ciencia de Datos e Inteligencia de Negocios,5,1,1,1,1,0,20,1,0,0,1,0,0,0,1,ninguno,6,8,6,14.5,6,7,6,15.428571428571429,0,71.2,0,0,16.2,0.3,-0.92,Activo,0,25.0,0,0.0,14.606236707528907,0,0
2024,7,Ing. Comercial,1,8,3,1,1,0,18,1,0,0,1,0,1,0,1,ninguno,7,7,7,13.685714285714283,8,8,8,15.3875,0,83.5,2,1,13.9,-0.3,0.79,Activo,0,87.5,1,0.0,13.787364359748434,0,1
2025,3,Ing. Comercio Internacional,2,13,1,1,1,0,20,1,0,0,1,0,0,0,0,ninguno,6,8,5,11.0,6,10,3,10.666666666666666,1,84.3,2,1,12.7,3.7,-1.7,Abandono,1,37.5,0,0.0,10.202977177304627,0,1
2024,5,Lic. en Administración de Empresas,3,4,1,1,3,0,29,2,0,0,0,1,0,0,0,ninguno,9,16,7,11.555555555555555,7,12,5,13.2,2,87.1,3,1,7.6,2.6,0.32,Abandono,1,62.5,0,1.0,11.442254357488794,1,1
2023,1,Ing. Financiera y de Riesgos,4,1,1,1,1,0,18,1,0,1,1,0,0,0,0,beca,7,7,7,13.79714285714286,8,8,8,13.775,0,100.0,0,0,12.4,0.5,1.79,Activo,0,12.5,0,0.0,13.231838991307836,0,0
2025,5,Lic. en Ciencia de Datos e Inteligencia de Negocios,5,1,1,1,1,0,20,1,0,1,1,0,1,0,0,credito,7,8,7,14.00375,8,11,7,13.812857142857142,0,98.9,1,1,15.5,2.8,-4.06,Activo,0,62.5,0,0.0,13.407296987022232,0,1
2024,4,Ing. Comercial,1,7,2,1,1,0,22,1,0,1,1,0,1,0,0,mixto,5,8,4,12.0,5,8,4,11.4,1,100.0,0,0,16.2,0.3,-0.92,Activo,0,50.0,0,0.0,11.04948556569906,0,0
2023,2,Ing. Comercio Internacional,2,1,1,0,1,0,47,4,0,1,1,0,1,0,1,beca,6,9,5,14.166666666666666,6,7,6,14.166666666666666,1,81.1,0,0,16.2,0.3,-0.92,Activo,0,25.0,1,0.0,13.547504336628602,0,0
2023,1,Lic. en Administración de Empresas,3,16,1,0,1,0,31,2,0,0,1,0,0,0,1,ninguno,5,5,5,14.0,5,5,5,13.8,0,67.4,0,0,8.9,1.4,3.51,Activo,0,12.5,0,0.0,13.35890036764797,0,0
2025,2,Ing. Financiera y de Riesgos,4,1,1,1,1,0,21,1,0,1,1,0,0,0,1,beca,6,7,5,13.8,6,6,6,12.833333333333334,1,72.1,0,0,16.2,0.3,-0.92,Activo,0,25.0,0,0.0,12.531047757577836,0,0
2025,5,Lic. en Ciencia de Datos e Inteligencia de Negocios,5,1,1,0,1,0,21,1,0,0,1,0,0,0,1,ninguno,6,8,5,12.8,6,10,6,11.857142857142858,1,69.1,2,1,7.6,2.6,0.32,Activo,0,62.5,0,0.0,11.496878144831694,0,1
2024,8,Ing. Comercial,1,12,1,1,9,0,24,2,0,0,1,0,0,0,0,ninguno,6,6,6,12.166666666666666,6,6,6,13.833333333333334,0,83.8,2,1,7.6,2.6,0.32,Activo,0,100.0,0,0.0,12.102911221678905,0,1
2023,2,Ing. Comercio Internacional,2,8,1,1,1,0,18,1,0,0,1,0,0,0,0,ninguno,6,8,6,12.5,6,6,6,12.333333333333334,0,80.4,1,1,15.5,2.8,-4.06,Activo,0,25.0,1,0.0,11.435667043369428,0,1
2025,2,Lic. en Administración de Empresas,3,12,1,0,11,0,32,1,0,0,1,0,0,0,1,ninguno,6,9,4,12.0,6,12,4,11.5,2,74.3,0,0,7.6,2.6,0.32,Activo,0,25.0,2,1.0,11.263340665507247,1,0
2025,2,Ing. Financiera y de Riesgos,4,9,2,0,1,0,19,1,0,1,1,0,1,0,1,mixto,6,8,6,10.833333333333334,6,9,6,11.5,0,70.2,2,1,10.8,1.4,1.74,Activo,0,25.0,0,0.0,10.365401228923695,0,1
2024,7,Lic. en Ciencia de Datos e Inteligencia de Negocios,5,12,1,1,1,0,24,1,0,0,1,0,1,0,1,ninguno,8,8,8,13.385,8,8,8,13.385,0,95.8,1,1,9.4,-0.8,-3.12,Activo,0,87.5,0,0.0,12.809019235152977,0,1
2024,1,Ing. Comercial,1,8,4,1,1,0,19,1,0,0,1,0,1,0,0,ninguno,6,14,6,15.666666666666666,6,9,6,14.5,0,65.2,0,0,15.5,2.8,-4.06,Activo,0,12.5,0,0.0,14.309375952967557,0,0
2023,1,Ing. Comercio Internacional,2,15,1,1,14,0,19,1,0,1,1,1,0,0,0,beca,6,9,6,14.333333333333334,6,7,6,13.833333333333334,0,87.6,0,0,13.9,-0.3,0.79,Activo,0,12.5,0,0.0,13.45014615008888,0,0
2023,1,Lic. en Administración de Empresas,3,15,1,1,14,0,24,1,0,0,1,0,0,0,0,ninguno,6,10,6,11.428571428571429,6,12,5,13.0,0,78.1,0,0,12.4,0.5,1.79,Activo,0,12.5,0,0.0,11.218644542348162,0,0
2024,1,Ing. Financiera y de Riesgos,4,8,4,1,1,0,18,1,0,1,1,0,1,0,0,beca,6,9,6,11.666666666666666,6,8,6,11.666666666666666,0,77.2,0,0,8.9,1.4,3.51,Activo,0,12.5,0,0.0,10.85643517161314,0,0
2024,2,Lic. en Ciencia de Datos e Inteligencia de Negocios,5,1,1,1,1,0,19,1,0,1,1,0,1,0,0,credito,6,9,5,12.0,6,10,2,11.333333333333334,1,98.4,0,0,8.9,1.4,3.51,Abandono,1,25.0,0,0.0,10.699922756362641,0,0
2023,5,Ing. Comercial,1,1,1,1,1,0,19,2,0,1,1,0,0,0,0,credito,8,8,7,14.725714285714288,8,8,7,14.725714285714288,1,81.3,1,1,10.8,1.4,1.74,Activo,0,62.5,1,0.0,13.841235601077457,0,1
2025,2,Ing. Comercio Internacional,2,8,2,1,1,0,18,1,0,1,1,0,1,0,1,beca,6,6,6,14.166666666666666,6,6,6,13.666666666666666,0,76.3,0,0,12.4,0.5,1.79,Activo,0,25.0,1,0.0,12.984635958852307,0,0
2025,3,Lic. en Administración de Empresas,3,1,1,1,1,0,18,1,0,0,1,0,1,0,0,ninguno,6,10,6,11.571428571428571,6,8,6,12.333333333333334,0,75.1,2,1,12.4,0.5,1.79,Activo,0,37.5,0,0.0,11.08228751433068,0,1
2024,1,Ing. Financiera y de Riesgos,4,8,4,1,1,0,20,1,0,0,1,0,1,0,1,ninguno,7,7,7,12.5,8,8,8,13.1375,0,79.2,2,1,12.4,0.5,1.79,Activo,0,12.5,0,0.0,12.197338608736862,0,1
2024,1,Lic. en Ciencia de Datos e Inteligencia de Negocios,5,1,1,1,1,0,18,1,0,0,1,0,0,0,0,ninguno,8,10,8,12.86,8,10,8,12.86,0,85.1,1,1,9.4,-0.8,-3.12,Activo,0,12.5,0,0.0,12.383748082657181,0,1
2023,4,Ing. Comercial,1,8,4,1,1,0,18,1,0,0,1,0,1,0,0,ninguno,6,10,6,12.25,6,9,6,13.714285714285714,0,85.5,1,1,11.1,0.6,2.02,Activo,0,50.0,1,0.0,12.422918734327492,0,1
2023,2,Ing. Comercio Internacional,2,1,2,1,1,0,21,1,0,1,1,0,1,0,1,credito,5,7,4,12.0,5,5,5,12.2,1,72.5,1,1,10.8,1.4,1.74,Activo,0,25.0,1,0.0,11.785834637152034,0,1
2023,3,Lic. en Administración de Empresas,3,1,1,1,1,0,18,1,0,1,1,0,0,0,1,beca,7,9,7,15.116666666666667,8,9,8,16.168888888888887,0,82.6,3,1,15.5,2.8,-4.06,Activo,0,37.5,0,0.0,14.97598256055251,0,1
2025,2,Ing. Financiera y de Riesgos,4,16,1,1,1,0,18,1,0,0,0,1,0,0,0,ninguno,5,6,2,12.5,5,6,4,10.25,3,91.0,1,1,9.4,-0.8,-3.12,Abandono,1,25.0,1,1.0,10.721459539810715,1,1
2023,6,Lic. en Ciencia de Datos e Inteligencia de Negocios,5,8,2,1,1,0,19,1,0,0,1,0,1,0,0,ninguno,6,11,0,0.0,6,0,0,0.0,6,82.3,2,1,9.4,-0.8,-3.12,Abandono,1,75.0,1,3.0,0.0,1,1
2024,3,Ing. Comercial,1,1,1,1,1,0,19,1,0,0,1,0,1,0,1,ninguno,6,8,4,11.0,6,9,4,11.0,2,57.3,0,0,10.8,1.4,1.74,Activo,0,37.5,0,1.0,10.018178142519556,1,0
2024,4,Ing. Comercio Internacional,2,8,4,1,1,0,18,1,0,0,1,0,1,0,0,ninguno,6,8,6,11.875,6,11,4,14.6,0,81.0,2,1,11.1,0.6,2.02,Activo,0,50.0,1,0.0,12.299482197581613,0,1
2024,3,Lic. en Administración de Empresas,3,12,1,1,3,0,34,1,0,0,1,0,1,0,1,ninguno,5,6,1,11.0,5,5,0,0.0,4,92.8,1,1,12.7,3.7,-1.7,Abandono,1,37.5,2,2.0,5.086801055168925,1,1
2024,1,Ing. Financiera y de Riesgos,4,1,3,1,1,0,19,1,0,0,1,0,0,0,0,ninguno,5,5,5,15.2,5,6,5,13.2,0,83.8,2,1,7.6,2.6,0.32,Activo,0,12.5,1,0.0,13.641782234910877,0,1
2024,4,Lic. en Ciencia de Datos e Inteligencia de Negocios,5,15,1,1,14,0,19,1,0,0,0,1,1,0,1,ninguno,6,7,5,11.6,6,12,2,11.0,1,82.8,0,0,12.4,0.5,1.79,Abandono,1,50.0,0,0.0,10.703230674375718,0,0
2023,7,Ing. Comercial,1,16,1,1,1,0,26,1,0,0,1,1,0,0,0,ninguno,6,6,6,14.833333333333334,6,7,6,15.142857142857142,0,63.4,1,1,11.1,0.6,2.02,Activo,0,87.5,1,0.0,14.435722195599084,1,1
2024,7,Ing. Comercio Internacional,2,8,1,1,1,0,21,1,0,0,1,0,1,0,0,ninguno,6,12,3,11.333333333333334,6,10,3,11.333333333333334,3,79.0,3,1,7.6,2.6,0.32,Abandono,1,87.5,1,1.0,10.474386158810596,1,1
2023,8,Lic. en Administración de Empresas,3,8,2,1,1,0,18,1,0,1,1,0,0,0,1,credito,5,5,5,11.2,5,5,5,11.8,0,77.1,1,1,11.1,0.6,2.02,Activo,0,100.0,1,0.0,10.83317363109269,0,1
2025,2,Ing. Financiera y de Riesgos,4,8,4,1,1,0,20,1,0,1,1,0,1,0,0,beca,6,8,5,13.4,6,9,5,13.666666666666666,1,78.5,3,1,9.4,-0.8,-3.12,Activo,0,25.0,0,0.0,12.832863461453195,0,1
2024,8,Lic. en Ciencia de Datos e Inteligencia de Negocios,5,16,1,1,1,0,25,1,0,0,1,0,0,0,0,ninguno,5,12,2,10.5,5,5,0,0.0,3,83.5,0,0,11.1,0.6,2.02,Abandono,1,100.0,1,1.0,4.352890508708452,1,0
2024,6,Ing. Comercial,1,1,1,1,1,0,18,1,0,0,1,0,0,0,0,ninguno,5,5,5,16.2,5,5,5,16.4,0,86.2,0,0,11.1,0.6,2.02,Activo,0,75.0,0,0.0,15.435850292609246,0,0
2023,2,Ing. Comercio Internacional,2,1,1,1,1,0,18,1,0,1,1,0,1,0,0,credito,7,7,7,14.542857142857144,8,11,8,14.88181818181818,0,77.1,2,1,16.2,0.3,-0.92,Activo,0,25.0,2,0.0,14.319789596363453,0,1
2024,1,Lic. en Administración de Empresas,3,1,1,1,1,0,19,1,0,0,1,0,0,0,0,ninguno,7,7,7,13.694285714285714,8,9,8,14.355555555555554,0,79.9,0,0,11.1,0.6,2.02,Activo,0,12.5,0,0.0,13.225180426062089,0,0
2024,5,Ing. Financiera y de Riesgos,4,1,1,1,1,0,18,1,0,1,1,0,0,0,1,beca,6,8,6,11.285714285714286,6,10,6,11.857142857142858,0,78.1,0,0,12.4,0.5,1.79,Activo,0,62.5,0,0.0,10.966623281197148,0,0
2024,1,Lic. en Ciencia de Datos e Inteligencia de Negocios,5,8,1,1,1,0,20,1,0,0,1,0,0,0,0,ninguno,7,11,6,11.757142857142856,8,12,6,13.083333333333334,1,94.1,0,0,15.5,2.8,-4.06,Activo,0,12.5,0,0.0,11.913983863094344,0,0
2025,6,Ing. Comercial,1,4,1,1,15,0,26,1,0,0,0,1,0,0,0,ninguno,3,3,0,0.0,6,0,0,0.0,3,70.4,0,0,8.9,1.4,3.51,Abandono,1,75.0,0,1.0,0.0,1,0
2025,8,Ing. Comercio Internacional,2,13,1,1,1,0,19,1,0,1,1,0,1,0,0,beca,8,8,7,13.058571428571428,8,8,7,13.058571428571428,1,90.3,0,0,10.8,1.4,1.74,Activo,0,100.0,0,1.0,12.417496736329612,0,0
2024,2,Lic. en Administración de Empresas,3,1,1,1,1,0,19,1,0,0,1,0,0,0,0,ninguno,7,7,7,14.3,8,9,8,14.055555555555555,0,91.6,0,0,16.2,0.3,-0.92,Activo,0,25.0,1,0.0,13.628972101270605,0,0
2024,6,Ing. Financiera y de Riesgos,4,14,4,1,1,0,19,1,0,0,1,0,0,0,0,ninguno,10,15,5,11.8,10,14,8,12.0,5,70.8,2,1,7.6,2.6,0.32,Activo,0,75.0,1,2.0,11.42394087222652,1,1
2025,2,Lic. en Ciencia de Datos e Inteligencia de Negocios,5,3,3,1,1,0,19,1,0,0,1,0,1,0,0,ninguno,5,9,3,10.333333333333334,5,8,3,13.0,2,79.7,0,0,7.6,2.6,0.32,Activo,0,25.0,0,1.0,10.880396455948798,1,0
2024,1,Ing. Comercial,1,1,1,1,1,0,18,1,0,0,1,0,1,0,0,ninguno,6,7,6,10.571428571428571,6,11,3,11.666666666666666,0,70.4,0,0,16.2,0.3,-0.92,Activo,0,12.5,0,0.0,10.280407847926707,0,0
2024,2,Ing. Comercio Internacional,2,14,1,1,6,0,19,1,0,0,1,0,1,0,1,ninguno,7,7,6,13.333333333333334,7,7,6,13.333333333333334,1,81.5,1,1,7.6,2.6,0.32,Activo,0,25.0,0,1.0,12.861980670012736,0,1
2025,3,Lic. en Administración de Empresas,3,1,1,1,1,0,18,1,0,0,1,1,0,0,1,ninguno,6,10,6,11.857142857142858,6,9,5,11.0,0,100.0,0,0,13.9,-0.3,0.79,Activo,0,37.5,0,0.0,11.093958222895886,0,0
2025,2,Ing. Financiera y de Riesgos,4,1,1,1,1,0,18,1,0,0,1,0,1,0,0,ninguno,6,9,5,12.6,6,8,5,11.4,1,76.0,0,0,9.4,-0.8,-3.12,Activo,0,25.0,1,0.0,11.105873109604335,0,0
2025,2,Lic. en Ciencia de Datos e Inteligencia de Negocios,5,1,1,1,1,0,18,1,0,0,1,0,1,0,0,ninguno,5,11,5,14.0,5,7,5,11.6,0,66.3,0,0,9.4,-0.8,-3.12,Activo,0,25.0,0,0.0,12.493028181156989,0,0
2023,7,Ing. Comercial,1,1,1,1,1,0,18,1,0,0,1,0,1,0,0,ninguno,7,12,5,12.0,7,9,6,12.666666666666666,2,81.0,0,0,11.1,0.6,2.02,Activo,0,87.5,0,1.0,11.377354587588302,1,0
2024,1,Ing. Comercio Internacional,2,15,1,1,14,0,26,1,0,0,1,1,0,0,0,ninguno,5,6,0,0.0,5,5,0,0.0,5,73.7,1,1,16.2,0.3,-0.92,Abandono,1,12.5,1,1.0,0.0,1,1
2023,1,Lic. en Administración de Empresas,3,1,1,1,1,0,20,1,0,0,1,0,1,0,0,ninguno,6,7,6,12.0,6,7,6,13.0,0,78.2,1,1,12.4,0.5,1.79,Activo,0,12.5,0,0.0,11.974707355359076,0,1
2024,2,Ing. Financiera y de Riesgos,4,1,1,0,1,0,19,1,0,0,1,0,0,0,0,ninguno,6,6,6,12.666666666666666,6,6,6,11.666666666666666,0,70.3,1,1,12.7,3.7,-1.7,Activo,0,25.0,0,0.0,11.69413212996295,0,1
2025,1,Lic. en Ciencia de Datos e Inteligencia de Negocios,5,1,1,1,1,0,18,1,0,1,1,0,1,0,0,credito,6,6,6,12.166666666666666,6,9,6,13.666666666666666,0,100.0,1,1,9.4,-0.8,-3.12,Activo,0,12.5,0,0.0,12.610362701681533,0,1
2025,5,Ing. Comercial,1,15,1,1,14,0,19,1,0,0,1,0,0,0,0,ninguno,6,6,6,13.333333333333334,6,6,6,14.666666666666666,0,72.2,1,1,13.9,-0.3,0.79,Activo,0,62.5,0,0.0,13.535170008092386,0,1
2025,8,Ing. Comercio Internacional,2,4,1,1,15,0,40,1,0,0,1,1,0,0,1,ninguno,7,8,7,15.0,7,7,7,14.571428571428571,0,90.4,1,1,12.4,0.5,1.79,Activo,0,100.0,1,0.0,14.389304474652286,0,1
2025,1,Lic. en Administración de Empresas,3,1,4,1,1,0,18,1,0,1,1,0,1,0,0,beca,8,8,8,13.39125,8,8,8,13.39125,0,83.1,3,1,9.4,-0.8,-3.12,Activo,0,12.5,0,0.0,12.662733645493798,0,1
2023,4,Ing. Financiera y de Riesgos,4,8,1,1,1,0,19,1,0,0,1,0,0,0,0,ninguno,6,9,5,12.166666666666666,6,8,6,12.428571428571429,1,93.3,2,1,13.9,-0.3,0.79,Activo,0,50.0,0,0.0,11.881037135603387,0,1
2025,5,Lic. en Ciencia de Datos e Inteligencia de Negocios,5,8,1,1,1,0,18,1,0,0,1,0,0,0,1,ninguno,5,9,4,11.25,5,6,4,12.5,1,84.1,1,1,7.6,2.6,0.32,Activo,0,62.5,1,0.0,11.204959113724367,0,1
2023,5,Ing. Comercial,1,1,1,1,1,0,19,1,0,0,1,0,1,0,1,ninguno,5,13,4,12.0,5,8,3,12.0,1,72.6,0,0,9.4,-0.8,-3.12,Activo,0,62.5,0,0.0,11.286918504358871,0,0
2025,3,Ing. Comercio Internacional,2,1,1,1,1,0,18,1,0,0,1,0,1,0,0,ninguno,0,0,0,0.0,0,0,0,0.0,0,79.7,0,0,15.5,2.8,-4.06,Abandono,1,37.5,3,0.0,0.0,0,0
2024,2,Lic. en Administración de Empresas,3,12,1,0,1,0,33,2,0,0,1,0,1,0,0,ninguno,6,7,6,12.833333333333334,6,8,6,12.857142857142858,0,92.5,1,1,12.4,0.5,1.79,Activo,0,25.0,0,0.0,12.520692630924993,0,1
2024,1,Ing. Financiera y de Riesgos,4,12,1,1,3,0,35,1,0,0,1,0,0,0,0,ninguno,6,10,6,14.0,6,11,6,13.1,0,86.6,0,0,16.2,0.3,-0.92,Activo,0,12.5,0,0.0,13.223922283570063,0,0
2024,1,Lic. en Ciencia de Datos e Inteligencia de Negocios,5,13,1,1,1,0,26,1,0,0,1,0,1,0,0,ninguno,5,5,4,13.0,5,7,2,12.0,1,97.1,0,0,9.4,-0.8,-3.12,Activo,0,12.5,1,0.0,12.181556867464257,0,0
2025,1,Ing. Comercial,1,1,1,1,1,0,18,1,0,0,1,0,1,0,1,ninguno,6,7,6,13.5,6,8,6,12.5,0,74.7,3,1,9.4,-0.8,-3.12,Activo,0,12.5,0,0.0,12.182612733004417,0,1
2023,4,Ing. Comercio Internacional,2,14,1,1,1,0,36,1,0,0,1,0,0,0,0,ninguno,16,24,13,10.692307692307692,13,19,9,12.307692307692308,3,81.3,1,1,15.5,2.8,-4.06,Activo,0,50.0,1,1.0,10.97739320662999,1,1
2024,4,Lic. en Administración de Empresas,3,12,1,0,1,0,39,4,0,0,1,0,0,0,0,ninguno,5,6,5,11.0,5,9,5,11.666666666666666,0,91.8,2,1,10.8,1.4,1.74,Activo,0,50.0,0,0.0,10.475923203155968,0,1
2024,6,Ing. Financiera y de Riesgos,4,12,1,1,1,0,44,2,0,0,1,0,0,0,0,ninguno,6,8,6,13.0,6,6,6,13.833333333333334,0,79.6,1,1,12.7,3.7,-1.7,Activo,0,75.0,0,0.0,12.814453689976673,0,1
2025,8,Lic. en Ciencia de Datos e Inteligencia de Negocios,5,1,2,0,1,0,20,1,0,0,1,0,0,0,0,ninguno,6,10,5,12.0,6,9,4,11.25,1,85.2,0,0,9.4,-0.8,-3.12,Activo,0,100.0,0,0.0,11.007901329419026,0,0
2024,2,Ing. Comercial,1,1,1,1,1,0,24,1,0,0,1,0,1,0,0,ninguno,6,9,4,12.6,6,6,4,11.5,2,74.0,1,1,12.7,3.7,-1.7,Abandono,1,25.0,0,1.0,11.390982178243299,1,1
2023,1,Ing. Comercio Internacional,2,14,1,1,1,0,20,1,0,1,1,0,0,0,0,beca,6,6,6,13.666666666666666,6,6,6,13.333333333333334,0,76.7,0,0,12.4,0.5,1.79,Activo,0,12.5,0,0.0,12.700877980537427,0,0
2023,4,Lic. en Administración de Empresas,3,1,4,1,1,0,19,1,0,0,0,0,1,0,0,ninguno,0,0,0,0.0,0,0,0,0.0,0,58.9,0,0,9.4,-0.8,-3.12,Abandono,1,50.0,0,0.0,0.0,1,0
2024,2,Ing. Financiera y de Riesgos,4,1,1,1,1,0,18,2,0,1,1,1,0,0,0,beca,7,7,6,14.2,7,7,6,14.2,1,77.4,3,1,7.6,2.6,0.32,Activo,0,25.0,0,1.0,13.814888855326531,0,1
2025,1,Lic. en Ciencia de Datos e Inteligencia de Negocios,5,1,1,1,1,0,22,1,0,0,0,1,0,0,1,ninguno,6,10,5,11.0,6,12,0,0.0,1,71.3,1,1,10.8,1.4,1.74,Abandono,1,12.5,1,0.0,4.810759865365977,0,1
2024,1,Ing. Comercial,1,8,1,1,1,0,18,1,0,0,1,0,1,0,1,ninguno,6,7,6,15.0,6,7,6,16.428571428571427,0,80.7,1,1,11.1,0.6,2.02,Activo,0,12.5,1,0.0,15.185401378015795,0,1
2024,2,Ing. Comercio Internacional,2,12,1,1,12,0,24,1,0,0,1,0,0,0,0,ninguno,7,9,6,12.585714285714284,8,9,7,13.44285714285714,1,83.9,2,1,13.9,-0.3,0.79,Activo,0,25.0,0,0.0,12.404541794718087,0,1
2025,4,Lic. en Administración de Empresas,3,12,1,0,1,0,33,1,0,0,1,0,0,0,0,ninguno,5,0,0,0.0,5,0,0,0.0,5,81.1,0,0,12.7,3.7,-1.7,Abandono,1,50.0,1,2.0,0.0,1,0
2024,1,Ing. Financiera y de Riesgos,4,12,1,1,1,0,30,1,0,1,1,1,0,0,0,credito,6,6,0,0.0,6,6,0,0.0,6,91.2,1,1,11.1,0.6,2.02,Activo,0,12.5,1,3.0,0.0,1,1
2025,8,Lic. en Ciencia de Datos e Inteligencia de Negocios,5,12,1,1,17,0,26,1,0,0,1,0,0,0,0,ninguno,6,0,0,0.0,6,0,0,0.0,6,85.5,0,0,8.9,1.4,3.51,Abandono,1,100.0,1,2.0,0.0,1,0
2023,6,Ing. Comercial,1,8,4,1,1,0,18,1,0,0,1,0,1,0,0,ninguno,6,7,6,11.666666666666666,6,10,6,11.833333333333334,0,68.5,0,0,10.8,1.4,1.74,Activo,0,75.0,1,0.0,11.06905999852046,0,0
2024,1,Ing. Comercio Internacional,2,1,1,1,1,0,19,1,0,0,1,1,0,0,0,ninguno,6,13,3,12.666666666666666,6,12,2,10.0,3,67.4,1,1,10.8,1.4,1.74,Abandono,1,12.5,1,1.0,10.515475872978064,1,1
2023,4,Lic. en Administración de Empresas,3,8,4,1,1,0,20,1,0,0,1,0,1,0,1,ninguno,5,10,3,10.333333333333334,5,9,4,11.0,2,78.6,0,0,16.2,0.3,-0.92,Activo,0,50.0,0,1.0,9.872511034268534,1,0
2024,1,Ing. Financiera y de Riesgos,4,17,1,1,16,0,22,1,0,1,1,0,1,0,0,beca,11,18,8,13.5,9,16,7,13.714285714285714,3,100.0,0,0,8.9,1.4,3.51,Activo,0,12.5,1,1.0,12.933209932876824,1,0
2025,7,Lic. en Ciencia de Datos e Inteligencia de Negocios,5,1,4,1,1,0,19,1,0,0,1,0,1,0,0,ninguno,7,8,5,13.98,7,8,5,13.98,2,85.5,0,0,7.6,2.6,0.32,Activo,0,87.5,0,1.0,13.204767885398205,1,0
2023,6,Ing. Comercial,1,1,1,1,1,0,21,1,0,1,1,0,1,0,0,beca,6,13,6,16.153846153846153,6,10,6,15.75,0,87.4,1,1,15.5,2.8,-4.06,Activo,0,75.0,0,0.0,15.040431355332247,0,1
2025,6,Ing. Comercio Internacional,2,1,4,1,1,0,21,1,0,1,1,0,1,0,0,beca,7,7,6,14.033333333333331,7,7,6,14.033333333333331,1,66.7,0,0,7.6,2.6,0.32,Activo,0,75.0,0,1.0,13.430743431881613,0,0
2023,3,Lic. en Administración de Empresas,3,8,1,1,1,0,19,1,0,0,1,0,0,0,0,ninguno,5,8,1,11.0,5,6,5,11.2,4,80.0,0,0,7.6,2.6,0.32,Activo,0,37.5,0,1.0,10.511065849075845,1,0
2025,8,Ing. Financiera y de Riesgos,4,1,1,1,1,0,19,1,0,1,1,0,1,0,0,beca,7,8,7,13.857142857142858,7,8,6,13.666666666666666,0,84.6,0,0,8.9,1.4,3.51,Activo,0,100.0,0,0.0,12.926932827308097,0,0
2025,1,Lic. en Ciencia de Datos e Inteligencia de Negocios,5,1,6,1,1,0,18,1,0,0,1,0,1,0,0,ninguno,8,8,7,13.414285714285716,8,8,7,13.414285714285716,1,78.3,0,0,12.7,3.7,-1.7,Abandono,1,12.5,1,0.0,12.70649802835632,0,0
2024,1,Ing. Comercial,1,14,1,0,1,0,50,2,0,0,1,0,0,0,1,ninguno,11,11,11,13.545454545454543,7,7,7,13.571428571428571,0,85.5,1,1,16.2,0.3,-0.92,Activo,0,12.5,0,0.0,13.208736812285746,0,1
2023,8,Ing. Comercio Internacional,2,12,1,0,1,0,31,4,0,1,1,0,0,0,1,mixto,5,11,4,11.25,5,10,4,10.833333333333334,1,79.6,0,0,13.9,-0.3,0.79,Activo,0,100.0,2,0.0,10.117188255682912,0,0
2024,4,Lic. en Administración de Empresas,3,8,1,1,1,0,19,1,0,1,1,0,0,0,1,beca,6,6,6,13.833333333333334,6,7,6,14.428571428571429,0,75.7,2,1,15.5,2.8,-4.06,Activo,0,50.0,0,0.0,13.809404209386033,0,1
2024,1,Ing. Financiera y de Riesgos,4,12,1,0,1,0,35,4,0,0,1,0,0,0,1,ninguno,5,8,5,12.0,5,9,5,12.857142857142858,0,80.4,3,1,13.9,-0.3,0.79,Activo,0,12.5,0,0.0,11.604693979224608,0,1
2025,7,Lic. en Ciencia de Datos e Inteligencia de Negocios,5,12,1,1,12,0,31,2,0,0,1,0,0,0,0,ninguno,6,0,0,0.0,6,0,0,0.0,6,75.4,3,1,12.7,3.7,-1.7,Abandono,1,87.5,0,1.0,0.0,1,1
2025,1,Ing. Comercial,1,16,1,0,12,0,42,2,0,0,1,1,0,0,0,ninguno,11,14,10,11.9,11,14,10,12.8,1,87.3,2,1,11.1,0.6,2.02,Activo,0,12.5,0,0.0,11.38282224030265,0,1
2025,4,Ing. Comercio Internacional,2,9,4,1,1,0,34,1,0,0,0,0,1,0,1,ninguno,5,5,0,0.0,5,0,0,0.0,5,79.2,0,0,9.4,-0.8,-3.12,Abandono,1,50.0,0,3.0,0.0,1,0
2025,1,Lic. en Administración de Empresas,3,1,1,1,1,0,18,1,0,1,1,0,1,0,0,beca,7,7,7,15.135714285714286,8,8,8,15.287499999999998,0,90.9,0,0,12.4,0.5,1.79,Activo,0,12.5,0,0.0,14.493807340307999,0,0
2023,1,Ing. Financiera y de Riesgos,4,8,1,1,1,0,18,1,0,1,0,0,1,0,1,credito,7,7,7,12.285714285714286,7,8,6,13.333333333333334,0,78.6,2,1,8.9,1.4,3.51,Activo,0,12.5,0,0.0,12.210035410084874,0,1
2025,1,Lic. en Ciencia de Datos e Inteligencia de Negocios,5,15,1,1,14,0,21,1,0,0,1,0,1,0,0,ninguno,6,16,5,12.666666666666666,6,15,2,13.5,1,83.5,1,1,16.2,0.3,-0.92,Activo,0,12.5,2,1.0,12.551890264931652,0,1
2023,4,Ing. Comercial,1,12,1,1,12,0,26,4,0,1,1,0,0,0,0,credito,7,13,5,12.74,8,12,6,10.978571428571428,2,63.1,0,0,16.2,0.3,-0.92,Abandono,1,50.0,0,1.0,11.496062722076363,1,0
2024,5,Ing. Comercio Internacional,2,14,1,1,1,0,20,1,0,0,1,0,0,0,0,ninguno,7,8,6,13.25,8,8,8,13.75,1,98.1,0,0,13.9,-0.3,0.79,Activo,0,62.5,0,0.0,12.806142116230083,0,0
2023,3,Lic. en Administración de Empresas,3,1,1,1,1,0,19,1,0,0,1,0,0,0,0,ninguno,6,13,3,10.333333333333334,6,12,3,10.333333333333334,3,86.3,1,1,7.6,2.6,0.32,Activo,0,37.5,1,1.0,9.698004825361105,1,1
2024,2,Ing. Financiera y de Riesgos,4,1,1,1,1,0,19,1,0,1,1,0,0,0,1,beca,6,7,6,13.428571428571429,6,6,6,13.166666666666666,0,98.3,2,1,15.5,2.8,-4.06,Activo,0,25.0,0,0.0,12.924430926913331,0,1
2023,2,Lic. en Ciencia de Datos e Inteligencia de Negocios,5,17,1,1,16,0,20,1,0,0,1,0,0,0,0,ninguno,11,19,9,12.555555555555555,9,14,8,11.11111111111111,2,81.5,0,0,8.9,1.4,3.51,Activo,0,25.0,2,1.0,11.104590678365375,1,0
2023,7,Ing. Comercial,1,1,1,1,1,0,19,1,0,0,1,0,0,0,1,ninguno,6,8,6,11.5,6,7,6,11.166666666666666,0,89.7,1,1,7.6,2.6,0.32,Activo,0,87.5,0,0.0,10.516766149156275,0,1
2025,6,Ing. Comercio Internacional,2,1,1,1,1,0,18,1,0,0,1,0,0,0,0,ninguno,6,6,6,13.666666666666666,6,9,6,12.333333333333334,0,95.0,2,1,7.6,2.6,0.32,Activo,0,75.0,0,0.0,12.162905189262446,0,1
2024,2,Lic. en Administración de Empresas,3,12,1,0,3,0,28,1,0,0,1,0,0,0,0,ninguno,14,16,11,11.272727272727272,11,16,10,12.0,3,56.0,0,0,10.8,1.4,1.74,Activo,0,25.0,0,1.0,10.702602404579938,1,0
2023,1,Ing. Financiera y de Riesgos,4,8,1,1,1,0,22,1,0,0,1,0,1,0,1,ninguno,6,10,5,13.166666666666666,6,8,5,12.4,1,77.5,1,1,15.5,2.8,-4.06,Activo,0,12.5,2,0.0,12.196703814011189,0,1
2023,1,Lic. en Ciencia de Datos e Inteligencia de Negocios,5,15,1,0,14,0,21,1,0,1,1,0,0,0,1,credito,6,6,6,14.666666666666666,6,6,6,14.166666666666666,0,89.1,0,0,13.9,-0.3,0.79,Activo,0,12.5,0,0.0,13.44951572863117,0,0
2024,1,Ing. Comercial,1,15,1,1,14,0,21,1,0,0,1,0,1,0,0,ninguno,6,11,4,12.75,6,19,1,11.0,2,83.1,0,0,12.4,0.5,1.79,Activo,0,12.5,0,1.0,10.96919941644212,1,0
2023,5,Ing. Comercio Internacional,2,12,1,1,1,0,26,1,0,0,1,0,0,1,1,ninguno,7,11,5,11.2,8,13,5,12.14,2,94.0,0,0,16.2,0.3,-0.92,Activo,0,62.5,2,1.0,11.162448900283243,1,0
2025,2,Lic. en Administración de Empresas,3,1,6,1,1,0,18,1,0,0,0,1,1,0,1,ninguno,6,8,5,13.0,6,8,5,11.4,1,73.7,0,0,7.6,2.6,0.32,Abandono,1,25.0,0,1.0,11.788501873855378,0,0
2024,4,Ing. Financiera y de Riesgos,4,8,2,1,1,0,20,1,0,0,0,0,0,0,0,ninguno,5,8,2,10.5,5,8,2,12.333333333333334,3,79.5,0,0,7.6,2.6,0.32,Abandono,1,50.0,0,1.0,10.81189408937706,1,0
2024,8,Lic. en Ciencia de Datos e Inteligencia de Negocios,5,8,2,1,1,0,18,1,0,0,1,0,0,0,1,ninguno,6,7,6,14.857142857142858,6,7,6,14.0,0,92.9,1,1,11.1,0.6,2.02,Activo,0,100.0,2,0.0,13.847242333002253,0,1
2024,7,Ing. Comercial,1,1,4,1,1,0,19,1,0,1,1,0,1,0,1,beca,8,11,7,12.86,8,11,7,12.86,1,77.0,0,0,10.8,1.4,1.74,Activo,0,87.5,0,0.0,12.156996486268156,0,0
2023,5,Ing. Comercio Internacional,2,16,1,1,1,0,20,1,0,0,1,0,1,0,0,ninguno,11,12,11,11.727272727272728,11,14,11,12.0,0,86.3,1,1,12.4,0.5,1.79,Activo,0,62.5,0,0.0,11.15526600100694,0,1
2025,5,Lic. en Administración de Empresas,3,15,1,1,14,0,22,1,0,1,1,0,1,0,0,mixto,6,11,6,13.142857142857142,6,10,3,12.0,0,58.9,0,0,13.9,-0.3,0.79,Activo,0,62.5,0,0.0,11.746437682362588,1,0
2023,2,Ing. Financiera y de Riesgos,4,8,1,1,1,0,18,1,0,0,1,1,1,0,0,ninguno,6,6,5,11.8,6,9,4,13.714285714285714,1,85.1,0,0,10.8,1.4,1.74,Abandono,1,25.0,0,1.0,12.10021989339893,0,0
2023,5,Lic. en Ciencia de Datos e Inteligencia de Negocios,5,8,1,1,1,0,19,1,0,0,1,0,1,0,0,ninguno,5,10,3,10.666666666666666,5,9,0,0.0,2,86.9,0,0,16.2,0.3,-0.92,Abandono,1,62.5,1,1.0,4.959957484674797,1,0
2025,7,Ing. Comercial,1,8,4,1,1,0,18,1,0,1,1,0,0,0,1,mixto,6,9,5,11.6,6,8,4,11.2,1,65.2,0,0,8.9,1.4,3.51,Activo,0,87.5,2,0.0,10.499196065112825,0,0
2023,1,Ing. Comercio Internacional,2,8,1,1,1,0,20,1,0,0,1,0,1,0,0,ninguno,6,13,3,10.333333333333334,6,12,3,10.333333333333334,3,65.9,1,1,10.8,1.4,1.74,Activo,0,12.5,1,1.0,9.816498125103703,1,1
2025,4,Lic. en Administración de Empresas,3,1,1,1,1,0,19,1,0,0,1,0,1,1,0,ninguno,6,11,4,12.25,6,11,3,11.0,2,83.7,1,1,7.6,2.6,0.32,Activo,0,50.0,1,0.0,10.645091777785385,1,1
2024,7,Ing. Financiera y de Riesgos,4,1,1,1,1,0,19,1,0,0,1,0,0,0,1,ninguno,6,6,6,12.0,6,7,4,12.75,0,84.3,0,0,12.4,0.5,1.79,Activo,0,87.5,0,0.0,11.99249792392416,0,0
2023,1,Lic. en Ciencia de Datos e Inteligencia de Negocios,5,8,1,1,1,0,19,1,0,0,1,0,1,0,0,ninguno,8,8,7,14.731428571428571,8,8,7,14.731428571428571,1,76.6,0,0,10.8,1.4,1.74,Activo,0,12.5,0,1.0,13.76065275086582,0,0
2025,5,Ing. Comercial,1,1,1,1,1,0,18,1,0,0,1,0,1,0,0,ninguno,0,0,0,0.0,0,0,0,0.0,0,84.6,1,1,12.7,3.7,-1.7,Activo,0,62.5,1,0.0,0.0,0,1
2024,1,Ing. Comercio Internacional,2,4,1,1,15,0,21,1,0,0,1,0,1,0,1,ninguno,13,14,13,13.615384615384617,12,12,12,14.25,0,71.2,1,1,13.9,-0.3,0.79,Activo,0,12.5,0,0.0,13.470967011129368,0,1
2025,6,Lic. en Administración de Empresas,3,12,1,0,15,0,27,1,0,0,1,0,0,0,1,ninguno,5,5,5,15.8,5,5,5,14.8,0,76.9,0,0,8.9,1.4,3.51,Activo,0,75.0,0,0.0,14.967394040539421,0,0
2025,8,Ing. Financiera y de Riesgos,4,8,1,1,1,0,19,1,0,0,1,0,0,0,1,ninguno,6,6,6,14.666666666666666,6,7,6,14.571428571428571,0,85.5,1,1,15.5,2.8,-4.06,Activo,0,100.0,0,0.0,13.825468416400323,0,1
2025,7,Lic. en Ciencia de Datos e Inteligencia de Negocios,5,12,1,1,1,0,25,4,0,0,1,0,0,0,1,ninguno,5,5,0,0.0,5,5,0,0.0,5,72.5,3,1,7.6,2.6,0.32,Abandono,1,87.5,0,1.0,0.0,1,1
2024,6,Ing. Comercial,1,1,2,1,1,0,18,1,0,1,1,0,1,0,0,credito,8,8,7,14.654285714285717,8,8,7,14.654285714285717,1,74.9,2,1,10.8,1.4,1.74,Activo,0,75.0,0,1.0,14.05043595701453,0,1
2025,8,Ing. Comercio Internacional,2,12,1,1,3,0,24,1,0,0,1,0,0,0,1,ninguno,8,8,7,12.401428571428571,8,8,7,12.401428571428571,1,70.2,1,1,10.8,1.4,1.74,Activo,0,100.0,0,1.0,11.45146311889887,0,1
2023,5,Lic. en Administración de Empresas,3,1,3,1,1,0,20,1,0,0,1,0,1,0,1,ninguno,7,8,7,11.5875,8,9,7,14.071428571428571,0,97.8,0,0,13.9,-0.3,0.79,Activo,0,62.5,0,0.0,12.116254935485365,0,0
2024,3,Ing. Financiera y de Riesgos,4,4,1,0,15,0,26,1,0,0,1,0,0,0,0,ninguno,5,5,5,14.0,5,5,5,15.6,0,84.9,1,1,12.4,0.5,1.79,Activo,0,37.5,1,0.0,14.058995005187434,0,1
2025,1,Lic. en Ciencia de Datos e Inteligencia de Negocios,5,1,1,1,1,0,20,1,0,1,1,0,1,0,0,beca,6,9,6,12.333333333333334,6,6,6,11.833333333333334,0,74.8,1,1,8.9,1.4,3.51,Activo,0,12.5,1,0.0,11.191539892142796,0,1
2024,3,Ing. Comercial,1,1,1,1,1,0,18,1,0,0,1,0,0,0,0,ninguno,5,5,5,14.0,5,6,5,15.4,0,79.9,0,0,7.6,2.6,0.32,Activo,0,37.5,0,0.0,14.192239856463711,0,0
2024,1,Ing. Comercio Internacional,2,1,1,1,1,0,19,1,0,0,1,0,1,0,0,ninguno,6,13,6,15.23076923076923,6,10,6,12.375,0,84.1,0,0,15.5,2.8,-4.06,Activo,0,12.5,1,0.0,13.254898610455276,0,0
2025,5,Lic. en Administración de Empresas,3,1,1,1,1,0,23,1,0,0,1,0,1,0,0,ninguno,6,9,5,11.6,6,9,3,11.0,1,79.7,0,0,12.7,3.7,-1.7,Abandono,1,62.5,0,0.0,10.36583365656375,0,0
2024,1,Ing. Financiera y de Riesgos,4,1,4,1,1,0,18,1,0,1,1,0,1,0,1,credito,7,7,6,11.6,7,7,6,11.6,1,96.3,0,0,7.6,2.6,0.32,Activo,0,12.5,0,0.0,10.669325552772865,0,0
2023,1,Lic. en Ciencia de Datos e Inteligencia de Negocios,5,1,4,1,1,0,18,1,0,0,1,0,0,0,0,ninguno,7,0,0,0.0,8,0,0,0.0,7,70.7,0,0,12.7,3.7,-1.7,Abandono,1,12.5,1,2.0,0.0,1,0
2025,6,Ing. Comercial,1,1,1,1,1,0,19,1,0,1,1,0,0,0,0,beca,7,7,7,12.901428571428571,8,9,8,13.094444444444443,0,79.5,0,0,11.1,0.6,2.02,Activo,0,75.0,0,0.0,12.066649686427338,0,0
2025,6,Ing. Comercio Internacional,2,13,1,0,1,0,30,1,0,0,1,0,0,0,1,ninguno,7,9,7,14.142857142857142,5,5,5,14.8,0,84.7,0,0,7.6,2.6,0.32,Activo,0,75.0,0,0.0,14.08226814620522,0,0
2025,1,Lic. en Administración de Empresas,3,15,1,1,14,0,29,1,0,0,1,0,1,0,1,ninguno,6,0,0,0.0,6,0,0,0.0,6,76.5,1,1,15.5,2.8,-4.06,Abandono,1,12.5,0,1.0,0.0,1,1
2025,1,Ing. Financiera y de Riesgos,4,1,6,1,1,0,19,1,0,0,1,0,1,0,0,ninguno,8,8,8,13.25375,8,8,8,13.25375,0,72.9,0,0,9.4,-0.8,-3.12,Activo,0,12.5,0,0.0,12.666863065323284,0,0
2024,1,Lic. en Ciencia de Datos e Inteligencia de Negocios,5,8,6,1,1,0,20,1,0,0,1,0,1,0,0,ninguno,7,7,7,13.785714285714286,8,8,8,14.1,0,57.0,0,0,12.4,0.5,1.79,Activo,0,12.5,0,0.0,12.949296193694988,1,0
2023,3,Ing. Comercial,1,1,1,1,1,0,20,1,0,0,1,0,0,0,0,ninguno,7,7,6,13.916666666666666,7,7,6,13.916666666666666,1,63.4,3,1,7.6,2.6,0.32,Activo,0,37.5,0,0.0,13.286069991636506,1,1
2023,1,Ing. Comercio Internacional,2,1,4,1,1,0,19,1,0,0,1,0,1,0,0,ninguno,6,8,6,13.5,6,9,6,13.571428571428571,0,89.9,0,0,11.1,0.6,2.02,Activo,0,12.5,0,0.0,12.848029027962731,0,0
2023,4,Lic. en Administración de Empresas,3,8,1,1,1,0,20,1,0,0,1,0,1,0,0,ninguno,5,8,3,11.333333333333334,5,12,2,10.666666666666666,2,68.0,0,0,10.8,1.4,1.74,Activo,0,50.0,0,1.0,10.32915755932024,1,0
2023,4,Ing. Financiera y de Riesgos,4,1,2,1,1,0,21,3,0,0,1,0,1,0,0,ninguno,5,8,0,0.0,5,12,0,0.0,5,78.9,3,1,10.8,1.4,1.74,Abandono,1,50.0,1,2.0,0.0,1,1
2024,5,Lic. en Ciencia de Datos e Inteligencia de Negocios,5,8,1,1,1,0,19,1,0,0,1,0,0,0,0,ninguno,6,10,5,11.5,6,9,4,14.6,1,98.8,0,0,11.1,0.6,2.02,Activo,0,62.5,0,0.0,12.697484537774958,0,0
2025,6,Ing. Comercial,1,1,3,1,1,0,18,1,0,1,1,0,1,0,0,mixto,8,8,7,12.082857142857142,8,8,7,12.082857142857142,1,81.4,0,0,10.8,1.4,1.74,Activo,0,75.0,1,0.0,11.1559012815758,0,0
2023,1,Ing. Comercio Internacional,2,12,1,0,1,0,27,1,0,1,1,0,0,0,1,beca,6,8,6,11.833333333333334,6,10,5,12.8,0,72.8,0,0,15.5,2.8,-4.06,Activo,0,12.5,0,0.0,11.454793597898266,0,0
2025,5,Lic. en Administración de Empresas,3,8,2,1,1,0,19,1,0,1,1,0,1,0,0,credito,5,6,5,13.4,5,5,5,12.4,0,66.5,0,0,12.4,0.5,1.79,Activo,0,62.5,2,0.0,12.502331253608231,0,0
2023,1,Ing. Financiera y de Riesgos,4,1,1,1,1,0,19,1,0,1,1,0,0,0,0,credito,7,7,0,0.0,7,7,0,0.0,7,94.0,1,1,7.6,2.6,0.32,Abandono,1,12.5,1,3.0,0.0,1,1
2024,6,Lic. en Ciencia de Datos e Inteligencia de Negocios,5,1,1,1,1,0,19,1,0,0,1,0,1,0,0,ninguno,6,7,5,14.2,6,7,6,14.571428571428571,1,80.9,1,1,15.5,2.8,-4.06,Activo,0,75.0,0,1.0,13.647621619478858,0,1
2024,1,Ing. Comercial,1,1,6,1,1,0,18,1,0,1,1,0,1,0,1,beca,8,8,7,13.814285714285717,8,8,7,13.814285714285717,1,95.3,0,0,12.7,3.7,-1.7,Activo,0,12.5,0,0.0,13.22788506274338,0,0
2024,3,Ing. Comercio Internacional,2,8,1,1,1,0,20,1,0,1,1,0,0,0,0,mixto,6,10,4,11.25,6,6,6,10.5,2,76.8,0,0,12.4,0.5,1.79,Activo,0,37.5,1,1.0,10.397185195633107,1,0
2024,4,Lic. en Administración de Empresas,3,1,1,1,1,0,18,1,0,1,1,0,0,0,1,credito,6,6,6,14.5,6,8,6,13.666666666666666,0,79.7,0,0,12.7,3.7,-1.7,Activo,0,50.0,0,0.0,13.181523184881769,0,0
2024,3,Ing. Financiera y de Riesgos,4,1,5,1,1,0,19,1,0,0,1,0,1,0,1,ninguno,6,0,0,0.0,6,0,0,0.0,6,82.1,1,1,7.6,2.6,0.32,Abandono,1,37.5,0,3.0,0.0,1,1
2025,2,Lic. en Ciencia de Datos e Inteligencia de Negocios,5,12,1,1,12,0,36,2,0,0,1,0,1,0,0,ninguno,7,7,6,11.3,7,7,6,11.3,1,90.2,0,0,7.6,2.6,0.32,Activo,0,25.0,0,0.0,10.616582063371604,0,0
2024,1,Ing. Comercial,1,14,1,1,1,0,18,1,0,0,1,0,0,0,0,ninguno,2,2,0,0.0,4,4,1,16.0,2,66.2,0,0,10.8,1.4,1.74,Activo,0,12.5,0,1.0,7.273302026271075,1,0
2024,2,Ing. Comercio Internacional,2,14,1,1,1,0,18,1,0,0,1,1,1,0,0,ninguno,5,11,1,12.0,5,9,3,12.0,4,89.8,1,1,12.7,3.7,-1.7,Activo,0,25.0,0,2.0,11.636253672542473,1,1
2023,4,Lic. en Administración de Empresas,3,8,6,1,1,0,19,1,0,0,1,0,1,0,0,ninguno,8,9,7,12.3,8,9,7,12.3,1,88.9,1,1,12.7,3.7,-1.7,Activo,0,50.0,0,0.0,11.668256167362166,0,1
2024,4,Ing. Financiera y de Riesgos,4,1,5,1,1,0,18,1,0,1,1,0,1,0,1,beca,8,8,7,12.694285714285714,8,8,7,12.694285714285714,1,55.8,0,0,10.8,1.4,1.74,Activo,0,50.0,0,0.0,12.258695509335723,1,0
2025,7,Lic. en Ciencia de Datos e Inteligencia de Negocios,5,8,1,1,1,0,18,1,0,0,1,0,0,0,0,ninguno,5,5,4,11.0,5,5,4,11.0,1,91.2,0,0,9.4,-0.8,-3.12,Activo,0,87.5,0,0.0,10.554131424693821,0,0
2023,7,Ing. Comercial,1,1,1,1,1,0,19,1,0,1,1,0,1,0,1,beca,6,6,6,13.0,6,6,6,14.166666666666666,0,96.1,1,1,12.4,0.5,1.79,Activo,0,87.5,0,0.0,12.820420559732526,0,1
2024,7,Ing. Comercio Internacional,2,1,1,1,1,0,19,1,0,1,1,0,0,0,1,beca,7,8,7,14.4125,8,8,8,16.05,0,73.2,1,1,13.9,-0.3,0.79,Activo,0,87.5,0,0.0,14.293370693715998,0,1
2023,3,Lic. en Administración de Empresas,3,1,2,1,1,0,18,1,0,0,1,0,1,0,0,ninguno,7,8,7,12.92875,8,8,8,14.0625,0,67.2,1,1,15.5,2.8,-4.06,Abandono,1,37.5,0,0.0,12.912995372665158,0,1
2025,8,Ing. Financiera y de Riesgos,4,1,2,1,1,0,20,1,0,0,1,0,1,0,1,ninguno,6,6,6,13.333333333333334,6,10,5,12.8,0,78.8,2,1,11.1,0.6,2.02,Activo,0,100.0,1,0.0,12.621242175558134,0,1
2025,3,Lic. en Ciencia de Datos e Inteligencia de Negocios,5,1,3,1,1,0,20,1,0,1,1,0,1,0,0,credito,6,8,5,12.8,6,9,5,12.8,1,71.5,1,1,12.4,0.5,1.79,Activo,0,37.5,0,0.0,12.045877143934343,0,1
2024,3,Ing. Comercial,1,9,1,1,1,0,20,1,0,0,1,0,1,0,0,ninguno,8,8,7,14.402857142857142,8,8,7,14.402857142857142,1,75.1,3,1,10.8,1.4,1.74,Activo,0,37.5,0,1.0,13.49302621041192,0,1
2024,4,Ing. Comercio Internacional,2,1,4,1,1,0,18,1,0,1,1,0,1,0,0,beca,8,8,7,13.381428571428572,8,8,7,13.381428571428572,1,76.0,1,1,10.8,1.4,1.74,Activo,0,50.0,0,0.0,12.557605410642829,0,1
2024,4,Lic. en Administración de Empresas,3,1,2,1,1,0,18,1,0,0,1,0,1,0,1,ninguno,7,8,7,14.13125,8,8,8,13.98375,0,68.2,2,1,15.5,2.8,-4.06,Activo,0,50.0,0,0.0,13.14936993862439,0,1
2025,3,Ing. Financiera y de Riesgos,4,8,4,1,1,0,19,1,0,0,1,0,0,0,0,ninguno,5,11,5,11.714285714285714,5,6,5,12.6,0,79.7,0,0,9.4,-0.8,-3.12,Activo,0,37.5,0,0.0,11.481554587435298,0,0
2023,6,Lic. en Ciencia de Datos e Inteligencia de Negocios,5,1,3,1,1,0,19,1,0,0,1,0,1,0,0,ninguno,5,5,5,11.8,5,8,4,11.25,0,76.0,0,0,9.4,-0.8,-3.12,Activo,0,75.0,0,0.0,10.698686628941566,0,0
2025,2,Ing. Comercial,1,12,1,0,1,0,44,2,0,0,1,0,0,0,1,ninguno,6,9,6,11.166666666666666,6,15,2,11.0,0,76.9,1,1,7.6,2.6,0.32,Activo,0,25.0,0,0.0,10.685288141782078,0,1
2023,1,Ing. Comercio Internacional,2,4,1,1,3,0,32,1,0,0,1,0,0,0,0,ninguno,6,7,0,0.0,6,6,0,0.0,6,83.5,0,0,12.4,0.5,1.79,Abandono,1,12.5,0,2.0,0.0,1,0
2023,3,Lic. en Administración de Empresas,3,14,1,1,1,0,22,1,0,0,1,0,0,0,0,ninguno,6,9,5,13.6,6,8,5,12.0,1,65.5,0,0,12.7,3.7,-1.7,Abandono,1,37.5,0,0.0,12.227315584862936,0,0
2025,1,Ing. Financiera y de Riesgos,4,12,1,1,1,0,36,2,0,0,1,0,1,0,0,ninguno,12,14,12,13.846153846153848,12,18,11,14.090909090909092,0,72.0,0,0,8.9,1.4,3.51,Activo,0,12.5,0,0.0,13.310624446159245,0,0
2023,2,Lic. en Ciencia de Datos e Inteligencia de Negocios,5,8,1,1,1,0,18,1,0,1,1,0,0,0,0,beca,6,7,6,12.5,6,8,6,13.333333333333334,0,84.7,0,0,16.2,0.3,-0.92,Activo,0,25.0,0,0.0,11.966313214486892,0,0
2023,6,Ing. Comercial,1,1,1,1,1,0,20,1,0,0,1,0,1,0,0,ninguno,5,5,5,16.4,5,5,5,14.6,0,85.5,0,0,12.7,3.7,-1.7,Activo,0,75.0,0,0.0,14.587992407844478,0,0
2023,2,Ing. Comercio Internacional,2,16,1,1,1,0,20,1,0,1,1,0,0,0,0,credito,11,11,11,13.818181818181818,11,11,11,13.454545454545457,0,88.3,0,0,11.1,0.6,2.02,Activo,0,25.0,0,0.0,13.242195791761208,0,0
2024,4,Lic. en Administración de Empresas,3,8,1,1,1,0,19,1,0,0,1,0,0,0,1,ninguno,6,8,5,10.6,6,11,4,10.5,1,80.4,0,0,15.5,2.8,-4.06,Activo,0,50.0,0,0.0,10.129047243682276,0,0
2025,7,Ing. Financiera y de Riesgos,4,12,1,1,12,0,24,1,0,0,1,1,1,0,0,ninguno,5,8,5,10.2,5,6,5,12.2,0,96.2,0,0,12.4,0.5,1.79,Activo,0,87.5,0,0.0,10.64965161528776,0,0
2025,1,Lic. en Ciencia de Datos e Inteligencia de Negocios,5,8,1,1,1,0,20,1,0,0,1,0,0,0,1,ninguno,6,11,5,10.6,6,11,4,10.4,1,89.3,0,0,15.5,2.8,-4.06,Activo,0,12.5,1,1.0,9.99647929387653,0,0
2023,2,Ing. Comercial,1,14,1,0,1,0,27,1,0,0,1,0,0,0,1,ninguno,10,10,9,11.444444444444445,11,11,5,10.8,1,84.7,0,0,10.8,1.4,1.74,Abandono,1,25.0,0,0.0,10.39188255501284,0,0
2024,7,Ing. Comercio Internacional,2,1,1,1,1,0,20,1,0,0,1,0,1,0,0,ninguno,6,9,5,14.333333333333334,8,8,8,12.625,1,76.4,0,0,15.5,2.8,-4.06,Activo,0,87.5,2,0.0,12.547223433231487,0,0
2025,6,Lic. en Administración de Empresas,3,14,6,1,1,0,23,1,0,1,1,0,0,0,1,beca,16,18,16,13.0,13,15,13,13.266666666666667,0,92.8,0,0,9.4,-0.8,-3.12,Activo,0,75.0,0,0.0,12.159729254162523,0,0
2024,2,Ing. Financiera y de Riesgos,4,1,5,1,1,0,18,1,0,1,1,0,1,0,0,beca,8,9,8,13.31,8,9,8,13.31,0,80.3,2,1,9.4,-0.8,-3.12,Activo,0,25.0,1,0.0,12.552477933225342,0,1
2024,4,Lic. en Ciencia de Datos e Inteligencia de Negocios,5,8,1,1,1,0,18,1,0,1,1,0,1,0,0,beca,6,10,5,10.571428571428571,6,9,5,12.2,1,80.7,2,1,12.7,3.7,-1.7,Activo,0,50.0,0,1.0,10.499002844733525,0,1
2023,2,Ing. Comercial,1,8,3,1,1,0,20,1,0,1,1,0,1,0,0,mixto,8,8,7,13.487142857142857,8,8,7,13.487142857142857,1,75.5,0,0,10.8,1.4,1.74,Activo,0,25.0,0,0.0,12.819501316981299,0,0
2025,8,Ing. Comercio Internacional,2,1,1,1,1,0,20,1,0,1,1,0,0,0,0,credito,6,6,6,12.333333333333334,6,7,6,11.833333333333334,0,82.6,1,1,13.9,-0.3,0.79,Activo,0,100.0,0,0.0,11.637504470531306,0,1
2023,1,Lic. en Administración de Empresas,3,1,1,1,1,0,23,1,0,0,1,0,0,0,0,ninguno,6,11,6,11.875,6,9,5,12.833333333333334,0,65.5,0,0,11.1,0.6,2.02,Abandono,1,12.5,0,0.0,11.686884778201234,0,0
2024,4,Ing. Financiera y de Riesgos,4,1,2,1,1,0,20,1,0,0,1,0,1,0,0,ninguno,7,7,6,13.966666666666669,7,7,6,13.966666666666669,1,87.1,0,0,7.6,2.6,0.32,Activo,0,50.0,0,0.0,13.278108845660313,0,0
2024,1,Lic. en Ciencia de Datos e Inteligencia de Negocios,5,12,1,1,7,0,28,1,0,0,0,0,1,0,1,ninguno,5,10,0,0.0,5,10,0,0.0,5,92.4,1,1,7.6,2.6,0.32,Abandono,1,12.5,0,2.0,0.0,1,1
2024,6,Ing. Comercial,1,1,1,1,1,0,21,1,0,0,1,0,1,0,0,ninguno,5,8,4,11.5,5,5,5,12.8,1,87.2,0,0,7.6,2.6,0.32,Activo,0,75.0,0,0.0,11.696081907204857,0,0
2024,2,Ing. Comercio Internacional,2,1,2,1,1,0,21,1,0,0,1,0,1,0,0,ninguno,2,2,2,12.5,7,0,0,0.0,0,78.9,0,0,12.4,0.5,1.79,Abandono,1,25.0,1,0.0,5.692182732539288,0,0
2025,7,Lic. en Administración de Empresas,3,4,1,1,3,0,28,1,0,0,1,0,0,0,0,ninguno,7,0,0,0.0,8,0,0,0.0,7,89.6,0,0,7.6,2.6,0.32,Abandono,1,87.5,0,3.0,0.0,1,0
2024,6,Ing. Financiera y de Riesgos,4,1,1,1,1,0,18,1,0,0,1,0,0,1,1,ninguno,7,10,6,11.98,8,11,7,13.225,1,55.6,0,0,16.2,0.3,-0.92,Activo,0,75.0,0,0.0,11.630892282981184,1,0
2023,8,Lic. en Ciencia de Datos e Inteligencia de Negocios,5,8,1,1,1,0,21,1,0,1,1,0,1,0,0,beca,6,8,5,13.2,6,7,5,11.8,1,78.3,2,1,8.9,1.4,3.51,Activo,0,100.0,1,0.0,11.889238527771298,0,1
2023,3,Ing. Comercial,1,1,1,1,1,0,19,1,0,0,1,0,0,0,1,ninguno,7,10,6,11.614285714285714,8,8,8,14.0375,1,85.4,0,0,13.9,-0.3,0.79,Activo,0,37.5,0,0.0,11.997327080034156,0,0
2023,3,Ing. Comercio Internacional,2,9,6,1,1,0,18,1,0,1,1,0,1,0,0,beca,8,8,7,14.314285714285717,8,8,7,14.314285714285717,1,86.8,2,1,12.7,3.7,-1.7,Activo,0,37.5,0,1.0,13.488717747323609,0,1
2024,7,Lic. en Administración de Empresas,3,1,3,1,1,0,19,1,0,0,1,0,0,0,1,ninguno,7,0,0,0.0,8,0,0,0.0,7,68.6,2,1,7.6,2.6,0.32,Abandono,1,87.5,0,4.0,0.0,1,1
2023,7,Ing. Financiera y de Riesgos,4,15,1,1,14,0,20,1,0,0,1,0,0,0,0,ninguno,6,9,6,12.666666666666666,6,12,2,13.0,0,91.9,1,1,13.9,-0.3,0.79,Activo,0,87.5,0,0.0,12.13302455077312,0,1
2023,7,Lic. en Ciencia de Datos e Inteligencia de Negocios,5,1,3,1,1,0,20,1,0,1,1,0,1,0,0,beca,7,9,6,12.766666666666666,8,10,7,12.128571428571428,1,87.3,1,1,12.4,0.5,1.79,Activo,0,87.5,0,0.0,11.521607022295992,0,1
2025,7,Ing. Comercial,1,8,1,1,1,0,18,1,0,1,1,0,0,0,0,credito,6,7,6,12.666666666666666,6,7,5,12.2,0,86.6,2,1,10.8,1.4,1.74,Activo,0,87.5,0,0.0,11.800694929713469,0,1
2025,4,Ing. Comercio Internacional,2,14,2,1,1,0,20,1,0,0,1,0,1,0,1,ninguno,6,7,6,11.5,6,10,4,10.571428571428571,0,100.0,2,1,10.8,1.4,1.74,Abandono,1,50.0,0,0.0,10.074132030574503,0,1
2024,5,Lic. en Administración de Empresas,3,12,1,1,1,0,31,1,0,0,1,0,0,0,1,ninguno,6,13,5,11.4,6,14,4,11.75,1,76.3,0,0,13.9,-0.3,0.79,Abandono,1,62.5,0,1.0,11.124879239473087,0,0
2023,2,Ing. Financiera y de Riesgos,4,8,3,1,1,0,19,1,0,1,1,0,1,0,0,mixto,7,8,7,14.70625,8,8,8,14.4775,0,80.4,2,1,15.5,2.8,-4.06,Activo,0,25.0,0,0.0,14.239963625958179,0,1
2025,2,Lic. en Ciencia de Datos e Inteligencia de Negocios,5,1,3,1,1,0,19,1,0,1,1,0,1,0,1,credito,7,9,6,11.814285714285717,8,8,7,13.542857142857144,1,80.8,0,0,13.9,-0.3,0.79,Activo,0,25.0,0,0.0,11.754553717370106,0,0
2023,6,Ing. Comercial,1,1,1,1,1,0,23,1,0,0,1,0,0,0,0,ninguno,6,8,6,13.0,6,8,6,11.875,0,83.5,1,1,13.9,-0.3,0.79,Activo,0,75.0,0,0.0,11.544123161426448,0,1
2024,2,Ing. Comercio Internacional,2,1,1,1,1,0,19,1,0,0,1,0,0,0,0,ninguno,6,7,6,14.857142857142858,6,6,6,13.333333333333334,0,87.2,1,1,12.4,0.5,1.79,Activo,0,25.0,0,0.0,13.100425182084404,0,1
2024,1,Lic. en Administración de Empresas,3,1,6,1,1,0,20,1,0,0,1,0,1,0,0,ninguno,7,7,6,12.6,7,7,6,12.6,1,71.8,0,0,7.6,2.6,0.32,Activo,0,12.5,1,0.0,11.8244245583213,0,0
2024,5,Ing. Financiera y de Riesgos,4,1,1,1,1,0,22,1,0,0,1,1,1,0,0,ninguno,6,9,5,13.333333333333334,6,17,4,11.4,1,71.5,1,1,12.4,0.5,1.79,Activo,0,62.5,0,0.0,11.410985117999662,0,1
2024,6,Lic. en Ciencia de Datos e Inteligencia de Negocios,5,1,1,1,1,0,18,1,0,0,1,0,1,1,0,ninguno,7,10,6,10.666666666666666,7,12,6,12.833333333333334,1,86.8,1,1,13.9,-0.3,0.79,Activo,0,75.0,1,1.0,10.871135682441123,0,1
2024,8,Ing. Comercial,1,4,3,1,3,0,27,1,0,0,0,1,0,0,1,ninguno,5,6,2,11.5,5,5,1,11.0,3,84.8,1,1,12.7,3.7,-1.7,Abandono,1,100.0,0,2.0,10.35890156681594,1,1
2023,8,Ing. Comercio Internacional,2,12,1,1,12,0,29,1,0,0,1,0,0,0,0,ninguno,7,9,1,10.0,7,0,0,0.0,6,73.2,0,0,12.7,3.7,-1.7,Abandono,1,100.0,0,2.0,4.301600900682012,1,0
2024,6,Lic. en Administración de Empresas,3,8,1,1,1,0,18,1,0,0,1,0,1,0,1,ninguno,6,10,5,11.8,6,10,5,12.2,1,81.2,0,0,11.1,0.6,2.02,Activo,0,75.0,0,0.0,11.432344781458303,0,0
2025,2,Ing. Financiera y de Riesgos,4,8,1,1,1,0,18,1,0,0,1,0,0,0,0,ninguno,6,7,5,11.8,6,6,6,12.666666666666666,1,87.3,0,0,16.2,0.3,-0.92,Activo,0,25.0,1,1.0,11.279142682553037,0,0
2025,1,Lic. en Ciencia de Datos e Inteligencia de Negocios,5,8,1,1,1,0,18,1,0,0,1,0,0,0,1,ninguno,8,8,8,12.77125,8,8,8,12.77125,0,88.7,3,1,9.4,-0.8,-3.12,Activo,0,12.5,0,0.0,12.168767977068875,0,1
2025,3,Ing. Comercial,1,8,3,1,1,0,20,1,0,0,1,0,1,0,0,ninguno,5,13,3,11.333333333333334,5,8,5,12.6,2,85.5,0,0,9.4,-0.8,-3.12,Activo,0,37.5,0,1.0,11.289493109591898,1,0
2023,8,Ing. Comercio Internacional,2,8,2,1,1,0,18,1,0,0,1,0,1,0,1,ninguno,6,6,6,12.666666666666666,6,7,5,14.6,0,51.1,0,0,11.1,0.6,2.02,Activo,0,100.0,0,0.0,13.021053318345702,1,0
2023,5,Lic. en Administración de Empresas,3,1,1,1,1,0,18,1,0,0,0,0,0,0,0,ninguno,6,10,5,12.2,6,11,4,10.833333333333334,1,82.7,0,0,13.9,-0.3,0.79,Activo,0,62.5,0,1.0,10.821293846894529,0,0
2024,7,Ing. Financiera y de Riesgos,4,4,2,1,3,0,28,1,0,0,0,0,0,0,1,ninguno,5,9,1,12.0,4,10,0,0.0,4,79.2,0,0,10.8,1.4,1.74,Abandono,1,87.5,0,2.0,5.370646444705371,1,0
2025,5,Lic. en Ciencia de Datos e Inteligencia de Negocios,5,1,2,1,1,0,18,1,0,1,1,0,1,0,1,credito,8,12,7,11.721428571428572,8,12,7,11.721428571428572,1,76.4,1,1,12.7,3.7,-1.7,Activo,0,62.5,0,0.0,11.387851280422938,0,1
2023,4,Ing. Comercial,1,12,1,1,12,0,27,1,0,0,1,0,0,0,1,ninguno,7,12,4,14.0,7,14,3,12.525,3,75.5,1,1,12.4,0.5,1.79,Activo,0,50.0,1,2.0,12.34506626979461,1,1
2024,2,Ing. Comercio Internacional,2,12,1,1,1,0,26,1,0,0,1,0,0,0,0,ninguno,7,9,7,14.75,7,12,5,13.8,0,70.2,1,1,16.2,0.3,-0.92,Activo,0,25.0,0,0.0,13.663924326758961,0,1
2023,1,Lic. en Administración de Empresas,3,1,2,1,1,0,18,1,0,0,1,0,1,0,0,ninguno,6,6,6,12.666666666666666,6,6,6,13.666666666666666,0,100.0,0,0,12.7,3.7,-1.7,Activo,0,12.5,0,0.0,12.454406112711522,0,0
2024,6,Ing. Financiera y de Riesgos,4,1,1,1,1,0,18,1,0,0,1,0,0,0,1,ninguno,5,12,4,13.0,5,6,5,14.0,1,59.9,1,1,9.4,-0.8,-3.12,Abandono,1,75.0,0,0.0,13.10256853806941,1,1
2024,1,Lic. en Ciencia de Datos e Inteligencia de Negocios,5,1,2,1,1,0,21,1,0,0,1,0,0,1,0,ninguno,5,6,0,0.0,5,5,0,0.0,5,81.4,1,1,15.5,2.8,-4.06,Abandono,1,12.5,0,2.0,0.0,1,1
2024,1,Ing. Comercial,1,1,2,1,1,0,18,1,0,0,1,0,1,0,0,ninguno,6,8,4,10.75,6,9,0,0.0,2,91.4,0,0,9.4,-0.8,-3.12,Activo,0,12.5,0,1.0,4.90329693444945,1,0
2024,2,Ing. Comercio Internacional,2,12,1,0,1,0,32,2,0,0,0,0,0,0,1,ninguno,5,5,0,0.0,5,10,0,0.0,5,87.2,2,1,10.8,1.4,1.74,Abandono,1,25.0,0,3.0,0.0,1,1
2023,4,Lic. en Administración de Empresas,3,12,2,1,1,0,28,1,0,0,1,0,0,0,0,ninguno,5,6,4,12.5,5,7,4,11.75,1,79.9,0,0,7.6,2.6,0.32,Activo,0,50.0,0,0.0,11.755563828920986,0,0
2023,3,Ing. Financiera y de Riesgos,4,12,1,0,1,0,40,1,0,0,0,0,0,0,1,ninguno,4,4,0,0.0,5,0,0,0.0,4,71.7,0,0,12.7,3.7,-1.7,Abandono,1,37.5,0,1.0,0.0,1,0
2024,6,Lic. en Ciencia de Datos e Inteligencia de Negocios,5,9,2,0,1,0,39,2,0,0,0,1,0,0,1,ninguno,5,5,0,0.0,4,4,0,0.0,5,82.1,1,1,9.4,-0.8,-3.12,Abandono,1,75.0,1,3.0,0.0,1,1
2023,3,Ing. Comercial,1,9,2,1,1,0,39,2,0,0,0,1,0,0,1,ninguno,6,0,0,0.0,6,0,0,0.0,6,97.0,0,0,9.4,-0.8,-3.12,Abandono,1,37.5,0,3.0,0.0,1,0
2023,3,Ing. Comercio Internacional,2,12,1,1,1,0,50,2,0,0,1,0,0,0,0,ninguno,6,7,6,12.5,6,15,5,12.4,0,66.6,2,1,8.9,1.4,3.51,Activo,0,37.5,0,0.0,12.022944426864953,0,1
2024,2,Lic. en Administración de Empresas,3,8,2,1,1,0,23,1,0,0,1,0,1,0,0,ninguno,6,10,5,12.8,6,9,3,11.666666666666666,1,65.2,0,0,10.8,1.4,1.74,Abandono,1,25.0,1,0.0,11.923546134253378,0,0
2023,1,Ing. Financiera y de Riesgos,4,12,1,0,12,0,48,4,0,0,1,0,0,0,1,ninguno,6,11,1,10.0,6,11,1,11.0,5,92.5,1,1,9.4,-0.8,-3.12,Abandono,1,12.5,0,1.0,9.659736172065235,1,1
2023,3,Lic. en Ciencia de Datos e Inteligencia de Negocios,5,8,2,1,1,0,23,1,0,0,1,0,1,0,0,ninguno,6,11,4,11.25,6,10,5,10.2,2,86.0,0,0,7.6,2.6,0.32,Abandono,1,37.5,2,1.0,9.812475828128319,1,0
2023,5,Ing. Comercial,1,1,6,1,1,0,18,1,0,1,1,0,1,0,0,beca,8,8,7,12.61,8,8,7,12.61,1,84.4,3,1,10.8,1.4,1.74,Activo,0,62.5,0,0.0,11.88008610816866,0,1
2024,1,Ing. Comercio Internacional,2,8,1,1,1,0,18,1,0,0,1,0,0,0,0,ninguno,5,14,2,12.0,5,6,5,12.6,3,77.5,1,1,9.4,-0.8,-3.12,Activo,0,12.5,0,1.0,11.868260012824097,1,1
2023,3,Lic. en Administración de Empresas,3,6,1,1,1,0,20,1,1,0,0,0,1,0,0,ninguno,6,9,5,13.0,6,7,6,13.5,1,78.1,0,0,13.9,-0.3,0.79,Activo,0,37.5,0,0.0,12.750305402141384,0,0
2023,1,Ing. Financiera y de Riesgos,4,9,3,1,1,0,18,1,1,1,1,0,1,0,1,beca,5,9,4,12.0,5,8,5,13.0,1,70.1,2,1,10.8,1.4,1.74,Activo,0,12.5,1,0.0,11.866851311844526,0,1
2023,2,Lic. en Ciencia de Datos e Inteligencia de Negocios,5,1,1,1,1,0,18,1,1,0,1,0,1,0,0,ninguno,7,8,4,12.0,8,8,0,0.0,3,84.5,0,0,16.2,0.3,-0.92,Abandono,1,25.0,0,1.0,5.0319578338636894,1,0
2023,1,Ing. Comercial,1,14,1,1,1,1,31,1,0,0,1,0,0,0,0,ninguno,5,12,1,12.0,5,9,1,11.0,4,78.2,0,0,16.2,0.3,-0.92,Abandono,1,12.5,0,2.0,11.02685403972758,1,0
2024,4,Ing. Comercio Internacional,2,12,1,1,12,1,24,1,0,0,1,0,1,0,0,ninguno,5,9,1,12.0,5,6,3,10.5,4,77.0,0,0,10.8,1.4,1.74,Activo,0,50.0,1,1.0,10.437847867256078,1,0
2023,4,Lic. en Administración de Empresas,3,12,1,1,1,1,24,1,0,0,1,0,1,0,0,ninguno,0,0,0,0.0,0,0,0,0.0,0,54.8,2,1,9.4,-0.8,-3.12,Activo,0,50.0,0,0.0,0.0,1,1
2024,5,Ing. Financiera y de Riesgos,4,12,1,1,1,1,26,1,0,0,0,1,0,0,1,ninguno,5,5,0,0.0,5,9,0,0.0,5,74.7,0,0,10.8,1.4,1.74,Abandono,1,62.5,0,3.0,0.0,1,0
2024,2,Lic. en Ciencia de Datos e Inteligencia de Negocios,5,1,1,1,1,1,18,1,0,0,1,1,1,0,0,ninguno,6,11,5,13.625,6,9,4,11.75,1,87.1,0,0,16.2,0.3,-0.92,Abandono,1,25.0,0,0.0,12.068358844084521,0,0
2024,3,Ing. Comercial,1,8,1,1,1,1,19,1,0,1,1,0,0,0,1,beca,5,12,3,11.666666666666666,5,10,3,11.666666666666666,2,74.6,0,0,12.7,3.7,-1.7,Activo,0,37.5,0,1.0,11.316821964387803,1,0
2025,2,Ing. Comercio Internacional,2,8,1,1,1,1,22,1,0,0,1,0,1,0,0,ninguno,6,0,0,0.0,6,0,0,0.0,6,85.1,1,1,13.9,-0.3,0.79,Abandono,1,25.0,0,3.0,0.0,1,1
2024,6,Lic. en Administración de Empresas,3,1,2,1,1,1,18,1,0,0,1,0,1,0,1,ninguno,8,8,7,11.69,8,8,7,11.69,1,79.6,0,0,10.8,1.4,1.74,Activo,0,75.0,0,0.0,11.219688650411923,0,0
2025,1,Ing. Financiera y de Riesgos,4,15,1,1,14,1,20,1,0,0,0,1,0,0,0,ninguno,6,11,0,0.0,6,12,0,0.0,6,85.6,1,1,16.2,0.3,-0.92,Abandono,1,12.5,0,4.0,0.0,1,1
2025,4,Lic. en Ciencia de Datos e Inteligencia de Negocios,5,15,1,1,14,1,25,1,0,0,1,0,0,0,1,ninguno,0,0,0,0.0,0,0,0,0.0,0,61.9,2,1,15.5,2.8,-4.06,Activo,0,50.0,0,0.0,0.0,1,1
2023,3,Ing. Comercial,1,14,1,0,1,1,24,1,0,0,1,0,1,0,1,ninguno,5,10,4,11.5,5,11,5,11.285714285714286,1,74.8,0,0,13.9,-0.3,0.79,Activo,0,37.5,0,0.0,10.424288153541163,0,0
2025,8,Ing. Comercio Internacional,2,12,1,1,1,1,27,1,0,0,1,0,1,0,0,ninguno,5,10,1,14.0,5,0,0,0.0,4,88.6,0,0,8.9,1.4,3.51,Abandono,1,100.0,0,2.0,6.564889510216011,1,0
2024,1,Lic. en Administración de Empresas,3,8,1,1,1,1,21,1,0,0,1,0,0,0,0,ninguno,6,7,5,11.0,6,7,5,12.4,1,67.6,0,0,15.5,2.8,-4.06,Activo,0,12.5,0,0.0,10.782080546655044,0,0
2025,8,Ing. Financiera y de Riesgos,4,15,1,1,14,1,21,1,0,0,1,0,1,0,0,ninguno,6,7,6,12.857142857142858,6,6,6,13.166666666666666,0,65.8,0,0,12.4,0.5,1.79,Activo,0,100.0,0,0.0,12.145273515173958,0,0
2024,4,Lic. en Ciencia de Datos e Inteligencia de Negocios,5,9,3,1,1,1,19,1,0,0,1,0,1,0,0,ninguno,6,9,4,12.5,6,6,6,11.333333333333334,2,86.3,0,0,10.8,1.4,1.74,Abandono,1,50.0,0,0.0,10.939164719809677,1,0
2024,7,Ing. Comercial,1,12,1,1,1,1,28,1,0,0,1,0,0,0,0,ninguno,7,7,7,14.528571428571428,8,11,8,15.018181818181818,0,74.1,0,0,16.2,0.3,-0.92,Activo,0,87.5,0,0.0,14.1388531607146,0,0
2025,3,Ing. Comercio Internacional,2,1,1,1,1,1,20,1,0,0,1,0,0,0,0,ninguno,5,8,5,10.0,5,10,2,12.0,0,92.1,1,1,7.6,2.6,0.32,Activo,0,37.5,0,0.0,10.190821894307835,0,1
2025,5,Lic. en Administración de Empresas,3,15,1,1,14,1,21,1,0,1,1,0,0,0,1,beca,6,8,6,13.0,6,10,6,12.625,0,74.6,0,0,15.5,2.8,-4.06,Activo,0,62.5,1,0.0,12.25300254007355,0,0
2025,3,Ing. Financiera y de Riesgos,4,1,1,1,1,1,18,1,0,1,1,0,0,0,0,credito,7,7,7,15.957142857142856,8,9,8,15.188888888888888,0,81.7,1,1,16.2,0.3,-0.92,Activo,0,37.5,1,0.0,15.143958106402087,0,1
2024,1,Lic. en Ciencia de Datos e Inteligencia de Negocios,5,8,2,1,1,1,18,1,0,1,1,0,1,0,0,beca,5,6,5,13.2,5,8,5,12.6,0,86.3,1,1,8.9,1.4,3.51,Activo,0,12.5,0,0.0,12.289846846946585,0,1
2024,5,Ing. Comercial,1,1,2,1,1,1,20,1,0,0,1,0,0,0,0,ninguno,5,9,4,10.2,5,6,3,11.0,1,88.0,1,1,15.5,2.8,-4.06,Activo,0,62.5,1,1.0,10.183975689228081,0,1
2024,7,Ing. Comercio Internacional,2,12,1,1,15,1,25,1,0,0,1,0,0,0,0,ninguno,5,6,5,14.2,5,5,2,13.5,0,84.1,2,1,16.2,0.3,-0.92,Activo,0,87.5,0,0.0,12.86256876404953,0,1
2025,4,Lic. en Administración de Empresas,3,1,1,1,1,1,22,1,0,0,1,1,0,0,0,ninguno,6,8,6,12.625,6,11,2,14.5,0,89.4,0,0,11.1,0.6,2.02,Activo,0,50.0,0,0.0,13.195127456201499,0,0
2024,4,Ing. Financiera y de Riesgos,4,1,1,1,1,1,18,1,0,0,1,0,0,0,0,ninguno,8,11,6,13.496666666666668,8,11,6,13.496666666666668,2,98.8,0,0,9.4,-0.8,-3.12,Activo,0,50.0,0,1.0,12.784218460249834,1,0
2025,3,Lic. en Ciencia de Datos e Inteligencia de Negocios,5,8,2,1,1,1,19,1,0,0,1,0,1,0,0,ninguno,5,8,5,13.25,5,8,5,11.0,0,76.6,1,1,13.9,-0.3,0.79,Activo,0,37.5,3,0.0,11.386475301322161,0,1
2023,1,Ing. Comercial,1,1,5,1,1,1,19,1,0,0,1,0,1,0,0,ninguno,5,12,3,12.0,5,10,3,12.0,2,93.9,1,1,12.4,0.5,1.79,Abandono,1,12.5,0,1.0,11.323344319988163,1,1
2025,5,Ing. Comercio Internacional,2,12,1,1,12,1,25,1,0,0,0,1,1,0,0,ninguno,6,10,4,13.0,6,9,4,13.75,2,67.0,0,0,12.7,3.7,-1.7,Abandono,1,62.5,1,1.0,12.611469880001717,1,0
2025,6,Lic. en Administración de Empresas,3,14,1,1,1,1,21,1,0,0,1,1,0,0,1,ninguno,11,12,9,11.77777777777778,8,11,3,13.666666666666666,2,73.3,0,0,15.5,2.8,-4.06,Abandono,1,75.0,0,1.0,12.3408956797139,1,0
2023,4,Ing. Financiera y de Riesgos,4,8,3,1,1,1,19,1,0,0,1,0,1,0,0,ninguno,5,10,2,11.0,6,10,0,0.0,3,74.4,0,0,11.1,0.6,2.02,Abandono,1,50.0,1,2.0,4.811487033056296,1,0
2024,2,Lic. en Ciencia de Datos e Inteligencia de Negocios,5,8,2,1,1,1,20,1,0,0,1,0,0,0,0,ninguno,5,14,0,0.0,5,5,0,0.0,5,90.8,0,0,11.1,0.6,2.02,Abandono,1,25.0,1,2.0,0.0,1,0
2024,5,Ing. Comercial,1,15,1,1,14,1,25,1,0,0,1,0,0,0,0,ninguno,14,16,14,12.428571428571429,9,13,6,10.857142857142858,0,53.4,2,1,15.5,2.8,-4.06,Abandono,1,62.5,1,0.0,10.684733898546403,1,1
2025,3,Ing. Comercio Internacional,2,8,1,1,1,1,20,1,0,0,1,0,1,0,0,ninguno,5,8,3,11.0,5,11,3,12.0,2,79.9,0,0,10.8,1.4,1.74,Activo,0,37.5,0,1.0,10.666549842592191,1,0
2025,7,Lic. en Administración de Empresas,3,1,1,1,1,1,18,1,0,0,1,0,1,0,0,ninguno,0,0,0,0.0,0,0,0,0.0,0,62.3,0,0,7.6,2.6,0.32,Activo,0,87.5,0,0.0,0.0,1,0
2025,1,Ing. Financiera y de Riesgos,4,15,1,1,14,1,23,1,0,0,1,1,1,0,1,ninguno,6,12,3,11.5,6,12,3,10.666666666666666,3,75.0,1,1,8.9,1.4,3.51,Activo,0,12.5,1,1.0,10.757044084515199,1,1
2024,3,Lic. en Ciencia de Datos e Inteligencia de Negocios,5,13,1,1,1,1,23,1,0,0,1,0,1,0,0,ninguno,8,8,8,12.5075,8,8,8,12.5075,0,80.4,0,0,9.4,-0.8,-3.12,Activo,0,37.5,0,0.0,12.007906777373504,0,0
2024,4,Ing. Comercial,1,17,1,1,16,1,21,1,0,0,1,0,0,0,0,ninguno,12,18,11,12.090909090909092,12,14,11,12.0,1,69.8,0,0,8.9,1.4,3.51,Activo,0,50.0,0,0.0,11.608658734807703,0,0
2024,3,Ing. Comercio Internacional,2,1,1,1,1,1,20,1,0,0,1,0,1,0,1,ninguno,5,14,2,11.0,5,9,3,12.666666666666666,3,67.8,1,1,9.4,-0.8,-3.12,Activo,0,37.5,1,2.0,11.52552512221505,1,1
2025,1,Lic. en Administración de Empresas,3,12,1,0,1,1,25,1,0,0,1,0,0,0,1,ninguno,5,13,1,10.0,5,8,2,11.333333333333334,4,77.1,0,0,12.4,0.5,1.79,Abandono,1,12.5,1,2.0,10.197038655494243,1,0
2023,1,Ing. Financiera y de Riesgos,4,1,1,1,1,1,18,1,0,0,1,0,1,0,0,ninguno,6,6,6,13.5,6,9,5,13.2,0,88.0,0,0,8.9,1.4,3.51,Activo,0,12.5,0,0.0,12.5748568115357,0,0
2025,2,Lic. en Ciencia de Datos e Inteligencia de Negocios,5,1,6,1,6,1,22,1,0,0,1,0,1,0,0,ninguno,6,6,6,14.166666666666666,6,8,6,13.625,0,62.4,0,0,10.8,1.4,1.74,Activo,0,25.0,0,0.0,13.434071087839135,1,0
2023,1,Ing. Comercial,1,12,1,1,1,1,27,1,0,0,1,0,0,0,0,ninguno,6,7,6,14.0,6,7,6,14.714285714285714,0,77.4,3,1,8.9,1.4,3.51,Activo,0,12.5,0,0.0,13.700840445305024,0,1
2024,1,Ing. Comercio Internacional,2,12,1,1,12,1,25,1,0,0,1,0,0,0,0,ninguno,3,4,0,0.0,3,5,0,0.0,3,84.8,0,0,16.2,0.3,-0.92,Abandono,1,12.5,1,1.0,0.0,1,0
2025,4,Lic. en Administración de Empresas,3,8,4,1,1,1,18,1,0,0,1,0,1,0,0,ninguno,5,9,3,11.666666666666666,5,10,3,11.333333333333334,2,59.4,0,0,7.6,2.6,0.32,Abandono,1,50.0,0,1.0,10.714369455755648,1,0
2025,1,Ing. Financiera y de Riesgos,4,8,1,1,1,1,20,1,0,0,1,0,0,0,0,ninguno,5,7,5,14.6,5,5,5,14.2,0,91.2,1,1,12.7,3.7,-1.7,Activo,0,12.5,1,0.0,13.823759651065776,0,1
2024,3,Lic. en Ciencia de Datos e Inteligencia de Negocios,5,12,1,1,1,1,27,1,0,0,1,0,0,0,0,ninguno,6,10,5,13.0,6,13,5,11.5,1,68.1,0,0,16.2,0.3,-0.92,Activo,0,37.5,0,0.0,11.689271742761525,0,0
2023,3,Ing. Comercial,1,1,1,0,1,1,20,1,0,0,1,0,0,0,0,ninguno,6,7,6,12.166666666666666,6,9,6,12.0,0,84.9,1,1,7.6,2.6,0.32,Activo,0,37.5,1,0.0,11.464318263527392,0,1
2023,1,Ing. Comercio Internacional,2,1,1,1,1,1,22,1,0,0,1,0,1,0,0,ninguno,5,9,0,0.0,5,5,1,12.0,5,65.8,2,1,7.6,2.6,0.32,Abandono,1,12.5,0,2.0,5.5760709912580655,1,1
2024,2,Lic. en Administración de Empresas,3,8,6,1,1,1,19,1,0,0,1,0,1,0,0,ninguno,5,10,3,10.5,5,11,3,10.8,2,84.1,3,1,12.4,0.5,1.79,Abandono,1,25.0,1,1.0,9.906199462808809,1,1
2023,1,Ing. Financiera y de Riesgos,4,1,6,1,1,1,20,1,0,0,1,0,0,0,0,ninguno,5,14,3,12.4,5,8,5,10.833333333333334,2,71.5,0,0,13.9,-0.3,0.79,Activo,0,12.5,0,1.0,11.061759693293443,1,0
2024,1,Lic. en Ciencia de Datos e Inteligencia de Negocios,5,14,4,1,1,1,19,1,0,0,1,0,0,0,1,ninguno,0,0,0,0.0,0,0,0,0.0,0,85.7,0,0,9.4,-0.8,-3.12,Activo,0,12.5,0,0.0,0.0,0,0
2025,2,Ing. Comercial,1,12,1,1,7,1,29,2,0,0,0,0,1,0,1,ninguno,5,12,0,0.0,5,8,0,0.0,5,68.1,0,0,9.4,-0.8,-3.12,Abandono,1,25.0,1,2.0,0.0,1,0
2024,2,Ing. Comercio Internacional,2,1,2,1,1,1,19,1,0,0,1,0,0,0,0,ninguno,8,8,7,13.828571428571427,8,8,7,13.828571428571427,1,78.6,0,0,12.7,3.7,-1.7,Activo,0,25.0,0,1.0,13.101212213706916,0,0
2024,4,Lic. en Administración de Empresas,3,12,2,0,1,0,28,1,0,1,1,0,1,0,1,beca,5,7,5,10.6,5,6,5,10.2,0,95.8,0,0,9.4,-0.8,-3.12,Activo,0,50.0,1,0.0,9.845058444145337,0,0
2024,2,Ing. Financiera y de Riesgos,4,1,1,1,1,0,20,2,0,0,1,0,0,0,0,ninguno,6,7,6,11.5,6,6,6,11.666666666666666,0,66.8,0,0,7.6,2.6,0.32,Activo,0,25.0,0,0.0,11.136381051161893,0,0
2023,1,Lic. en Ciencia de Datos e Inteligencia de Negocios,5,1,4,1,1,0,20,1,0,0,1,0,1,0,0,ninguno,6,6,4,13.5,6,8,6,13.625,2,92.5,0,0,10.8,1.4,1.74,Activo,0,12.5,0,1.0,12.719193695126064,1,0
2023,5,Ing. Comercial,1,12,1,0,1,0,31,1,0,0,1,0,1,0,1,ninguno,6,12,0,0.0,6,0,0,0.0,6,77.5,1,1,7.6,2.6,0.32,Abandono,1,62.5,0,2.0,0.0,1,1
2025,2,Ing. Comercio Internacional,2,8,5,1,1,0,18,1,0,0,1,0,1,0,0,ninguno,7,8,7,12.5375,8,9,7,12.614285714285714,0,79.6,0,0,13.9,-0.3,0.79,Activo,0,25.0,1,0.0,12.118567830418707,0,0
2023,4,Lic. en Administración de Empresas,3,8,1,1,1,0,19,1,0,0,1,0,1,0,1,ninguno,6,6,6,14.833333333333334,6,8,6,13.285714285714286,0,74.6,2,1,8.9,1.4,3.51,Activo,0,50.0,0,0.0,13.622901578995807,0,1
2024,1,Ing. Financiera y de Riesgos,4,1,1,1,1,0,18,1,0,0,1,0,1,0,1,ninguno,5,10,4,12.0,5,9,4,12.8,1,78.8,0,0,13.9,-0.3,0.79,Activo,0,12.5,1,0.0,11.984219366849048,0,0
2024,2,Lic. en Ciencia de Datos e Inteligencia de Negocios,5,8,1,1,1,0,19,1,0,0,1,0,0,0,0,ninguno,6,8,5,11.8,6,8,5,11.6,1,68.5,0,0,10.8,1.4,1.74,Activo,0,25.0,0,0.0,10.855987162656083,0,0
2024,6,Ing. Comercial,1,1,1,1,1,0,18,1,0,1,1,0,0,0,1,beca,5,5,5,15.0,5,5,5,15.2,0,72.0,3,1,12.7,3.7,-1.7,Activo,0,75.0,1,0.0,14.639708970289782,0,1
2025,5,Ing. Comercio Internacional,2,8,1,1,1,0,19,1,0,0,1,0,0,0,0,ninguno,5,7,3,12.0,5,7,5,13.2,2,90.8,0,0,7.6,2.6,0.32,Activo,0,62.5,1,0.0,11.93135041553236,1,0
2024,1,Lic. en Administración de Empresas,3,8,1,1,1,0,18,1,0,1,1,0,1,0,0,credito,6,6,6,12.833333333333334,6,7,6,12.285714285714286,0,92.7,0,0,15.5,2.8,-4.06,Activo,0,12.5,0,0.0,11.943441356842671,0,0
2024,6,Ing. Financiera y de Riesgos,4,1,3,1,1,0,19,1,0,0,1,0,1,0,0,ninguno,6,12,6,11.666666666666666,6,14,3,12.0,0,77.3,2,1,7.6,2.6,0.32,Activo,0,75.0,1,0.0,11.127605703873533,0,1
2025,6,Lic. en Ciencia de Datos e Inteligencia de Negocios,5,1,4,1,1,0,19,1,0,0,1,0,0,0,0,ninguno,7,9,7,12.1625,8,8,8,13.825,0,83.1,0,0,13.9,-0.3,0.79,Activo,0,75.0,0,0.0,12.079741569740163,0,0
2025,5,Ing. Comercial,1,1,2,1,1,0,18,1,0,0,1,0,1,0,1,ninguno,6,6,6,13.833333333333334,6,11,6,14.555555555555555,0,78.3,2,1,10.8,1.4,1.74,Activo,0,62.5,0,0.0,13.287021271387234,0,1
2023,3,Ing. Comercio Internacional,2,1,1,1,1,0,19,1,0,0,1,0,0,0,0,ninguno,7,12,4,12.45,7,11,5,11.7,3,87.8,0,0,16.2,0.3,-0.92,Activo,0,37.5,0,1.0,11.459246749722597,1,0
2025,3,Lic. en Administración de Empresas,3,15,1,1,14,0,20,1,0,1,1,0,0,0,1,beca,6,9,6,12.125,6,7,6,13.571428571428571,0,80.4,0,0,11.1,0.6,2.02,Activo,0,37.5,0,0.0,12.53745791019998,0,0
2025,1,Ing. Financiera y de Riesgos,4,8,1,1,1,0,20,1,0,0,1,0,1,0,0,ninguno,6,8,5,13.4,6,10,4,13.0,1,96.9,1,1,12.7,3.7,-1.7,Activo,0,12.5,0,1.0,12.601489335999988,0,1
2023,2,Lic. en Ciencia de Datos e Inteligencia de Negocios,5,8,1,1,1,0,20,1,0,0,1,1,0,0,1,ninguno,6,8,6,13.333333333333334,6,8,5,14.0,0,77.0,1,1,11.1,0.6,2.02,Activo,0,25.0,0,0.0,12.942331190469769,0,1
2024,5,Ing. Comercial,1,12,1,0,3,0,29,1,0,0,1,0,0,0,1,ninguno,15,15,11,11.454545454545457,13,16,11,11.545454545454543,4,96.3,0,0,10.8,1.4,1.74,Abandono,1,62.5,0,2.0,10.809564668631356,1,0
2025,6,Ing. Comercio Internacional,2,8,1,1,1,0,20,1,0,1,0,0,0,0,0,credito,6,10,4,12.0,6,14,3,10.0,2,84.4,1,1,7.6,2.6,0.32,Abandono,1,75.0,0,0.0,10.244064725939856,1,1
2024,1,Lic. en Administración de Empresas,3,12,1,1,1,0,31,4,0,0,0,1,0,0,1,ninguno,7,8,6,12.666666666666666,7,9,5,12.6,1,70.8,3,1,8.9,1.4,3.51,Abandono,1,12.5,0,0.0,12.225480320602175,0,1
2024,3,Ing. Financiera y de Riesgos,4,8,1,1,1,0,20,1,0,0,1,0,0,1,0,ninguno,6,7,6,12.666666666666666,6,9,6,13.77777777777778,0,92.3,1,1,10.8,1.4,1.74,Activo,0,37.5,1,0.0,12.469647653075711,0,1
2023,7,Lic. en Ciencia de Datos e Inteligencia de Negocios,5,8,1,1,1,0,21,1,0,0,1,0,1,0,1,ninguno,18,22,18,11.88888888888889,13,13,13,11.461538461538462,0,83.5,0,0,15.5,2.8,-4.06,Activo,0,87.5,0,0.0,11.247357542093036,0,0
2023,7,Ing. Comercial,1,4,1,1,3,0,23,1,0,0,1,0,1,0,1,ninguno,6,0,0,0.0,6,0,0,0.0,6,81.3,1,1,12.4,0.5,1.79,Abandono,1,87.5,0,2.0,0.0,1,1
2024,2,Ing. Comercio Internacional,2,8,5,1,1,0,21,1,0,0,0,1,0,0,0,ninguno,6,6,4,13.0,6,8,4,11.6,2,92.2,1,1,10.8,1.4,1.74,Abandono,1,25.0,1,1.0,11.762638670716125,1,1
2024,3,Lic. en Administración de Empresas,3,4,1,1,15,0,24,1,0,0,1,0,0,0,0,ninguno,7,7,7,16.885714285714283,8,9,8,15.744444444444444,0,70.6,0,0,16.2,0.3,-0.92,Activo,0,37.5,0,0.0,15.518152561712345,0,0
2025,1,Ing. Financiera y de Riesgos,4,12,1,0,1,0,27,1,0,0,1,0,0,0,1,ninguno,6,6,6,12.5,6,6,6,12.333333333333334,0,82.6,0,0,15.5,2.8,-4.06,Activo,0,12.5,0,0.0,12.083160747432393,0,0
2023,6,Lic. en Ciencia de Datos e Inteligencia de Negocios,5,1,1,1,1,0,18,1,0,1,1,0,0,0,0,credito,7,9,7,13.055555555555555,8,8,8,15.8125,0,88.8,0,0,13.9,-0.3,0.79,Activo,0,75.0,0,0.0,13.84852575986414,0,0
2024,3,Ing. Comercial,1,1,3,1,1,0,21,1,0,0,0,0,1,0,1,ninguno,0,0,0,0.0,0,0,0,0.0,0,87.0,1,1,9.4,-0.8,-3.12,Abandono,1,37.5,0,0.0,0.0,0,1
2025,5,Ing. Comercio Internacional,2,8,1,1,1,0,19,1,0,1,1,1,1,0,0,beca,5,7,0,0.0,5,5,0,0.0,5,82.3,1,1,7.6,2.6,0.32,Abandono,1,62.5,2,2.0,0.0,1,1
2024,8,Lic. en Administración de Empresas,3,1,6,1,1,0,19,1,0,1,1,0,1,0,1,mixto,8,8,7,12.355714285714283,8,8,7,12.355714285714283,1,100.0,0,0,10.8,1.4,1.74,Activo,0,100.0,0,0.0,11.499013354356228,0,0
2024,8,Ing. Financiera y de Riesgos,4,8,1,1,1,0,18,1,0,0,1,0,0,0,0,ninguno,6,0,0,0.0,6,0,0,0.0,6,60.4,0,0,12.4,0.5,1.79,Abandono,1,100.0,1,3.0,0.0,1,0
2023,3,Lic. en Ciencia de Datos e Inteligencia de Negocios,5,14,3,1,1,0,18,1,0,1,1,0,1,0,0,credito,7,8,5,11.98,7,8,5,11.98,2,76.7,1,1,7.6,2.6,0.32,Activo,0,37.5,0,1.0,11.268706759495142,1,1
2024,4,Ing. Comercial,1,1,2,1,1,0,20,1,0,1,1,1,1,0,0,credito,7,7,7,13.857142857142858,7,8,7,12.571428571428571,0,85.2,0,0,8.9,1.4,3.51,Activo,0,50.0,0,0.0,12.66680151634268,0,0
2025,2,Ing. Comercio Internacional,2,1,1,0,1,0,24,2,0,0,1,0,1,0,1,ninguno,6,9,5,13.0,6,6,6,14.166666666666666,1,88.2,0,0,9.4,-0.8,-3.12,Activo,0,25.0,0,0.0,12.94561730406655,0,0
2024,3,Lic. en Administración de Empresas,3,1,1,1,1,0,20,1,0,0,1,0,1,0,0,ninguno,6,6,6,12.833333333333334,6,10,6,11.166666666666666,0,57.7,2,1,12.4,0.5,1.79,Activo,0,37.5,0,0.0,11.281855489315502,1,1
2025,1,Ing. Financiera y de Riesgos,4,8,3,1,1,0,20,1,0,0,1,0,0,0,1,ninguno,5,11,4,11.0,5,7,5,13.2,1,81.8,0,0,12.4,0.5,1.79,Activo,0,12.5,0,0.0,11.469276520259577,0,0
2024,8,Lic. en Ciencia de Datos e Inteligencia de Negocios,5,1,1,1,1,0,19,1,0,1,1,0,1,0,0,beca,8,8,7,12.357142857142858,8,8,7,12.357142857142858,1,66.0,1,1,12.7,3.7,-1.7,Activo,0,100.0,2,1.0,11.568323530384465,0,1
2024,1,Ing. Comercial,1,1,6,1,1,0,18,1,0,1,1,0,1,0,0,credito,8,8,7,13.857142857142858,8,8,7,13.857142857142858,1,82.9,0,0,12.7,3.7,-1.7,Activo,0,12.5,0,0.0,13.253555003967985,0,0
2023,1,Ing. Comercio Internacional,2,8,2,1,3,0,20,1,0,1,1,0,1,0,0,beca,6,6,6,12.333333333333334,6,6,6,10.666666666666666,0,86.0,2,1,9.4,-0.8,-3.12,Activo,0,12.5,2,0.0,11.058408772780579,0,1
2025,5,Lic. en Administración de Empresas,3,8,1,1,1,0,20,1,0,0,1,0,1,0,0,ninguno,7,8,7,12.847142857142858,8,10,8,13.788888888888888,0,75.3,0,0,16.2,0.3,-0.92,Activo,0,62.5,2,0.0,12.86826222505514,0,0
2025,1,Ing. Financiera y de Riesgos,4,8,2,1,1,0,19,1,0,1,1,0,1,0,1,credito,7,9,6,12.339999999999998,8,9,8,13.01875,1,85.5,0,0,11.1,0.6,2.02,Activo,0,12.5,0,0.0,12.375312361809941,0,0
2025,4,Lic. en Ciencia de Datos e Inteligencia de Negocios,5,15,1,1,14,0,19,1,0,0,1,0,1,0,1,ninguno,6,10,5,12.666666666666666,6,19,4,11.75,1,88.7,3,1,12.4,0.5,1.79,Activo,0,50.0,0,0.0,11.697662932442261,0,1
2025,1,Ing. Comercial,1,1,1,1,1,0,20,1,0,0,1,0,1,0,1,ninguno,6,6,6,13.833333333333334,6,6,6,12.5,0,79.0,0,0,12.7,3.7,-1.7,Activo,0,12.5,0,0.0,12.342424318331704,0,0
2025,4,Ing. Comercio Internacional,2,8,2,1,1,0,19,1,0,0,1,0,1,0,0,ninguno,5,15,2,10.75,5,11,2,10.0,3,78.2,2,1,13.9,-0.3,0.79,Abandono,1,50.0,0,2.0,9.519086103813674,1,1
2024,3,Lic. en Administración de Empresas,3,8,5,1,1,0,19,1,0,0,1,0,1,0,1,ninguno,6,11,4,13.25,6,10,4,10.25,2,86.7,0,0,9.4,-0.8,-3.12,Abandono,1,37.5,1,1.0,11.308272720532974,1,0
2024,2,Ing. Financiera y de Riesgos,4,8,1,1,1,0,18,1,0,1,1,0,1,0,1,beca,8,8,8,13.73125,8,8,8,13.73125,0,81.4,3,1,9.4,-0.8,-3.12,Activo,0,25.0,0,0.0,12.759919202190014,0,1
2024,1,Lic. en Ciencia de Datos e Inteligencia de Negocios,5,8,4,1,1,0,23,1,0,1,1,0,0,0,0,mixto,6,6,6,13.333333333333334,6,8,3,12.666666666666666,0,79.6,1,1,11.1,0.6,2.02,Abandono,1,12.5,0,0.0,12.34831804456391,0,1
2024,6,Ing. Comercial,1,1,1,1,1,0,21,1,0,0,1,0,1,0,1,ninguno,6,8,5,12.0,6,9,5,10.8,1,95.2,0,0,12.7,3.7,-1.7,Abandono,1,75.0,0,1.0,10.458114875687048,0,0
2024,7,Ing. Comercio Internacional,2,15,1,0,14,0,23,1,0,0,1,0,1,0,1,ninguno,9,10,9,10.88888888888889,8,10,6,11.333333333333334,0,92.7,0,0,11.1,0.6,2.02,Activo,0,87.5,1,0.0,10.316375413807968,0,0
2023,3,Lic. en Administración de Empresas,3,1,3,1,1,0,19,1,0,0,1,0,1,0,1,ninguno,7,8,7,13.025,8,9,8,13.811111111111112,0,77.0,0,0,13.9,-0.3,0.79,Activo,0,37.5,0,0.0,12.612352159439867,0,0
2024,6,Ing. Financiera y de Riesgos,4,8,2,1,1,0,18,1,0,0,1,0,1,0,0,ninguno,6,6,6,13.0,6,6,6,14.166666666666666,0,77.5,2,1,12.4,0.5,1.79,Activo,0,75.0,0,0.0,13.223802798419083,0,1
2023,2,Lic. en Ciencia de Datos e Inteligencia de Negocios,5,1,1,1,1,0,19,1,0,0,1,0,1,1,0,ninguno,6,10,5,11.8,6,10,5,12.0,1,90.5,0,0,10.8,1.4,1.74,Activo,0,25.0,0,0.0,11.446006211172149,0,0
2023,3,Ing. Comercial,1,12,1,1,1,0,25,1,0,1,1,0,0,0,0,beca,8,8,7,12.042857142857144,8,8,7,12.042857142857144,1,88.6,0,0,12.7,3.7,-1.7,Activo,0,37.5,0,0.0,11.736686759551013,0,0
2025,1,Ing. Comercio Internacional,2,1,2,1,1,0,19,1,0,0,1,0,1,0,0,ninguno,6,9,5,12.2,6,10,4,13.0,1,63.0,0,0,9.4,-0.8,-3.12,Activo,0,12.5,0,0.0,11.798710651666283,1,0
2023,2,Lic. en Administración de Empresas,3,1,1,1,1,0,19,1,0,1,1,0,0,0,1,credito,7,8,7,12.8375,8,8,8,15.5,0,82.8,2,1,13.9,-0.3,0.79,Activo,0,25.0,0,0.0,13.627643198100042,0,1
2025,5,Ing. Financiera y de Riesgos,4,12,1,1,1,0,24,1,0,1,1,1,0,0,0,beca,7,13,7,11.0,8,13,7,11.7,0,78.4,1,1,12.7,3.7,-1.7,Activo,0,62.5,0,0.0,10.499343238746556,0,1
2024,6,Lic. en Ciencia de Datos e Inteligencia de Negocios,5,1,1,1,1,0,18,1,0,1,1,0,1,0,1,mixto,6,7,6,13.5,6,9,5,14.0,0,84.3,0,0,8.9,1.4,3.51,Activo,0,75.0,0,0.0,13.212744646044081,0,0
2024,3,Ing. Comercial,1,8,5,1,1,0,19,1,0,1,1,0,1,0,1,beca,6,8,6,12.125,6,7,6,12.714285714285714,0,86.7,0,0,16.2,0.3,-0.92,Activo,0,37.5,0,0.0,11.546109230533656,0,0
2025,3,Ing. Comercio Internacional,2,1,5,1,1,0,18,1,0,1,1,0,0,0,1,beca,8,12,7,12.62857142857143,8,12,7,12.62857142857143,1,99.6,0,0,12.7,3.7,-1.7,Activo,0,37.5,1,1.0,12.237082650947611,0,0
2023,1,Lic. en Administración de Empresas,3,12,1,0,1,0,27,1,0,0,1,0,0,0,1,ninguno,5,9,3,10.666666666666666,5,7,4,11.4,2,83.7,0,0,10.8,1.4,1.74,Activo,0,12.5,0,1.0,10.611972123603078,1,0
2023,1,Ing. Financiera y de Riesgos,4,8,3,1,1,0,19,1,0,0,1,0,0,0,0,ninguno,6,11,5,11.2,6,13,5,11.6,1,89.6,0,0,15.5,2.8,-4.06,Activo,0,12.5,0,0.0,10.861386422291243,0,0
2025,1,Lic. en Ciencia de Datos e Inteligencia de Negocios,5,9,1,1,1,0,18,1,0,1,1,0,0,0,1,beca,6,6,6,12.666666666666666,6,6,6,11.833333333333334,0,65.0,2,1,12.7,3.7,-1.7,Abandono,1,12.5,0,0.0,11.664058827782409,0,1
2023,2,Ing. Comercial,1,12,1,1,1,0,34,2,0,0,0,1,0,0,0,ninguno,6,7,4,13.5,6,6,0,0.0,2,66.7,1,1,12.7,3.7,-1.7,Abandono,1,25.0,0,1.0,6.205908032409916,1,1
2025,8,Ing. Comercio Internacional,2,1,6,1,1,0,18,1,0,0,1,0,0,0,0,ninguno,5,9,3,11.666666666666666,5,15,2,11.0,2,86.8,1,1,7.6,2.6,0.32,Activo,0,100.0,0,1.0,10.498780410567079,1,1
2023,2,Lic. en Administración de Empresas,3,1,1,1,1,0,18,1,0,0,1,0,1,0,0,ninguno,5,8,2,10.5,5,7,3,12.333333333333334,3,65.6,0,0,7.6,2.6,0.32,Activo,0,25.0,1,1.0,11.048800691827967,1,0
2025,3,Ing. Financiera y de Riesgos,4,1,3,1,1,0,18,1,0,0,1,0,1,0,0,ninguno,8,8,8,14.26875,8,8,8,14.26875,0,84.7,2,1,9.4,-0.8,-3.12,Activo,0,37.5,0,0.0,13.722898086253059,0,1
2024,8,Lic. en Ciencia de Datos e Inteligencia de Negocios,5,1,2,1,1,0,20,1,0,0,0,1,1,0,0,ninguno,6,0,0,0.0,6,0,0,0.0,6,79.9,1,1,8.9,1.4,3.51,Abandono,1,100.0,0,3.0,0.0,1,1
2024,3,Ing. Comercial,1,1,1,1,1,0,19,1,0,1,1,0,1,0,0,credito,5,8,2,10.5,5,11,3,13.333333333333334,3,83.1,2,1,7.6,2.6,0.32,Activo,0,37.5,1,2.0,11.569908712583148,1,1
2024,7,Ing. Comercio Internacional,2,1,1,1,1,0,21,1,0,0,1,0,0,0,1,ninguno,6,11,5,11.2,6,15,1,10.0,1,40.0,0,0,7.6,2.6,0.32,Activo,0,87.5,0,1.0,9.64035954463005,1,0
2025,7,Lic. en Administración de Empresas,3,12,1,0,3,0,26,2,0,0,1,0,0,0,0,ninguno,5,5,5,12.0,5,6,5,14.833333333333334,0,100.0,3,1,10.8,1.4,1.74,Activo,0,87.5,0,0.0,12.42624487707626,0,1
2023,1,Ing. Financiera y de Riesgos,4,14,2,1,1,0,27,1,0,0,1,0,0,0,1,ninguno,7,9,7,12.228571428571428,8,10,8,13.2125,0,95.2,0,0,10.8,1.4,1.74,Activo,0,12.5,1,0.0,12.358537992608158,0,0
2024,7,Lic. en Ciencia de Datos e Inteligencia de Negocios,5,1,1,1,1,0,20,1,0,0,1,0,1,0,0,ninguno,5,6,4,11.5,5,5,4,10.75,1,95.2,2,1,9.4,-0.8,-3.12,Activo,0,87.5,1,0.0,10.621109234420985,0,1
2024,6,Ing. Comercial,1,8,1,1,1,0,18,1,0,0,1,0,1,0,1,ninguno,6,8,6,15.375,6,7,6,16.428571428571427,0,73.8,0,0,16.2,0.3,-0.92,Activo,0,75.0,0,0.0,15.341105248060964,0,0
2024,3,Ing. Comercio Internacional,2,17,1,1,16,0,23,1,0,0,0,0,1,0,0,ninguno,12,19,9,13.666666666666666,9,15,6,13.5,3,80.2,0,0,8.9,1.4,3.51,Activo,0,37.5,0,1.0,12.739859375276424,1,0
2024,4,Lic. en Administración de Empresas,3,12,1,1,12,0,24,1,0,0,1,0,0,0,0,ninguno,8,11,7,12.614285714285714,8,11,7,12.614285714285714,1,88.5,0,0,12.7,3.7,-1.7,Activo,0,50.0,0,0.0,11.897136945804,0,0
2024,2,Ing. Financiera y de Riesgos,4,15,1,1,14,0,19,1,0,1,1,0,1,0,0,beca,6,7,5,12.2,6,6,6,11.5,1,89.7,0,0,13.9,-0.3,0.79,Activo,0,25.0,0,0.0,11.098944009655202,0,0
2024,2,Lic. en Ciencia de Datos e Inteligencia de Negocios,5,1,1,1,1,0,19,1,0,0,1,0,0,0,0,ninguno,6,13,4,11.75,6,10,4,11.0,2,88.4,0,0,10.8,1.4,1.74,Activo,0,25.0,0,1.0,10.544743124027047,1,0
2023,3,Ing. Comercial,1,1,4,1,1,0,19,1,0,1,1,1,1,0,0,credito,6,9,5,11.4,6,9,3,10.0,1,75.0,0,0,8.9,1.4,3.51,Activo,0,37.5,1,0.0,10.317414700394082,0,0
2024,7,Ing. Comercio Internacional,2,1,1,1,1,0,18,1,0,0,1,1,0,0,0,ninguno,6,10,5,10.6,6,14,2,10.0,1,88.8,1,1,7.6,2.6,0.32,Activo,0,87.5,0,0.0,9.416753380162817,0,1
2023,6,Lic. en Administración de Empresas,3,16,1,0,1,0,22,1,0,0,1,0,0,0,1,ninguno,16,16,13,10.923076923076923,13,13,11,11.454545454545457,3,83.6,0,0,16.2,0.3,-0.92,Activo,0,75.0,0,1.0,10.394877325885089,1,0
2025,4,Ing. Financiera y de Riesgos,4,14,1,1,1,0,20,1,0,0,1,0,0,0,0,ninguno,6,6,5,12.4,6,9,5,12.4,1,79.7,0,0,12.7,3.7,-1.7,Activo,0,50.0,0,0.0,11.695860792362542,0,0
2025,3,Lic. en Ciencia de Datos e Inteligencia de Negocios,5,12,1,1,1,0,25,1,0,0,1,0,0,0,0,ninguno,6,6,0,0.0,6,6,0,0.0,6,86.0,0,0,11.1,0.6,2.02,Abandono,1,37.5,0,3.0,0.0,1,0
2023,2,Ing. Comercial,1,15,1,1,14,0,21,1,0,0,1,0,0,0,0,ninguno,6,6,6,15.833333333333334,6,8,6,15.5,0,84.9,0,0,15.5,2.8,-4.06,Activo,0,25.0,0,0.0,14.876452218948003,0,0
2023,1,Ing. Comercio Internacional,2,1,1,1,1,0,19,1,0,0,1,0,1,0,0,ninguno,7,12,5,11.8,7,9,6,11.708333333333334,2,66.8,0,0,11.1,0.6,2.02,Activo,0,12.5,0,1.0,11.312976692824948,1,0
2023,2,Lic. en Administración de Empresas,3,8,4,1,1,0,18,1,0,0,1,0,1,0,0,ninguno,6,7,6,12.571428571428571,6,6,6,13.666666666666666,0,71.5,0,0,13.9,-0.3,0.79,Activo,0,25.0,2,0.0,12.518225852294652,0,0
2024,1,Ing. Financiera y de Riesgos,4,1,3,1,1,0,18,1,0,0,1,0,1,0,1,ninguno,5,7,3,12.0,5,7,4,13.25,2,92.2,1,1,7.6,2.6,0.32,Activo,0,12.5,0,1.0,11.979169993144987,1,1
2023,6,Lic. en Ciencia de Datos e Inteligencia de Negocios,5,8,3,1,1,1,19,1,0,0,1,0,1,0,0,ninguno,7,8,7,13.3625,8,9,8,14.444444444444445,0,86.4,0,0,13.9,-0.3,0.79,Activo,0,75.0,0,0.0,13.56481988349694,0,0
2025,2,Ing. Comercial,1,1,1,1,1,0,19,1,1,1,1,0,1,0,0,credito,5,6,5,15.4,5,5,5,16.0,0,74.8,0,0,10.8,1.4,1.74,Activo,0,25.0,0,0.0,14.73175374064796,0,0
2025,1,Ing. Comercio Internacional,2,8,2,1,1,0,18,1,0,0,0,1,1,0,0,ninguno,6,9,5,12.2,6,9,4,11.75,1,95.2,0,0,10.8,1.4,1.74,Abandono,1,12.5,0,1.0,11.584995917442185,0,0
2023,4,Lic. en Administración de Empresas,3,16,1,1,14,0,20,1,0,1,1,0,1,0,0,beca,11,11,11,12.818181818181818,11,11,11,13.545454545454543,0,84.5,0,0,12.4,0.5,1.79,Activo,0,50.0,0,0.0,12.393595294759471,0,0
2025,2,Ing. Financiera y de Riesgos,4,8,5,1,1,0,19,1,0,0,1,0,1,0,1,ninguno,7,0,0,0.0,8,0,0,0.0,7,96.3,2,1,12.4,0.5,1.79,Abandono,1,25.0,0,4.0,0.0,1,1
2025,2,Lic. en Ciencia de Datos e Inteligencia de Negocios,5,13,1,1,1,0,28,1,0,0,1,0,1,0,0,ninguno,17,21,17,13.394736842105264,17,19,17,13.554736842105264,0,77.7,3,1,16.2,0.3,-0.92,Activo,0,25.0,0,0.0,13.156794267186168,0,1
2023,4,Ing. Comercial,1,1,1,1,1,0,20,1,0,1,1,0,1,0,0,credito,6,8,6,14.25,6,8,6,11.0,0,65.0,0,0,12.7,3.7,-1.7,Activo,0,50.0,0,0.0,11.677676766894947,0,0
2025,3,Ing. Comercio Internacional,2,13,1,0,1,0,30,1,0,0,1,0,1,0,1,ninguno,11,19,9,13.444444444444445,7,7,7,14.714285714285714,2,77.3,1,1,7.6,2.6,0.32,Abandono,1,37.5,0,0.0,13.183079313191826,1,1
2024,5,Lic. en Administración de Empresas,3,1,4,1,1,0,19,1,0,1,1,0,1,0,0,beca,7,8,7,12.285714285714286,8,10,8,11.7375,0,73.1,0,0,12.4,0.5,1.79,Activo,0,62.5,0,0.0,11.34462659332446,0,0
2025,8,Ing. Financiera y de Riesgos,4,1,2,1,1,0,22,1,0,0,1,0,1,0,0,ninguno,6,7,6,11.666666666666666,6,7,5,13.2,0,70.2,1,1,12.7,3.7,-1.7,Activo,0,100.0,0,0.0,11.973073698035721,0,1
2024,4,Lic. en Ciencia de Datos e Inteligencia de Negocios,5,1,1,1,1,0,18,1,0,0,1,0,1,0,0,ninguno,6,8,6,12.166666666666666,6,6,6,13.5,0,96.9,0,0,11.1,0.6,2.02,Activo,0,50.0,0,0.0,12.448197309857266,0,0
2025,3,Ing. Comercial,1,8,1,1,1,0,23,1,0,0,1,0,1,0,0,ninguno,6,11,2,10.0,6,15,2,11.0,4,80.0,0,0,7.6,2.6,0.32,Abandono,1,37.5,0,2.0,9.945625264397512,1,0
2023,3,Ing. Comercio Internacional,2,8,4,1,1,0,18,1,0,0,1,0,1,0,0,ninguno,6,6,6,14.0,6,6,6,15.0,0,82.2,0,0,11.1,0.6,2.02,Activo,0,37.5,1,0.0,14.021200203267737,0,0
2024,3,Lic. en Administración de Empresas,3,1,1,1,1,0,18,1,0,0,1,0,1,0,0,ninguno,6,9,5,11.833333333333334,6,6,4,12.0,1,85.7,1,1,15.5,2.8,-4.06,Activo,0,37.5,0,0.0,11.261982825962258,0,1
2025,2,Ing. Financiera y de Riesgos,4,12,1,1,12,1,50,2,0,0,0,1,0,0,0,ninguno,6,7,1,15.0,5,12,0,0.0,5,65.9,1,1,10.8,1.4,1.74,Abandono,1,25.0,0,2.0,6.5235134927136,1,1
2025,6,Lic. en Ciencia de Datos e Inteligencia de Negocios,5,1,1,1,1,0,19,1,1,1,1,0,1,0,0,mixto,0,0,0,0.0,0,0,0,0.0,0,79.8,0,0,13.9,-0.3,0.79,Activo,0,75.0,0,0.0,0.0,0,0
2024,5,Ing. Comercial,1,8,2,1,1,0,22,1,1,0,1,0,1,0,1,ninguno,6,7,6,10.833333333333334,6,6,6,10.666666666666666,0,78.0,0,0,13.9,-0.3,0.79,Activo,0,62.5,0,0.0,9.827048260876932,0,0
2023,1,Ing. Comercio Internacional,2,15,1,1,14,0,23,1,1,1,1,1,0,0,0,credito,6,7,6,13.142857142857142,6,6,6,14.0,0,92.9,2,1,12.4,0.5,1.79,Activo,0,12.5,0,0.0,12.815813385181528,0,1
2024,1,Lic. en Administración de Empresas,3,9,4,1,1,0,20,1,0,1,0,1,0,0,0,beca,5,8,5,14.4,5,6,5,14.0,0,85.1,2,1,12.7,3.7,-1.7,Abandono,1,12.5,1,0.0,13.567327431388959,0,1
2025,7,Ing. Financiera y de Riesgos,4,12,1,1,12,0,44,4,0,0,0,0,0,0,1,ninguno,6,0,0,0.0,6,0,0,0.0,6,74.0,0,0,13.9,-0.3,0.79,Abandono,1,87.5,0,2.0,0.0,1,0
2024,7,Lic. en Ciencia de Datos e Inteligencia de Negocios,5,12,1,1,12,1,49,4,0,0,1,0,0,0,0,ninguno,12,17,7,12.0,12,19,9,11.22222222222222,5,76.5,1,1,15.5,2.8,-4.06,Activo,0,87.5,0,3.0,10.981153433990013,1,1
2025,4,Ing. Comercial,1,14,1,0,1,1,46,2,0,0,1,0,0,0,1,ninguno,10,13,9,12.2,10,12,10,12.8,1,64.7,3,1,7.6,2.6,0.32,Activo,0,50.0,0,1.0,11.591960280642747,1,1
2024,2,Ing. Comercio Internacional,2,12,1,1,14,1,41,1,0,0,0,0,1,0,0,ninguno,3,3,3,12.333333333333334,2,2,2,11.0,0,61.8,0,0,12.4,0.5,1.79,Abandono,1,25.0,0,0.0,11.162562927963632,1,0
2024,6,Lic. en Administración de Empresas,3,8,3,1,1,1,18,1,0,0,1,0,1,0,0,ninguno,7,8,7,11.8375,8,9,8,12.48125,0,74.5,0,0,13.9,-0.3,0.79,Activo,0,75.0,1,0.0,11.769205848365909,0,0
2023,1,Ing. Financiera y de Riesgos,4,12,1,0,1,1,43,3,0,0,1,0,0,0,1,ninguno,5,5,5,11.8,5,6,5,14.0,0,92.8,0,0,9.4,-0.8,-3.12,Activo,0,12.5,0,0.0,12.001279874945944,0,0
2023,3,Lic. en Ciencia de Datos e Inteligencia de Negocios,5,12,2,1,12,1,70,4,0,0,0,1,0,0,1,ninguno,5,5,0,0.0,5,9,0,0.0,5,79.1,0,0,10.8,1.4,1.74,Abandono,1,37.5,0,1.0,0.0,1,0
2025,6,Ing. Comercial,1,12,1,1,12,1,48,4,0,0,1,0,0,0,0,ninguno,6,0,0,0.0,6,0,0,0.0,6,62.7,0,0,15.5,2.8,-4.06,Abandono,1,75.0,0,2.0,0.0,1,0
2025,8,Ing. Comercio Internacional,2,14,1,1,1,1,41,2,0,0,1,0,0,0,0,ninguno,19,19,19,12.68421052631579,13,13,13,12.384615384615383,0,92.0,2,1,15.5,2.8,-4.06,Activo,0,100.0,0,0.0,11.57793391057092,0,1
2023,2,Lic. en Administración de Empresas,3,1,1,1,1,1,21,1,0,0,1,0,0,0,0,ninguno,6,8,6,12.571428571428571,6,10,4,13.0,0,96.0,0,0,12.7,3.7,-1.7,Activo,0,25.0,0,0.0,12.44817441245427,0,0
2025,5,Ing. Financiera y de Riesgos,4,12,1,1,1,1,35,1,1,0,0,1,0,0,1,ninguno,7,18,3,11.25,7,7,0,0.0,4,59.8,3,1,16.2,0.3,-0.92,Abandono,1,62.5,0,2.0,4.974321488698792,1,1
2023,4,Lic. en Ciencia de Datos e Inteligencia de Negocios,5,12,1,1,12,1,44,2,0,0,1,0,1,0,0,ninguno,5,13,4,14.0,5,9,4,15.5,1,76.8,0,0,10.8,1.4,1.74,Activo,0,50.0,1,1.0,14.18752481564783,0,0
2025,2,Ing. Comercial,1,1,1,1,1,1,18,1,0,0,1,1,1,0,0,ninguno,5,15,4,13.333333333333334,5,6,2,13.5,1,89.8,0,0,13.9,-0.3,0.79,Abandono,1,25.0,0,0.0,12.678565788717586,0,0
2025,2,Ing. Comercio Internacional,2,1,1,0,1,1,45,2,0,0,1,0,1,0,1,ninguno,6,7,6,13.666666666666666,6,6,6,13.666666666666666,0,97.2,1,1,7.6,2.6,0.32,Activo,0,25.0,0,0.0,12.81115282862504,0,1
2025,1,Lic. en Administración de Empresas,3,1,1,1,1,1,20,1,0,0,1,0,0,0,0,ninguno,6,12,3,10.0,6,9,5,10.8,3,75.0,0,0,15.5,2.8,-4.06,Activo,0,12.5,0,1.0,9.903586848817943,1,0
2024,7,Ing. Financiera y de Riesgos,4,15,1,1,14,1,22,1,0,0,1,0,1,0,1,ninguno,6,12,5,12.6,6,11,6,11.714285714285714,1,89.0,0,0,12.4,0.5,1.79,Activo,0,87.5,0,1.0,11.467383988081636,0,0
2025,1,Lic. en Ciencia de Datos e Inteligencia de Negocios,5,14,1,1,1,1,39,1,0,0,1,0,0,0,0,ninguno,5,10,3,17.333333333333332,5,11,1,17.0,2,77.9,0,0,13.9,-0.3,0.79,Abandono,1,12.5,0,1.0,16.370556660733236,1,0
2023,4,Ing. Comercial,1,15,1,1,14,1,20,1,0,0,0,0,0,0,0,ninguno,6,10,5,13.2,6,21,3,12.0,1,72.6,1,1,12.4,0.5,1.79,Activo,0,50.0,0,0.0,12.205898242014985,0,1
2023,8,Ing. Comercio Internacional,2,12,1,1,12,1,49,2,0,0,1,0,0,0,0,ninguno,5,9,3,14.0,5,8,3,13.666666666666666,2,79.7,0,0,8.9,1.4,3.51,Abandono,1,100.0,0,1.0,12.963486499167445,1,0
2025,4,Lic. en Administración de Empresas,3,4,1,1,4,1,43,1,0,0,1,0,1,0,0,ninguno,4,4,4,13.875,1,1,1,12.5,0,72.5,1,1,11.1,0.6,2.02,Abandono,1,50.0,0,0.0,12.46322328010292,0,1
2025,4,Ing. Financiera y de Riesgos,4,12,1,0,1,1,32,2,0,0,1,0,1,0,1,ninguno,5,5,0,0.0,5,5,0,0.0,5,76.7,0,0,7.6,2.6,0.32,Abandono,1,50.0,0,2.0,0.0,1,0
2025,3,Lic. en Ciencia de Datos e Inteligencia de Negocios,5,12,1,1,9,1,47,1,0,0,1,0,0,0,1,ninguno,9,9,9,13.11111111111111,7,7,7,14.857142857142858,0,78.1,0,0,10.8,1.4,1.74,Activo,0,37.5,0,0.0,13.4464567407355,0,0
2023,8,Ing. Comercial,1,12,1,0,1,1,37,5,0,1,1,0,0,0,0,beca,5,8,5,13.0,5,11,4,13.333333333333334,0,94.0,0,0,16.2,0.3,-0.92,Abandono,1,100.0,1,0.0,12.79096450703063,0,0
2025,3,Ing. Comercio Internacional,2,12,1,0,1,1,41,2,0,0,1,0,0,0,1,ninguno,10,10,10,12.5,7,7,7,12.142857142857142,0,58.6,0,0,10.8,1.4,1.74,Activo,0,37.5,0,0.0,11.666877730702723,1,0
2023,6,Lic. en Administración de Empresas,3,12,1,1,1,1,60,2,0,0,1,0,0,0,1,ninguno,18,18,18,14.11111111111111,13,13,13,14.23076923076923,0,51.7,0,0,15.5,2.8,-4.06,Activo,0,75.0,1,0.0,13.810872630743564,1,0
2025,5,Ing. Financiera y de Riesgos,4,12,1,1,1,1,47,2,0,0,1,0,0,0,0,ninguno,11,11,11,14.727272727272728,9,9,9,15.77777777777778,0,83.9,0,0,10.8,1.4,1.74,Activo,0,62.5,1,0.0,14.27385668619845,0,0
2025,2,Lic. en Ciencia de Datos e Inteligencia de Negocios,5,12,1,0,1,1,50,1,0,0,0,1,0,0,1,ninguno,6,6,0,0.0,5,6,0,0.0,6,77.9,0,0,12.4,0.5,1.79,Abandono,1,25.0,0,3.0,0.0,1,0
2024,1,Ing. Comercial,1,12,1,0,12,1,45,2,0,0,1,0,1,0,1,ninguno,5,5,0,0.0,5,5,0,0.0,5,86.3,1,1,7.6,2.6,0.32,Abandono,1,12.5,0,1.0,0.0,1,1
2024,3,Ing. Comercio Internacional,2,12,1,1,1,1,45,1,0,0,0,1,0,0,0,ninguno,5,5,0,0.0,5,5,0,0.0,5,82.0,0,0,15.5,2.8,-4.06,Abandono,1,37.5,0,2.0,0.0,1,0
2025,3,Lic. en Administración de Empresas,3,12,1,1,1,1,33,2,0,0,1,0,0,0,0,ninguno,5,7,4,13.5,5,6,5,11.6,1,80.8,2,1,7.6,2.6,0.32,Activo,0,37.5,0,0.0,11.9919655432512,0,1
2023,2,Ing. Financiera y de Riesgos,4,1,1,1,1,1,18,1,0,0,1,0,0,0,0,ninguno,8,8,7,13.105714285714283,8,8,7,13.105714285714283,1,78.8,0,0,10.8,1.4,1.74,Activo,0,25.0,0,1.0,12.759624770558226,0,0
2024,3,Lic. en Ciencia de Datos e Inteligencia de Negocios,5,12,1,1,1,1,43,2,0,0,1,0,0,0,0,ninguno,5,8,5,13.5,5,5,5,14.4,0,85.3,1,1,9.4,-0.8,-3.12,Activo,0,37.5,0,0.0,13.214483153078474,0,1
2025,8,Ing. Comercial,1,14,1,0,1,1,44,1,0,0,1,0,0,0,1,ninguno,13,18,13,11.846153846153848,11,11,11,12.0,0,93.5,0,0,12.7,3.7,-1.7,Activo,0,100.0,0,0.0,11.213422692503254,0,0
2025,8,Ing. Comercio Internacional,2,12,1,1,7,1,29,1,0,0,1,0,0,0,1,ninguno,5,5,0,0.0,5,5,0,0.0,5,77.2,0,0,7.6,2.6,0.32,Abandono,1,100.0,2,2.0,0.0,1,0
2025,7,Lic. en Administración de Empresas,3,12,1,1,1,1,53,4,0,0,0,1,0,0,0,ninguno,6,11,3,14.333333333333334,6,6,0,0.0,3,81.7,1,1,12.7,3.7,-1.7,Abandono,1,87.5,0,2.0,6.229511475679448,1,1
2025,8,Ing. Financiera y de Riesgos,4,13,1,0,6,1,37,2,0,0,1,0,0,0,0,ninguno,5,10,5,15.8,5,5,5,17.6,0,85.6,2,1,9.4,-0.8,-3.12,Activo,0,100.0,0,0.0,16.18712299486002,0,1
2024,7,Lic. en Ciencia de Datos e Inteligencia de Negocios,5,14,1,1,1,1,18,1,0,0,1,0,1,0,0,ninguno,6,16,5,13.8,6,7,5,12.4,1,64.2,0,0,13.9,-0.3,0.79,Activo,0,87.5,0,0.0,12.485192212585527,1,0
2024,3,Ing. Comercial,1,14,1,1,12,1,35,1,0,0,1,1,0,0,0,ninguno,10,18,6,12.666666666666666,9,11,3,12.0,4,79.5,0,0,16.2,0.3,-0.92,Abandono,1,37.5,1,1.0,11.652699614190274,1,0
2024,1,Ing. Comercio Internacional,2,1,1,1,1,1,23,1,0,0,1,0,0,0,1,ninguno,6,10,6,13.0,6,9,6,12.0,0,89.3,1,1,11.1,0.6,2.02,Activo,0,12.5,0,0.0,12.1298376852766,0,1
2023,6,Lic. en Administración de Empresas,3,1,1,1,1,1,22,1,0,0,1,0,1,0,0,ninguno,0,0,0,0.0,0,0,0,0.0,0,76.5,0,0,7.6,2.6,0.32,Activo,0,75.0,0,0.0,0.0,0,0
2024,2,Ing. Financiera y de Riesgos,4,12,1,0,1,1,33,1,0,0,0,0,0,0,1,ninguno,6,6,1,11.0,6,0,0,0.0,5,72.9,0,0,10.8,1.4,1.74,Abandono,1,25.0,0,2.0,4.937824693284272,1,0
2023,3,Lic. en Ciencia de Datos e Inteligencia de Negocios,5,4,3,1,3,1,41,1,0,0,0,0,0,0,1,ninguno,5,9,0,0.0,5,9,0,0.0,5,79.4,0,0,10.8,1.4,1.74,Abandono,1,37.5,0,2.0,0.0,1,0
2024,3,Ing. Comercial,1,4,1,1,3,1,51,4,0,0,1,0,0,0,1,ninguno,7,7,7,15.2,8,8,8,16.575,0,71.1,0,0,13.9,-0.3,0.79,Activo,0,37.5,1,0.0,15.316396178427269,0,0
2025,3,Ing. Comercio Internacional,2,16,1,1,1,1,19,1,0,0,1,0,0,0,1,ninguno,6,7,6,14.428571428571429,7,8,7,14.375,0,78.7,1,1,11.1,0.6,2.02,Activo,0,37.5,0,0.0,13.68164393132091,0,1
2024,2,Lic. en Administración de Empresas,3,12,1,0,1,1,35,1,0,0,1,0,0,0,0,ninguno,5,5,0,0.0,5,5,0,0.0,5,79.0,0,0,11.1,0.6,2.02,Abandono,1,25.0,0,2.0,0.0,1,0
2023,1,Ing. Financiera y de Riesgos,4,1,2,1,1,1,20,1,1,0,1,0,1,0,0,ninguno,0,0,0,0.0,0,0,0,0.0,0,89.3,1,1,7.6,2.6,0.32,Activo,0,12.5,2,0.0,0.0,0,1
2024,4,Lic. en Ciencia de Datos e Inteligencia de Negocios,5,14,1,1,1,1,18,1,0,0,1,0,1,0,1,ninguno,6,13,4,13.75,6,8,5,11.2,2,79.4,0,0,13.9,-0.3,0.79,Activo,0,50.0,0,1.0,12.136161240552463,1,0
2025,6,Ing. Comercial,1,1,1,1,1,1,18,1,0,1,0,1,0,0,0,beca,6,11,5,12.166666666666666,6,15,3,12.0,1,79.9,0,0,13.9,-0.3,0.79,Abandono,1,75.0,0,0.0,11.584154906142892,0,0
2024,6,Ing. Comercio Internacional,2,15,1,1,14,1,21,1,0,0,1,0,0,0,0,ninguno,6,12,5,12.142857142857142,6,11,5,11.666666666666666,1,76.8,2,1,13.9,-0.3,0.79,Activo,0,75.0,0,1.0,11.031300500973833,0,1
2023,1,Lic. en Administración de Empresas,3,1,1,1,1,1,21,1,0,0,1,0,1,0,1,ninguno,6,9,6,12.0,6,8,5,11.6,0,78.2,0,0,13.9,-0.3,0.79,Activo,0,12.5,1,0.0,11.444074418546048,0,0
2024,7,Ing. Financiera y de Riesgos,4,12,2,1,1,1,34,2,0,0,1,0,0,0,0,ninguno,5,10,3,11.666666666666666,5,7,4,12.75,2,82.3,0,0,9.4,-0.8,-3.12,Activo,0,87.5,0,1.0,11.309493165046161,1,0
2025,8,Lic. en Ciencia de Datos e Inteligencia de Negocios,5,12,1,1,1,1,34,4,0,0,1,0,1,0,0,ninguno,6,9,0,0.0,6,6,0,0.0,6,74.9,0,0,16.2,0.3,-0.92,Abandono,1,100.0,0,1.0,0.0,1,0
2025,3,Ing. Comercial,1,8,2,1,1,1,21,1,0,0,1,0,1,0,0,ninguno,6,10,6,11.875,6,8,5,12.0,0,86.6,0,0,11.1,0.6,2.02,Activo,0,37.5,0,0.0,11.053382049575813,0,0
2025,5,Ing. Comercio Internacional,2,14,1,1,1,1,32,1,0,0,1,0,0,0,0,ninguno,11,15,7,11.285714285714286,7,10,6,12.333333333333334,4,67.0,0,0,13.9,-0.3,0.79,Activo,0,62.5,0,2.0,11.256971928768701,1,0
2023,3,Lic. en Administración de Empresas,3,8,2,1,1,1,30,1,0,0,1,0,1,0,0,ninguno,6,17,2,10.0,6,15,3,11.333333333333334,4,84.7,0,0,7.6,2.6,0.32,Abandono,1,37.5,0,2.0,9.938120322386617,1,0
2025,2,Ing. Financiera y de Riesgos,4,1,1,1,1,1,19,1,0,0,1,1,1,0,1,ninguno,12,13,11,12.0,11,15,10,11.181818181818182,1,73.4,2,1,8.9,1.4,3.51,Activo,0,25.0,0,1.0,11.183888109955491,0,1
2025,3,Lic. en Ciencia de Datos e Inteligencia de Negocios,5,16,1,1,1,1,20,1,0,0,1,0,1,0,0,ninguno,7,7,6,13.833333333333334,6,7,5,13.0,1,85.3,2,1,8.9,1.4,3.51,Abandono,1,37.5,0,0.0,13.070348561459042,0,1
2023,4,Ing. Comercial,1,1,1,1,1,1,18,1,0,0,1,0,1,0,0,ninguno,6,0,0,0.0,6,0,0,0.0,6,60.7,2,1,12.4,0.5,1.79,Abandono,1,50.0,0,4.0,0.0,1,1
2023,2,Ing. Comercio Internacional,2,1,1,1,1,1,19,1,0,0,1,0,0,0,1,ninguno,6,7,6,14.428571428571429,6,6,6,12.5,0,79.6,3,1,8.9,1.4,3.51,Activo,0,25.0,0,0.0,13.074788041749628,0,1
2025,8,Lic. en Administración de Empresas,3,8,3,1,1,1,18,1,0,0,1,0,1,0,1,ninguno,7,8,5,14.2,7,9,6,12.4,2,88.2,0,0,12.4,0.5,1.79,Abandono,1,100.0,0,1.0,12.781315871624258,1,0
2024,3,Ing. Financiera y de Riesgos,4,12,1,0,1,1,27,1,0,0,1,0,0,0,1,ninguno,5,8,4,11.5,5,9,3,10.333333333333334,1,70.3,0,0,12.7,3.7,-1.7,Abandono,1,37.5,0,0.0,10.256598394108954,0,0
2025,5,Lic. en Ciencia de Datos e Inteligencia de Negocios,5,12,1,1,9,1,52,1,0,0,1,0,1,0,0,ninguno,6,7,5,13.0,6,6,6,15.0,1,81.8,3,1,9.4,-0.8,-3.12,Activo,0,62.5,0,0.0,13.287868375504493,0,1
2023,1,Ing. Comercial,1,14,1,1,1,1,29,2,0,0,0,0,1,0,0,ninguno,6,6,0,0.0,6,8,0,0.0,6,73.0,0,0,15.5,2.8,-4.06,Abandono,1,12.5,0,2.0,0.0,1,0
2024,4,Ing. Comercio Internacional,2,16,1,1,14,1,22,1,0,0,0,1,1,0,1,ninguno,6,12,3,11.333333333333334,6,13,2,11.0,3,73.8,1,1,8.9,1.4,3.51,Abandono,1,50.0,0,1.0,10.407298741392816,1,1
2023,3,Lic. en Administración de Empresas,3,14,1,1,1,1,28,1,1,0,1,0,1,0,0,ninguno,18,45,18,12.5,13,26,12,11.428571428571429,0,94.4,0,0,15.5,2.8,-4.06,Activo,0,37.5,0,0.0,11.238154886695028,0,0
2025,2,Ing. Financiera y de Riesgos,4,12,1,1,6,1,30,1,0,0,1,0,1,0,0,ninguno,5,5,0,0.0,5,5,0,0.0,5,93.0,2,1,7.6,2.6,0.32,Abandono,1,25.0,0,2.0,0.0,1,1
2024,6,Lic. en Ciencia de Datos e Inteligencia de Negocios,5,1,2,1,1,0,18,1,0,0,1,0,1,0,0,ninguno,7,7,7,13.471428571428572,8,9,8,13.944444444444445,0,69.2,3,1,16.2,0.3,-0.92,Activo,0,75.0,1,0.0,13.076270603464412,0,1
2023,2,Ing. Comercial,1,1,2,1,1,0,21,1,0,0,1,0,1,0,0,ninguno,5,5,4,11.75,5,5,3,13.333333333333334,1,63.0,1,1,9.4,-0.8,-3.12,Activo,0,25.0,0,0.0,11.95150208609354,1,1
2024,1,Ing. Comercio Internacional,2,1,1,1,1,0,20,1,0,1,1,1,1,0,0,beca,6,9,6,13.333333333333334,6,10,6,14.666666666666666,0,61.4,1,1,12.7,3.7,-1.7,Activo,0,12.5,0,0.0,13.110483778957033,1,1
2024,4,Lic. en Administración de Empresas,3,13,1,1,1,0,21,1,0,1,1,0,1,0,0,credito,8,8,8,13.105,8,8,8,13.105,0,76.3,0,0,9.4,-0.8,-3.12,Activo,0,50.0,0,0.0,12.643999683216121,0,0
2024,8,Ing. Financiera y de Riesgos,4,12,1,0,12,0,32,2,0,0,0,1,0,0,1,ninguno,5,5,0,0.0,5,6,0,0.0,5,78.8,0,0,10.8,1.4,1.74,Abandono,1,100.0,0,3.0,0.0,1,0
2023,3,Lic. en Ciencia de Datos e Inteligencia de Negocios,5,1,3,1,1,1,20,1,0,1,1,0,1,0,0,mixto,6,6,6,15.5,6,7,6,12.166666666666666,0,73.3,0,0,12.4,0.5,1.79,Activo,0,37.5,0,0.0,13.077409405274965,0,0
2024,4,Ing. Comercial,1,1,4,1,1,1,19,1,0,0,0,1,1,0,0,ninguno,0,0,0,0.0,0,0,0,0.0,0,85.9,0,0,15.5,2.8,-4.06,Abandono,1,50.0,0,0.0,0.0,0,0
2025,2,Ing. Comercio Internacional,2,6,1,1,1,1,18,1,1,0,0,1,0,0,1,ninguno,6,6,4,11.25,6,7,3,12.333333333333334,2,82.3,0,0,8.9,1.4,3.51,Abandono,1,25.0,0,1.0,10.868586071249801,1,0
2023,7,Lic. en Administración de Empresas,3,14,1,0,1,1,23,1,0,0,0,0,1,0,1,ninguno,15,24,12,11.0,14,21,11,11.363636363636363,3,91.5,0,0,7.6,2.6,0.32,Abandono,1,87.5,0,1.0,10.280485751023523,1,0
2025,5,Ing. Financiera y de Riesgos,4,1,1,1,1,1,20,1,0,0,1,0,1,0,1,ninguno,6,10,6,12.333333333333334,6,9,4,13.0,0,66.5,3,1,12.4,0.5,1.79,Activo,0,62.5,1,0.0,12.312957506316923,0,1
2025,1,Lic. en Ciencia de Datos e Inteligencia de Negocios,5,14,2,1,1,0,46,2,0,0,1,0,1,0,0,ninguno,9,18,8,11.375,5,11,5,11.8,1,91.1,1,1,9.4,-0.8,-3.12,Activo,0,12.5,0,0.0,11.213028116210147,0,1
2024,2,Ing. Comercial,1,8,1,1,1,1,27,1,0,0,1,0,0,0,0,ninguno,18,19,18,12.22222222222222,12,15,12,12.384615384615383,0,73.4,1,1,15.5,2.8,-4.06,Activo,0,25.0,0,0.0,11.656798688846134,0,1
2024,3,Ing. Comercio Internacional,2,3,1,1,1,1,20,1,0,0,1,0,1,0,1,ninguno,0,0,0,0.0,0,0,0,0.0,0,77.2,0,0,16.2,0.3,-0.92,Activo,0,37.5,0,0.0,0.0,0,0
2024,2,Lic. en Administración de Empresas,3,14,3,0,12,1,41,2,0,0,1,0,1,0,1,ninguno,9,11,9,12.0,7,8,6,12.0,0,82.7,1,1,9.4,-0.8,-3.12,Activo,0,25.0,0,0.0,11.507564163762432,0,1
2023,2,Ing. Financiera y de Riesgos,4,6,1,1,1,1,40,1,1,0,1,1,0,0,0,ninguno,5,10,1,11.0,5,10,1,10.0,4,86.6,0,0,11.1,0.6,2.02,Activo,0,25.0,0,1.0,9.69824159831044,1,0
2025,5,Lic. en Ciencia de Datos e Inteligencia de Negocios,5,15,1,0,14,1,37,2,0,0,1,0,0,0,1,ninguno,16,17,16,14.125,11,14,10,13.0,0,73.3,0,0,12.4,0.5,1.79,Activo,0,62.5,0,0.0,12.84605878535679,0,0
2025,1,Ing. Comercial,1,1,4,1,1,1,20,1,0,0,1,0,0,0,0,ninguno,5,8,5,10.2,5,7,5,11.2,0,87.2,1,1,12.4,0.5,1.79,Activo,0,12.5,1,0.0,10.172623123176011,0,1
2024,1,Ing. Comercio Internacional,2,15,1,1,14,0,20,1,0,0,1,0,1,0,0,ninguno,5,7,4,12.0,5,6,4,12.4,1,87.2,2,1,10.8,1.4,1.74,Activo,0,12.5,0,1.0,11.882239958370379,0,1
2024,5,Lic. en Administración de Empresas,3,4,1,0,15,0,26,1,0,0,1,0,0,0,1,ninguno,9,11,9,12.333333333333334,7,7,7,12.571428571428571,0,67.3,2,1,12.4,0.5,1.79,Activo,0,62.5,0,0.0,11.62727575547199,0,1
2023,6,Ing. Financiera y de Riesgos,4,12,1,0,1,1,54,2,0,0,1,0,0,0,1,ninguno,9,9,9,14.333333333333334,7,7,7,13.857142857142858,0,65.6,0,0,8.9,1.4,3.51,Activo,0,75.0,0,0.0,13.644910529160537,0,0
2023,1,Lic. en Ciencia de Datos e Inteligencia de Negocios,5,8,5,1,1,1,21,1,0,0,1,0,1,0,0,ninguno,6,6,6,15.166666666666666,6,9,6,14.0,0,72.1,0,0,10.8,1.4,1.74,Activo,0,12.5,0,0.0,13.699201712909492,0,0
2024,4,Ing. Comercial,1,1,1,1,1,0,20,1,0,1,1,0,1,0,0,beca,6,8,6,15.142857142857142,6,8,6,15.142857142857142,0,79.5,0,0,11.1,0.6,2.02,Activo,0,50.0,0,0.0,14.548653960819165,0,0
2024,1,Ing. Comercio Internacional,2,8,6,1,1,0,18,1,0,0,1,0,1,0,0,ninguno,6,0,0,0.0,6,0,0,0.0,6,76.2,0,0,12.4,0.5,1.79,Abandono,1,12.5,1,1.0,0.0,1,0
2023,2,Lic. en Administración de Empresas,3,1,3,1,1,0,19,1,0,0,1,0,1,0,1,ninguno,7,9,6,13.411428571428573,8,12,7,13.294444444444444,1,81.9,0,0,15.5,2.8,-4.06,Activo,0,25.0,1,1.0,12.441872396650208,0,0
2023,2,Ing. Financiera y de Riesgos,4,1,2,1,1,0,18,1,0,0,1,0,1,0,0,ninguno,6,7,6,12.333333333333334,6,7,6,12.166666666666666,0,91.5,0,0,9.4,-0.8,-3.12,Activo,0,25.0,0,0.0,11.345463899356032,0,0
2024,4,Lic. en Ciencia de Datos e Inteligencia de Negocios,5,1,1,1,1,0,19,1,0,0,1,0,1,0,0,ninguno,6,13,4,11.8,6,18,4,12.2,2,89.9,1,1,12.4,0.5,1.79,Activo,0,50.0,0,1.0,11.4399362973295,1,1
2024,1,Ing. Comercial,1,15,1,1,14,0,22,1,0,0,1,1,1,0,0,ninguno,6,9,6,12.0,6,12,3,12.0,0,83.6,0,0,13.9,-0.3,0.79,Abandono,1,12.5,1,0.0,11.55377777509961,0,0
2024,4,Ing. Comercio Internacional,2,14,1,1,1,0,19,1,0,0,1,0,0,0,0,ninguno,6,7,6,15.0,6,8,6,15.625,0,84.6,0,0,12.4,0.5,1.79,Activo,0,50.0,1,0.0,14.469897745589984,0,0
2025,1,Lic. en Administración de Empresas,3,1,1,1,1,0,21,1,0,0,1,0,1,0,0,ninguno,12,12,8,13.875,11,13,9,12.7,4,82.4,0,0,8.9,1.4,3.51,Abandono,1,12.5,0,1.0,12.684343857478508,1,0
2023,5,Ing. Financiera y de Riesgos,4,8,1,1,1,0,20,1,0,0,1,0,0,0,0,ninguno,7,9,6,11.833333333333334,7,7,6,14.333333333333334,1,61.8,3,1,11.1,0.6,2.02,Activo,0,62.5,1,1.0,12.64890393784203,1,1
2025,3,Lic. en Ciencia de Datos e Inteligencia de Negocios,5,8,3,1,1,0,18,1,0,1,1,0,1,0,0,beca,6,6,6,12.5,6,6,6,13.833333333333334,0,67.6,0,0,16.2,0.3,-0.92,Activo,0,37.5,0,0.0,12.233568927044663,0,0
2025,5,Ing. Comercial,1,8,1,1,1,0,18,1,0,1,1,0,1,0,0,beca,6,6,6,15.0,6,6,6,15.5,0,66.5,0,0,8.9,1.4,3.51,Activo,0,62.5,0,0.0,14.81132706403124,0,0
2025,7,Ing. Comercio Internacional,2,8,1,1,1,0,20,1,0,0,1,1,1,0,0,ninguno,6,10,2,11.666666666666666,6,10,4,10.5,4,92.7,1,1,15.5,2.8,-4.06,Abandono,1,87.5,2,2.0,10.76526831559947,1,1
2024,6,Lic. en Administración de Empresas,3,1,1,1,1,0,18,1,0,1,1,0,0,0,1,beca,7,10,7,14.668,8,8,8,14.63375,0,100.0,1,1,15.5,2.8,-4.06,Activo,0,75.0,0,0.0,14.336679018362805,0,1
2025,3,Ing. Financiera y de Riesgos,4,1,3,1,1,0,18,1,0,0,1,0,1,0,0,ninguno,8,9,6,13.345,8,9,6,13.345,2,83.2,0,0,9.4,-0.8,-3.12,Activo,0,37.5,1,1.0,12.609379250482016,1,0
2024,7,Lic. en Ciencia de Datos e Inteligencia de Negocios,5,1,2,1,1,0,20,1,0,1,1,0,1,0,0,credito,6,7,5,12.8,6,6,6,12.333333333333334,1,69.1,0,0,12.4,0.5,1.79,Activo,0,87.5,0,0.0,11.803494124164395,0,0
2025,6,Ing. Comercial,1,1,1,1,1,0,19,1,0,0,1,0,1,0,0,ninguno,6,10,6,10.833333333333334,6,7,6,12.142857142857142,0,70.7,1,1,11.1,0.6,2.02,Activo,0,75.0,1,0.0,10.970366044555348,0,1
2024,1,Ing. Comercio Internacional,2,1,1,1,1,0,18,1,0,0,1,0,1,0,0,ninguno,6,6,6,13.666666666666666,6,6,5,14.0,0,77.8,0,0,12.7,3.7,-1.7,Activo,0,12.5,0,0.0,13.309325640860388,0,0
2025,6,Lic. en Administración de Empresas,3,1,1,1,1,0,18,1,0,0,1,0,0,0,1,ninguno,8,8,7,14.537142857142856,8,8,7,14.537142857142856,1,92.0,0,0,10.8,1.4,1.74,Activo,0,75.0,0,0.0,13.999497116600896,0,0
2025,8,Ing. Financiera y de Riesgos,4,3,3,1,1,0,18,1,0,1,1,1,0,0,0,beca,5,5,5,14.4,5,5,5,14.0,0,74.6,1,1,7.6,2.6,0.32,Abandono,1,100.0,3,0.0,13.423889017268785,0,1
2024,3,Lic. en Ciencia de Datos e Inteligencia de Negocios,5,8,3,1,1,0,20,1,0,1,1,0,1,0,1,beca,0,0,0,0.0,0,0,0,0.0,0,82.9,0,0,12.7,3.7,-1.7,Activo,0,37.5,1,0.0,0.0,0,0
2023,4,Ing. Comercial,1,8,1,1,1,0,19,1,0,1,1,0,0,0,0,beca,6,6,6,13.166666666666666,6,6,6,13.833333333333334,0,75.5,0,0,11.1,0.6,2.02,Activo,0,50.0,0,0.0,12.549618553116073,0,0
2024,8,Ing. Comercio Internacional,2,12,1,1,1,1,36,1,0,0,0,0,0,0,1,ninguno,6,15,2,11.5,7,9,0,0.0,4,80.8,0,0,15.5,2.8,-4.06,Abandono,1,100.0,1,1.0,5.294235269075788,1,0
2025,3,Lic. en Administración de Empresas,3,8,1,1,1,0,19,1,0,1,1,0,0,0,0,beca,6,7,6,11.333333333333334,6,7,6,12.428571428571429,0,81.2,0,0,11.1,0.6,2.02,Activo,0,37.5,0,0.0,10.881181137282917,0,0
2023,1,Ing. Financiera y de Riesgos,4,8,3,1,1,0,18,1,0,0,1,0,1,0,0,ninguno,6,6,6,12.0,6,6,5,13.6,0,84.8,0,0,8.9,1.4,3.51,Activo,0,12.5,0,0.0,12.37993411434897,0,0
2023,7,Lic. en Ciencia de Datos e Inteligencia de Negocios,5,1,3,1,1,0,18,1,0,1,1,0,0,0,1,credito,6,6,6,13.166666666666666,6,6,6,12.166666666666666,0,94.3,0,0,12.4,0.5,1.79,Activo,0,87.5,0,0.0,11.826584146548003,0,0
2025,5,Ing. Comercial,1,1,3,1,1,0,18,1,0,1,1,0,1,0,0,beca,6,6,6,14.833333333333334,6,6,6,14.166666666666666,0,79.8,0,0,8.9,1.4,3.51,Activo,0,62.5,0,0.0,14.043611218549263,0,0
2023,1,Ing. Comercio Internacional,2,15,1,1,1,0,19,1,0,0,1,0,1,0,0,ninguno,7,7,7,13.0,9,9,9,13.22222222222222,0,60.5,1,1,12.4,0.5,1.79,Activo,0,12.5,0,0.0,12.754518349960833,1,1
2025,5,Lic. en Administración de Empresas,3,9,3,1,1,0,18,1,0,0,1,0,1,0,1,ninguno,7,8,7,13.087142857142856,8,8,8,12.95,0,82.2,0,0,11.1,0.6,2.02,Activo,0,62.5,0,0.0,12.106118101525972,0,0
2023,1,Ing. Financiera y de Riesgos,4,1,1,1,1,0,19,1,0,1,1,0,1,0,1,credito,6,8,6,13.333333333333334,6,7,6,13.666666666666666,0,81.0,0,0,8.9,1.4,3.51,Activo,0,12.5,0,0.0,12.598874118566375,0,0
2024,1,Lic. en Ciencia de Datos e Inteligencia de Negocios,5,1,1,1,1,0,18,1,0,0,1,0,1,0,1,ninguno,6,7,6,12.166666666666666,6,10,4,12.75,0,76.7,0,0,10.8,1.4,1.74,Activo,0,12.5,0,0.0,11.875834058618612,0,0
2024,6,Ing. Comercial,1,17,1,1,16,0,22,1,0,1,0,0,1,0,0,beca,6,8,6,11.0,6,10,4,12.0,0,65.6,2,1,8.9,1.4,3.51,Activo,0,75.0,0,0.0,10.708322700221702,0,1
2025,2,Ing. Comercio Internacional,2,1,2,1,1,0,18,1,0,0,0,1,1,0,0,ninguno,6,0,0,0.0,6,0,0,0.0,6,84.0,1,1,11.1,0.6,2.02,Abandono,1,25.0,0,1.0,0.0,1,1
2025,2,Lic. en Administración de Empresas,3,8,4,1,1,0,19,1,0,0,1,0,1,0,1,ninguno,5,7,5,13.6,5,6,5,12.2,0,75.0,1,1,8.9,1.4,3.51,Activo,0,25.0,1,0.0,12.002930720428374,0,1
2025,3,Ing. Financiera y de Riesgos,4,1,1,1,1,0,18,1,0,0,1,0,1,0,0,ninguno,6,6,6,15.5,6,6,6,14.0,0,80.6,0,0,11.1,0.6,2.02,Activo,0,37.5,0,0.0,14.229460821476941,0,0
2024,7,Lic. en Ciencia de Datos e Inteligencia de Negocios,5,1,3,1,1,0,19,1,0,0,1,0,0,0,0,ninguno,7,7,7,13.857142857142858,7,7,7,14.285714285714286,0,76.1,0,0,11.1,0.6,2.02,Activo,0,87.5,1,0.0,13.404857891429284,0,0
2024,1,Ing. Comercial,1,8,2,1,1,0,20,1,0,0,1,1,1,0,1,ninguno,5,10,2,11.5,5,8,3,10.0,3,54.4,0,0,11.1,0.6,2.02,Activo,0,12.5,0,1.0,10.110239340156815,1,0
2025,3,Ing. Comercio Internacional,2,8,3,1,1,0,18,1,0,1,1,0,1,0,0,mixto,6,6,6,13.0,6,6,6,12.166666666666666,0,81.8,2,1,16.2,0.3,-0.92,Activo,0,37.5,0,0.0,12.035599254953532,0,1
2025,2,Lic. en Administración de Empresas,3,1,1,1,1,0,23,1,0,0,0,1,0,0,0,ninguno,6,10,6,14.0,6,11,4,13.0,0,69.2,0,0,11.1,0.6,2.02,Activo,0,25.0,1,0.0,12.57598145481054,0,0
2025,7,Ing. Financiera y de Riesgos,4,1,4,1,1,0,20,1,0,0,1,0,1,0,1,ninguno,4,4,0,0.0,6,0,0,0.0,4,82.0,0,0,8.9,1.4,3.51,Abandono,1,87.5,1,2.0,0.0,1,0
2023,1,Lic. en Ciencia de Datos e Inteligencia de Negocios,5,1,5,1,1,0,20,1,0,0,1,0,1,0,1,ninguno,6,6,6,11.166666666666666,6,9,6,11.5,0,65.5,1,1,12.4,0.5,1.79,Activo,0,12.5,3,0.0,10.928677285668845,0,1
2024,1,Ing. Comercial,1,1,1,1,1,0,22,1,0,1,0,1,1,0,0,credito,6,0,0,0.0,6,0,0,0.0,6,72.4,0,0,12.4,0.5,1.79,Abandono,1,12.5,1,2.0,0.0,1,0
2025,3,Ing. Comercio Internacional,2,8,2,1,1,0,18,1,0,1,1,0,1,0,0,credito,7,8,7,12.142857142857142,7,9,6,13.666666666666666,0,77.5,0,0,11.1,0.6,2.02,Activo,0,37.5,0,0.0,12.144515943772445,0,0
2024,1,Lic. en Administración de Empresas,3,8,1,1,1,0,18,1,0,1,1,0,0,0,1,beca,7,7,7,14.145714285714286,8,9,8,13.627777777777778,0,84.0,0,0,11.1,0.6,2.02,Activo,0,12.5,0,0.0,13.450512553718836,0,0
2024,1,Ing. Financiera y de Riesgos,4,1,1,1,1,0,18,1,0,0,1,0,0,0,0,ninguno,7,7,7,14.45,8,9,8,14.144444444444444,0,76.8,0,0,11.1,0.6,2.02,Activo,0,12.5,2,0.0,13.723720012643984,0,0
2024,4,Lic. en Ciencia de Datos e Inteligencia de Negocios,5,1,1,1,1,0,18,1,0,0,1,0,0,0,1,ninguno,7,7,7,15.714285714285714,7,7,7,15.0,0,84.1,0,0,11.1,0.6,2.02,Activo,0,50.0,0,0.0,14.394548167057737,0,0
2023,1,Ing. Comercial,1,16,1,1,1,0,21,1,0,0,1,0,0,0,1,ninguno,5,9,5,12.8,5,11,3,12.666666666666666,0,78.7,0,0,11.1,0.6,2.02,Activo,0,12.5,0,0.0,12.260701137449862,0,0
2023,2,Ing. Comercio Internacional,2,8,1,1,1,0,20,1,0,0,1,0,0,0,0,ninguno,6,6,6,12.5,6,8,6,11.5,0,83.0,0,0,10.8,1.4,1.74,Activo,0,25.0,0,0.0,11.232147508517825,0,0
2023,2,Lic. en Administración de Empresas,3,7,1,1,1,0,18,1,0,0,1,0,1,0,1,ninguno,6,6,6,14.5,6,6,6,12.833333333333334,0,89.0,0,0,12.4,0.5,1.79,Activo,0,25.0,0,0.0,12.848562091078355,0,0
2023,1,Ing. Financiera y de Riesgos,4,8,2,1,1,0,20,1,0,1,0,0,1,0,1,credito,7,7,7,13.462857142857144,8,10,7,13.164285714285716,0,74.6,3,1,11.1,0.6,2.02,Activo,0,12.5,0,0.0,12.699881338945818,0,1
2025,5,Lic. en Ciencia de Datos e Inteligencia de Negocios,5,1,1,0,1,0,25,1,0,0,1,0,1,0,1,ninguno,6,6,6,12.833333333333334,6,6,6,12.833333333333334,0,73.4,0,0,7.6,2.6,0.32,Activo,0,62.5,0,0.0,11.877065142601626,0,0
2024,1,Ing. Comercial,1,1,1,1,1,0,18,1,0,1,1,0,1,0,1,credito,5,10,5,12.0,5,8,4,11.6,0,78.6,1,1,13.9,-0.3,0.79,Activo,0,12.5,0,0.0,10.984340285346848,0,1
2024,2,Ing. Comercio Internacional,2,1,3,1,1,0,19,1,0,0,1,0,1,0,0,ninguno,0,0,0,0.0,0,0,0,0.0,0,75.8,0,0,13.9,-0.3,0.79,Activo,0,25.0,0,0.0,0.0,0,0
2025,1,Lic. en Administración de Empresas,3,1,1,1,1,0,20,1,1,0,1,0,1,0,1,ninguno,7,9,6,14.714285714285714,7,16,6,13.2,1,83.3,1,1,12.4,0.5,1.79,Activo,0,12.5,0,0.0,13.25860821589959,0,1
2024,4,Ing. Financiera y de Riesgos,4,1,2,1,1,0,20,1,0,1,1,0,1,0,0,credito,6,7,6,12.571428571428571,6,7,6,13.285714285714286,0,92.0,1,1,12.4,0.5,1.79,Activo,0,50.0,0,0.0,12.143742018173858,0,1
2024,1,Lic. en Ciencia de Datos e Inteligencia de Negocios,5,9,4,1,1,0,21,1,0,1,1,0,1,0,1,beca,6,6,6,12.5,6,6,6,11.5,0,65.0,3,1,11.1,0.6,2.02,Activo,0,12.5,0,0.0,11.285466873699548,0,1
2024,8,Ing. Comercial,1,8,3,1,1,0,18,1,0,0,1,0,1,0,1,ninguno,6,8,6,14.0,6,9,5,14.0,0,63.0,1,1,8.9,1.4,3.51,Activo,0,100.0,1,0.0,13.084911691321746,1,1
2023,7,Ing. Comercio Internacional,2,8,1,1,1,0,18,1,0,0,1,0,1,0,1,ninguno,7,8,7,11.571428571428571,7,9,6,13.166666666666666,0,93.4,2,1,11.1,0.6,2.02,Abandono,1,87.5,0,0.0,11.819225555451338,0,1
2023,6,Lic. en Administración de Empresas,3,1,3,1,1,0,18,1,0,1,1,0,1,0,1,beca,6,6,6,15.833333333333334,6,6,6,15.333333333333334,0,62.4,0,0,11.1,0.6,2.02,Activo,0,75.0,0,0.0,15.073413315294271,1,0
2023,2,Ing. Financiera y de Riesgos,4,1,4,1,1,0,18,1,0,0,1,0,1,0,0,ninguno,8,8,8,14.25,8,8,8,14.25,0,90.2,3,1,9.4,-0.8,-3.12,Activo,0,25.0,0,0.0,13.800312777353316,0,1
2023,6,Lic. en Ciencia de Datos e Inteligencia de Negocios,5,14,1,1,1,0,19,1,0,0,1,0,0,0,0,ninguno,6,0,0,0.0,6,0,0,0.0,6,88.0,0,0,15.5,2.8,-4.06,Abandono,1,75.0,2,2.0,0.0,1,0
2024,4,Ing. Comercial,1,8,1,1,1,0,20,1,0,0,1,0,1,0,0,ninguno,6,8,6,11.666666666666666,6,10,6,11.0,0,94.2,0,0,13.9,-0.3,0.79,Abandono,1,50.0,0,0.0,11.003223558267294,0,0
2025,4,Ing. Comercio Internacional,2,12,1,1,7,0,47,1,0,0,1,0,0,0,0,ninguno,6,12,0,0.0,5,10,0,0.0,6,67.9,2,1,7.6,2.6,0.32,Abandono,1,50.0,2,2.0,0.0,1,1
2023,2,Lic. en Administración de Empresas,3,14,1,1,1,0,21,1,1,0,1,1,0,0,0,ninguno,5,9,5,13.2,5,7,2,12.5,0,82.6,1,1,10.8,1.4,1.74,Activo,0,25.0,0,0.0,12.075124797515866,0,1
2023,2,Ing. Financiera y de Riesgos,4,12,1,1,1,1,31,2,0,0,1,0,0,0,0,ninguno,6,11,2,12.0,6,12,1,10.0,4,94.6,2,1,16.2,0.3,-0.92,Abandono,1,25.0,0,2.0,10.23762730919446,1,1
2023,7,Lic. en Ciencia de Datos e Inteligencia de Negocios,5,12,1,1,1,1,46,2,0,0,1,0,1,0,0,ninguno,5,6,0,0.0,5,5,0,0.0,5,94.7,1,1,7.6,2.6,0.32,Abandono,1,87.5,1,2.0,0.0,1,1
2023,3,Ing. Comercial,1,1,3,1,1,1,18,1,0,0,1,0,1,0,0,ninguno,5,9,4,12.0,5,10,2,11.0,1,67.3,0,0,8.9,1.4,3.51,Activo,0,37.5,1,0.0,10.605546598714128,0,0
2025,4,Ing. Comercio Internacional,2,8,3,1,1,1,19,1,0,0,1,0,1,1,1,ninguno,5,10,3,13.333333333333334,5,9,4,10.75,2,79.9,0,0,8.9,1.4,3.51,Abandono,1,50.0,0,1.0,11.405479818700728,1,0
2023,6,Lic. en Administración de Empresas,3,16,1,1,1,1,23,1,0,0,1,0,1,0,1,ninguno,7,11,5,12.414285714285713,7,13,2,13.5,2,75.5,1,1,8.9,1.4,3.51,Activo,0,75.0,0,1.0,12.047855277152046,1,1
2025,7,Ing. Financiera y de Riesgos,4,15,1,1,14,1,22,1,0,0,0,0,0,0,0,ninguno,5,5,0,0.0,5,5,0,0.0,5,93.7,1,1,12.7,3.7,-1.7,Abandono,1,87.5,0,1.0,0.0,1,1
2024,1,Lic. en Ciencia de Datos e Inteligencia de Negocios,5,1,1,1,1,1,19,1,0,0,1,0,1,0,1,ninguno,5,5,5,13.8,5,7,5,12.4,0,71.9,0,0,9.4,-0.8,-3.12,Activo,0,12.5,0,0.0,12.151304746962637,0,0
2024,6,Ing. Comercial,1,1,1,1,1,0,19,1,1,0,0,1,0,0,1,ninguno,5,14,0,0.0,5,5,0,0.0,5,72.9,1,1,8.9,1.4,3.51,Abandono,1,75.0,0,3.0,0.0,1,1
2025,3,Ing. Comercio Internacional,2,8,1,1,1,1,22,1,0,0,0,0,0,0,0,ninguno,5,10,4,11.5,5,11,4,14.0,1,88.5,0,0,8.9,1.4,3.51,Activo,0,37.5,0,0.0,12.269976004782901,0,0
2024,8,Lic. en Administración de Empresas,3,12,1,1,1,1,29,1,0,0,0,1,0,0,0,ninguno,5,11,0,0.0,5,6,0,0.0,5,85.7,1,1,9.4,-0.8,-3.12,Abandono,1,100.0,1,2.0,0.0,1,1
2025,2,Ing. Financiera y de Riesgos,4,1,3,1,1,0,18,1,0,0,1,0,1,0,0,ninguno,7,7,6,14.016666666666666,7,7,6,14.016666666666666,1,78.4,0,0,7.6,2.6,0.32,Activo,0,25.0,0,1.0,13.343545273624887,0,0
2024,8,Lic. en Ciencia de Datos e Inteligencia de Negocios,5,1,1,1,1,0,18,1,0,0,1,0,1,0,0,ninguno,6,9,5,11.4,6,8,5,10.8,1,82.4,0,0,9.4,-0.8,-3.12,Activo,0,100.0,4,0.0,10.703470824788768,0,0
2023,2,Ing. Comercial,1,1,1,1,1,0,23,1,0,1,0,1,1,0,0,beca,0,0,0,0.0,0,0,0,0.0,0,70.6,0,0,9.4,-0.8,-3.12,Abandono,1,25.0,0,0.0,0.0,0,0
2024,2,Ing. Comercio Internacional,2,12,1,0,1,0,34,2,0,0,1,0,0,0,0,ninguno,5,12,5,10.4,5,11,5,12.0,0,74.9,0,0,12.4,0.5,1.79,Activo,0,25.0,1,0.0,10.679650063398128,0,0
2023,4,Lic. en Administración de Empresas,3,8,1,1,1,0,19,1,0,0,1,0,0,0,1,ninguno,5,11,3,10.666666666666666,5,9,4,10.25,2,68.1,2,1,11.1,0.6,2.02,Activo,0,50.0,0,1.0,10.12168919656661,1,1
2025,6,Ing. Financiera y de Riesgos,4,1,1,1,1,0,18,1,0,0,1,0,1,0,0,ninguno,5,9,4,14.25,5,8,5,12.714285714285714,1,86.0,1,1,10.8,1.4,1.74,Activo,0,75.0,1,1.0,12.518083546748262,0,1
2025,3,Lic. en Ciencia de Datos e Inteligencia de Negocios,5,8,6,1,1,0,20,1,0,1,1,0,0,0,0,beca,7,7,7,13.914285714285713,8,8,8,14.10625,0,71.8,0,0,11.1,0.6,2.02,Activo,0,37.5,0,0.0,13.261224598797856,0,0
2023,6,Ing. Comercial,1,1,6,1,1,0,19,1,0,0,1,0,1,0,0,ninguno,7,9,7,13.761111111111113,8,11,7,12.82375,0,76.4,2,1,15.5,2.8,-4.06,Activo,0,75.0,0,0.0,12.378587303245963,0,1
2024,1,Ing. Comercio Internacional,2,3,2,1,1,0,22,1,0,0,1,0,1,0,0,ninguno,6,10,5,12.6,6,9,4,11.25,1,68.4,0,0,12.7,3.7,-1.7,Activo,0,12.5,0,0.0,11.151760796490723,0,0
2023,2,Lic. en Administración de Empresas,3,1,1,1,1,0,23,1,0,1,1,0,1,0,1,beca,6,7,6,13.857142857142858,6,6,6,14.166666666666666,0,81.3,0,0,10.8,1.4,1.74,Activo,0,25.0,0,0.0,13.462016177406683,0,0
2025,6,Ing. Financiera y de Riesgos,4,12,1,1,1,1,34,2,0,1,1,0,0,0,1,beca,8,8,7,13.842857142857143,8,8,7,13.842857142857143,1,86.1,0,0,12.7,3.7,-1.7,Activo,0,75.0,0,0.0,13.183975492226976,0,0
2023,7,Lic. en Ciencia de Datos e Inteligencia de Negocios,5,8,4,1,1,1,18,1,0,0,0,1,1,0,0,ninguno,5,12,0,0.0,5,8,0,0.0,5,55.3,0,0,9.4,-0.8,-3.12,Activo,0,87.5,1,1.0,0.0,1,0
2024,7,Ing. Comercial,1,1,3,1,1,1,21,1,0,0,1,0,1,1,1,ninguno,6,6,5,11.8,6,9,0,0.0,1,73.6,0,0,16.2,0.3,-0.92,Abandono,1,87.5,0,0.0,4.927823372358994,0,0
2025,4,Ing. Comercio Internacional,2,1,1,1,1,1,22,1,0,0,1,0,1,0,0,ninguno,6,6,6,12.666666666666666,6,6,6,13.833333333333334,0,84.6,0,0,10.8,1.4,1.74,Abandono,1,50.0,2,0.0,12.772431378614812,0,0
2025,1,Lic. en Administración de Empresas,3,12,1,1,9,1,28,1,0,0,1,0,0,0,1,ninguno,6,6,0,0.0,6,6,0,0.0,6,91.8,1,1,11.1,0.6,2.02,Abandono,1,12.5,1,2.0,0.0,1,1
2023,2,Ing. Financiera y de Riesgos,4,3,4,1,1,1,23,1,0,0,1,0,1,0,0,ninguno,5,7,0,0.0,5,5,0,0.0,5,78.2,1,1,7.6,2.6,0.32,Abandono,1,25.0,0,2.0,0.0,1,1
2025,1,Lic. en Ciencia de Datos e Inteligencia de Negocios,5,1,1,1,1,1,20,1,0,0,1,0,0,0,0,ninguno,6,11,4,10.75,6,13,2,10.0,2,89.1,0,0,7.6,2.6,0.32,Abandono,1,12.5,0,1.0,9.60570913973873,1,0
2023,1,Ing. Comercial,1,9,2,1,1,1,18,1,0,0,1,0,1,0,0,ninguno,5,7,5,12.6,5,9,3,13.25,0,97.3,0,0,13.9,-0.3,0.79,Abandono,1,12.5,0,0.0,11.973113360819065,0,0
2025,3,Ing. Comercio Internacional,2,12,2,1,9,1,28,1,0,0,0,1,1,0,1,ninguno,5,5,0,0.0,5,5,0,0.0,5,58.7,3,1,9.4,-0.8,-3.12,Abandono,1,37.5,0,2.0,0.0,1,1
2023,2,Lic. en Administración de Empresas,3,15,1,1,14,1,21,1,0,0,1,0,0,0,0,ninguno,7,7,2,12.0,9,10,7,12.142857142857142,5,71.9,0,0,12.4,0.5,1.79,Abandono,1,25.0,0,2.0,11.10431724820026,1,0
2024,8,Ing. Financiera y de Riesgos,4,12,1,1,1,1,25,1,0,0,0,1,0,0,0,ninguno,6,7,3,14.0,6,9,2,14.5,3,68.2,0,0,13.9,-0.3,0.79,Abandono,1,100.0,0,1.0,13.458051985983818,1,0
2024,4,Lic. en Ciencia de Datos e Inteligencia de Negocios,5,15,1,1,14,1,19,1,0,0,0,0,1,1,1,ninguno,6,6,6,14.0,6,11,6,13.5,0,100.0,2,1,12.4,0.5,1.79,Abandono,1,50.0,0,0.0,13.420595962806832,0,1
2023,5,Ing. Comercial,1,1,4,1,1,1,18,1,0,1,1,0,1,0,0,mixto,7,7,7,14.682857142857143,8,9,8,15.055555555555555,0,72.1,3,1,12.4,0.5,1.79,Activo,0,62.5,0,0.0,13.934395366933012,0,1
2023,2,Ing. Comercio Internacional,2,12,1,1,3,1,29,1,0,0,1,0,0,0,0,ninguno,3,3,0,0.0,5,0,0,0.0,3,79.7,0,0,10.8,1.4,1.74,Abandono,1,25.0,0,1.0,0.0,1,0
2025,4,Lic. en Administración de Empresas,3,12,1,1,12,1,29,1,0,1,1,0,0,0,0,beca,5,6,0,0.0,5,7,0,0.0,5,56.4,1,1,12.4,0.5,1.79,Abandono,1,50.0,0,2.0,0.0,1,1
2024,2,Ing. Financiera y de Riesgos,4,9,1,1,1,1,20,1,0,0,1,0,0,0,0,ninguno,6,7,6,13.857142857142858,6,7,5,12.8,0,87.2,0,0,16.2,0.3,-0.92,Activo,0,25.0,0,0.0,12.632044804385686,0,0
2024,7,Lic. en Ciencia de Datos e Inteligencia de Negocios,5,1,1,1,1,1,18,1,0,0,1,0,0,0,0,ninguno,0,0,0,0.0,0,0,0,0.0,0,90.0,0,0,9.4,-0.8,-3.12,Activo,0,87.5,1,0.0,0.0,0,0
2024,7,Ing. Comercial,1,1,1,1,1,1,20,1,0,0,1,0,0,0,0,ninguno,6,8,6,13.142857142857142,6,7,6,12.5,0,71.7,0,0,8.9,1.4,3.51,Activo,0,87.5,0,0.0,12.193012337431393,0,0
2025,1,Ing. Comercio Internacional,2,12,1,1,1,1,33,2,0,0,1,0,1,0,1,ninguno,5,14,1,18.0,5,9,2,13.0,4,64.7,1,1,9.4,-0.8,-3.12,Abandono,1,12.5,0,2.0,14.618210948297579,1,1
2024,4,Lic. en Administración de Empresas,3,13,1,0,1,1,30,1,0,0,1,0,0,0,1,ninguno,15,15,13,11.461538461538462,11,15,10,11.583333333333334,2,76.7,0,0,16.2,0.3,-0.92,Activo,0,50.0,1,0.0,11.211598176039637,1,0
2025,2,Ing. Financiera y de Riesgos,4,1,1,1,1,1,21,1,0,1,1,0,0,0,0,credito,7,14,5,11.2,8,11,6,11.583333333333334,2,71.3,1,1,16.2,0.3,-0.92,Activo,0,25.0,0,1.0,10.900624654439605,1,1
2023,5,Lic. en Ciencia de Datos e Inteligencia de Negocios,5,1,1,1,1,1,18,1,0,0,1,1,0,0,0,ninguno,6,6,5,15.0,6,8,4,14.5,1,84.7,0,0,8.9,1.4,3.51,Activo,0,62.5,0,0.0,14.44828178948931,0,0
2025,5,Ing. Comercial,1,1,1,1,1,1,19,1,0,1,1,0,0,0,0,beca,7,9,7,14.244444444444444,8,12,8,12.233333333333333,0,73.5,0,0,15.5,2.8,-4.06,Activo,0,62.5,0,0.0,12.647890972483994,0,0
2024,4,Ing. Comercio Internacional,2,8,1,1,1,1,21,1,0,1,1,0,0,0,0,credito,6,8,4,11.5,6,7,5,11.0,2,90.8,0,0,15.5,2.8,-4.06,Abandono,1,50.0,1,1.0,10.440179142654387,1,0
2024,5,Lic. en Administración de Empresas,3,12,2,1,1,1,25,1,0,1,1,0,0,0,0,credito,7,7,2,10.0,7,7,0,0.0,5,95.1,1,1,15.5,2.8,-4.06,Abandono,1,62.5,0,3.0,4.14085971961976,1,1
2023,5,Ing. Financiera y de Riesgos,4,1,2,1,1,1,19,1,0,0,1,0,0,0,0,ninguno,5,7,3,12.333333333333334,5,5,5,11.6,2,76.8,2,1,9.4,-0.8,-3.12,Activo,0,62.5,1,1.0,11.005033833877762,1,1
2023,2,Lic. en Ciencia de Datos e Inteligencia de Negocios,5,15,1,1,14,1,23,1,0,0,1,0,1,0,0,ninguno,7,8,5,12.2,9,10,7,12.142857142857142,2,76.5,0,0,16.2,0.3,-0.92,Abandono,1,25.0,0,1.0,11.44547534234902,1,0
2023,6,Ing. Comercial,1,8,2,1,1,1,19,1,0,1,1,0,1,0,1,credito,6,6,6,13.666666666666666,6,7,5,13.2,0,77.9,0,0,12.4,0.5,1.79,Activo,0,75.0,1,0.0,12.955094526676307,0,0
2025,3,Ing. Comercio Internacional,2,1,1,1,1,1,19,1,0,0,1,0,1,0,0,ninguno,0,0,0,0.0,0,0,0,0.0,0,65.1,0,0,9.4,-0.8,-3.12,Activo,0,37.5,0,0.0,0.0,0,0
2025,1,Lic. en Administración de Empresas,3,12,1,1,1,1,31,1,0,0,0,1,0,0,0,ninguno,6,15,1,11.0,6,10,0,0.0,5,85.4,0,0,16.2,0.3,-0.92,Abandono,1,12.5,0,2.0,4.657278972283737,1,0
2023,2,Ing. Financiera y de Riesgos,4,12,1,1,1,1,32,1,0,0,0,1,0,0,0,ninguno,6,8,3,13.0,10,14,6,11.428571428571429,3,84.7,0,0,16.2,0.3,-0.92,Abandono,1,25.0,1,1.0,11.512185776183514,1,0
2023,1,Lic. en Ciencia de Datos e Inteligencia de Negocios,5,7,2,1,1,0,19,1,0,1,1,0,1,0,0,mixto,8,12,7,12.599999999999998,8,12,7,12.599999999999998,1,76.3,3,1,10.8,1.4,1.74,Activo,0,12.5,2,0.0,11.813051848996743,0,1
2023,3,Ing. Comercial,1,13,1,1,6,0,34,1,0,0,1,0,1,0,1,ninguno,10,11,10,12.2,10,12,9,12.333333333333334,0,71.3,2,1,7.6,2.6,0.32,Activo,0,37.5,1,0.0,11.319645218161465,0,1
2024,3,Ing. Comercio Internacional,2,7,6,1,1,0,21,1,0,0,1,0,1,0,0,ninguno,6,6,6,13.166666666666666,6,6,6,13.0,0,74.0,0,0,7.6,2.6,0.32,Activo,0,37.5,0,0.0,12.284657513402287,0,0
2024,8,Lic. en Administración de Empresas,3,14,2,1,1,0,53,1,0,1,1,0,1,0,1,beca,7,16,6,11.0,7,9,7,11.0,1,78.1,0,0,9.4,-0.8,-3.12,Activo,0,100.0,1,0.0,10.442137844690686,0,0
2025,7,Ing. Financiera y de Riesgos,4,1,1,1,1,0,19,1,0,1,1,0,0,0,0,beca,7,7,7,14.014285714285714,8,8,8,15.35,0,84.2,0,0,13.9,-0.3,0.79,Activo,0,87.5,1,0.0,13.883023115540489,0,0
2024,6,Lic. en Ciencia de Datos e Inteligencia de Negocios,5,1,3,1,1,0,20,1,0,1,1,0,0,0,0,mixto,6,9,4,13.0,6,13,4,11.25,2,77.4,0,0,10.8,1.4,1.74,Activo,0,75.0,0,1.0,11.79680528608523,1,0
2023,1,Ing. Comercial,1,1,2,1,1,0,18,1,0,0,1,0,1,0,0,ninguno,6,6,6,14.0,6,6,6,14.666666666666666,0,71.3,1,1,10.8,1.4,1.74,Activo,0,12.5,0,0.0,13.762842440051925,0,1
2025,7,Ing. Comercio Internacional,2,12,1,1,1,0,32,1,0,0,0,0,0,0,0,ninguno,0,0,0,0.0,0,0,0,0.0,0,76.0,0,0,16.2,0.3,-0.92,Abandono,1,87.5,0,0.0,0.0,0,0
2025,1,Lic. en Administración de Empresas,3,14,1,1,1,0,21,1,0,1,1,0,1,0,1,credito,8,8,7,14.428571428571429,8,8,7,14.428571428571429,1,93.5,1,1,12.7,3.7,-1.7,Activo,0,12.5,0,0.0,14.011784664476844,0,1
2024,7,Ing. Financiera y de Riesgos,4,4,1,0,3,0,26,1,0,0,0,0,0,0,0,ninguno,5,9,0,0.0,5,10,0,0.0,5,82.4,1,1,9.4,-0.8,-3.12,Abandono,1,87.5,1,3.0,0.0,1,1
2025,1,Lic. en Ciencia de Datos e Inteligencia de Negocios,5,13,1,1,14,0,26,1,0,0,1,0,1,0,1,ninguno,18,45,18,11.833333333333334,13,27,13,12.461538461538462,0,70.8,0,0,15.5,2.8,-4.06,Activo,0,12.5,0,0.0,11.754069031789477,0,0
2024,2,Ing. Comercial,1,15,1,0,14,0,21,2,0,0,0,0,0,0,0,ninguno,5,12,3,11.333333333333334,5,10,1,13.0,2,80.8,1,1,15.5,2.8,-4.06,Abandono,1,25.0,0,1.0,11.408431619608729,1,1
2024,4,Ing. Comercio Internacional,2,8,1,1,1,0,18,1,0,0,1,0,0,0,0,ninguno,6,9,6,12.5,6,9,6,13.0,0,86.5,1,1,7.6,2.6,0.32,Activo,0,50.0,0,0.0,11.888397828545418,0,1
2025,4,Lic. en Administración de Empresas,3,14,1,1,14,0,21,1,0,1,1,0,1,0,1,mixto,12,12,12,13.333333333333334,12,12,11,12.545454545454543,0,78.0,1,1,15.5,2.8,-4.06,Activo,0,50.0,1,0.0,11.947651494485056,0,1
2023,1,Ing. Financiera y de Riesgos,4,1,1,1,1,0,21,1,0,0,1,0,1,0,1,ninguno,6,10,6,10.833333333333334,6,10,4,11.0,0,96.1,3,1,7.6,2.6,0.32,Activo,0,12.5,1,0.0,10.374212214490722,0,1
2023,1,Lic. en Ciencia de Datos e Inteligencia de Negocios,5,8,1,1,1,0,19,1,0,1,1,0,0,0,0,beca,6,6,6,13.0,6,6,6,14.0,0,57.6,0,0,13.9,-0.3,0.79,Activo,0,12.5,1,0.0,12.78043454441723,1,0
2024,4,Ing. Comercial,1,8,1,1,1,0,19,1,0,0,1,0,0,0,0,ninguno,5,7,2,10.0,5,11,2,14.0,3,75.9,0,0,10.8,1.4,1.74,Abandono,1,50.0,0,1.0,11.043998523229416,1,0
2025,4,Ing. Comercio Internacional,2,14,2,1,1,0,19,1,0,1,1,0,0,0,0,beca,6,8,6,11.428571428571429,6,11,5,11.2,0,65.3,3,1,10.8,1.4,1.74,Activo,0,50.0,1,0.0,10.897356467349006,0,1
2025,2,Lic. en Administración de Empresas,3,4,1,1,3,0,27,1,0,0,1,0,1,0,1,ninguno,8,8,8,12.8875,8,8,8,12.8875,0,78.8,0,0,9.4,-0.8,-3.12,Activo,0,25.0,1,0.0,12.085148089560079,0,0
2025,2,Ing. Financiera y de Riesgos,4,1,2,1,1,0,18,1,0,1,1,0,1,0,0,credito,7,7,6,12.95,7,7,6,12.95,1,63.3,3,1,7.6,2.6,0.32,Activo,0,25.0,0,1.0,12.121514886795586,1,1
2024,2,Lic. en Ciencia de Datos e Inteligencia de Negocios,5,1,2,1,1,0,20,1,0,0,1,0,1,0,0,ninguno,5,12,1,10.0,5,5,0,0.0,4,100.0,1,1,12.7,3.7,-1.7,Abandono,1,25.0,0,2.0,4.637717124891463,1,1
2025,6,Ing. Comercial,1,1,3,1,1,0,19,1,0,1,1,0,1,0,1,beca,7,7,7,13.094285714285714,8,8,8,12.55,0,74.5,2,1,12.4,0.5,1.79,Activo,0,75.0,0,0.0,11.919268287514711,0,1
2024,2,Ing. Comercio Internacional,2,1,4,1,1,0,20,1,0,0,1,0,1,0,0,ninguno,6,7,0,0.0,6,6,0,0.0,6,78.4,0,0,16.2,0.3,-0.92,Abandono,1,25.0,0,2.0,0.0,1,0
2023,1,Lic. en Administración de Empresas,3,8,2,1,1,0,19,1,0,1,1,0,1,0,1,beca,6,12,5,11.714285714285714,6,11,6,11.0,1,85.3,0,0,12.7,3.7,-1.7,Activo,0,12.5,0,1.0,11.033760752538653,0,0
2024,8,Ing. Financiera y de Riesgos,4,8,5,1,1,0,20,1,0,0,1,0,1,0,1,ninguno,6,8,4,11.25,6,15,3,10.0,2,77.7,0,0,9.4,-0.8,-3.12,Activo,0,100.0,0,1.0,10.261240909583965,1,0
2023,5,Lic. en Ciencia de Datos e Inteligencia de Negocios,5,1,1,1,1,0,20,1,0,0,1,0,0,0,1,ninguno,0,0,0,0.0,0,0,0,0.0,0,74.7,1,1,15.5,2.8,-4.06,Abandono,1,62.5,0,0.0,0.0,0,1
2023,4,Ing. Comercial,1,1,1,1,1,0,18,1,0,0,1,0,0,0,1,ninguno,6,6,6,13.166666666666666,6,6,6,13.333333333333334,0,68.9,0,0,7.6,2.6,0.32,Activo,0,50.0,0,0.0,12.715679527740447,0,0
2023,2,Ing. Comercio Internacional,2,1,1,1,1,0,20,1,0,0,1,0,1,0,0,ninguno,5,7,4,12.75,5,5,5,13.4,1,77.7,0,0,10.8,1.4,1.74,Activo,0,25.0,3,0.0,12.41849770652405,0,0
2023,1,Lic. en Administración de Empresas,3,12,1,0,1,0,38,2,0,0,0,0,0,0,1,ninguno,5,6,5,10.6,5,9,2,11.0,0,79.1,1,1,12.7,3.7,-1.7,Abandono,1,12.5,0,0.0,10.127356590431761,0,1
2023,1,Ing. Financiera y de Riesgos,4,12,1,0,1,0,42,4,0,0,1,0,0,0,0,ninguno,6,8,5,11.2,6,6,6,12.0,1,64.2,0,0,8.9,1.4,3.51,Activo,0,12.5,1,1.0,11.11263326816139,1,0
2025,2,Lic. en Ciencia de Datos e Inteligencia de Negocios,5,12,1,1,1,0,32,1,0,0,1,0,0,0,0,ninguno,7,0,0,0.0,8,0,0,0.0,7,64.9,1,1,13.9,-0.3,0.79,Abandono,1,25.0,0,4.0,0.0,1,1
2023,1,Ing. Comercial,1,6,1,1,1,0,22,1,1,0,1,0,1,0,1,ninguno,6,6,6,13.0,6,6,6,13.666666666666666,0,88.4,0,0,12.4,0.5,1.79,Activo,0,12.5,0,0.0,12.775549380422992,0,0
2023,3,Ing. Comercio Internacional,2,12,1,0,1,0,28,2,0,0,1,0,1,0,1,ninguno,5,10,0,0.0,5,5,0,0.0,5,81.4,1,1,7.6,2.6,0.32,Abandono,1,37.5,0,3.0,0.0,1,1
2025,4,Lic. en Administración de Empresas,3,12,1,0,7,0,37,2,0,0,1,0,1,0,1,ninguno,6,0,0,0.0,6,0,0,0.0,6,70.0,0,0,9.4,-0.8,-3.12,Abandono,1,50.0,1,1.0,0.0,1,0
2023,2,Ing. Financiera y de Riesgos,4,15,1,1,14,0,43,2,0,0,1,0,0,0,0,ninguno,6,8,6,14.166666666666666,6,9,6,15.0,0,77.5,0,0,15.5,2.8,-4.06,Activo,0,25.0,0,0.0,13.911556737552424,0,0
2024,3,Lic. en Ciencia de Datos e Inteligencia de Negocios,5,12,1,0,1,0,41,6,0,1,1,0,0,0,1,beca,6,10,5,12.833333333333334,6,6,6,12.333333333333334,1,64.3,0,0,13.9,-0.3,0.79,Activo,0,37.5,0,0.0,11.997578057521572,1,0
2025,5,Ing. Comercial,1,12,1,0,12,0,29,4,0,1,1,0,0,0,0,mixto,6,11,4,11.75,6,9,5,10.4,2,74.5,1,1,10.8,1.4,1.74,Activo,0,62.5,1,1.0,10.583310236630519,1,1
2025,6,Ing. Comercio Internacional,2,12,1,0,1,0,35,1,0,1,1,0,0,0,1,beca,6,8,6,10.833333333333334,6,7,6,11.5,0,95.4,3,1,10.8,1.4,1.74,Activo,0,75.0,0,0.0,10.774740391831646,0,1
2024,1,Lic. en Administración de Empresas,3,8,6,1,1,0,18,1,0,0,1,0,1,0,0,ninguno,6,8,4,11.75,6,8,4,12.25,2,86.0,0,0,9.4,-0.8,-3.12,Abandono,1,12.5,0,1.0,11.12658484993264,1,0
2024,3,Ing. Financiera y de Riesgos,4,12,1,1,12,0,39,1,0,1,0,0,0,0,0,beca,7,14,3,11.5,7,9,2,10.5,4,96.5,2,1,16.2,0.3,-0.92,Abandono,1,37.5,1,1.0,10.002698330513066,1,1
2024,1,Lic. en Ciencia de Datos e Inteligencia de Negocios,5,12,1,0,1,0,37,4,0,0,1,0,0,0,1,ninguno,5,14,2,10.0,5,7,3,11.333333333333334,3,88.5,0,0,12.7,3.7,-1.7,Activo,0,12.5,0,1.0,10.13598717319995,1,0
2025,1,Ing. Comercial,1,12,1,1,1,0,26,1,0,1,1,0,1,0,1,credito,7,7,6,13.7,7,7,6,13.7,1,77.5,0,0,7.6,2.6,0.32,Activo,0,12.5,0,0.0,13.132865269076376,0,0
2024,1,Ing. Comercio Internacional,2,4,1,1,3,0,32,1,0,0,1,0,1,0,1,ninguno,5,8,1,14.0,5,12,0,0.0,4,89.1,0,0,10.8,1.4,1.74,Abandono,1,12.5,0,1.0,6.26737373272613,1,0
2024,8,Lic. en Administración de Empresas,3,12,1,0,1,0,37,2,0,0,1,1,0,0,1,ninguno,8,12,7,11.375,7,10,6,12.166666666666666,1,72.4,0,0,13.9,-0.3,0.79,Activo,0,100.0,0,0.0,10.967924301018453,0,0
2023,3,Ing. Financiera y de Riesgos,4,12,1,1,1,0,28,1,0,0,1,1,1,0,1,ninguno,6,17,0,0.0,6,6,0,0.0,6,73.9,0,0,8.9,1.4,3.51,Activo,0,37.5,0,2.0,0.0,1,0
2023,8,Lic. en Ciencia de Datos e Inteligencia de Negocios,5,1,1,1,1,0,19,1,0,0,1,0,1,0,0,ninguno,6,10,0,0.0,6,0,0,0.0,6,64.2,0,0,7.6,2.6,0.32,Abandono,1,100.0,1,2.0,0.0,1,0
2024,1,Ing. Comercial,1,1,5,1,1,0,18,1,0,0,1,0,1,0,0,ninguno,5,9,1,11.0,5,9,2,12.5,4,84.2,0,0,7.6,2.6,0.32,Activo,0,12.5,0,2.0,11.057997207539756,1,0
2023,2,Ing. Comercio Internacional,2,1,1,1,1,0,19,1,0,1,1,0,0,0,0,beca,7,10,6,13.0,7,7,7,13.285714285714286,1,76.1,1,1,12.4,0.5,1.79,Activo,0,25.0,1,1.0,12.52758408937299,0,1
2024,7,Lic. en Administración de Empresas,3,4,1,1,3,0,32,2,0,0,1,0,0,0,0,ninguno,11,15,8,13.6,8,10,8,15.11111111111111,3,83.4,0,0,13.9,-0.3,0.79,Activo,0,87.5,0,2.0,13.60288462834362,1,0
2025,6,Ing. Financiera y de Riesgos,4,12,1,1,1,0,31,2,0,0,1,0,1,0,0,ninguno,5,8,3,11.0,5,9,2,11.5,2,79.7,0,0,7.6,2.6,0.32,Abandono,1,75.0,0,1.0,10.283037306225578,1,0
2025,7,Lic. en Ciencia de Datos e Inteligencia de Negocios,5,12,1,1,1,0,34,1,0,0,1,0,1,0,0,ninguno,8,11,7,11.705714285714285,8,11,7,11.705714285714285,1,88.4,1,1,10.8,1.4,1.74,Activo,0,87.5,0,0.0,10.84952767961909,0,1
2025,4,Ing. Comercial,1,1,3,1,1,0,20,1,0,0,1,0,1,0,0,ninguno,12,12,12,13.25,11,14,11,14.333333333333334,0,76.5,3,1,8.9,1.4,3.51,Activo,0,50.0,1,0.0,13.46365747529208,0,1
2025,1,Ing. Comercio Internacional,2,12,1,1,12,0,28,1,0,0,1,0,0,0,0,ninguno,7,15,1,10.75,7,10,1,10.0,6,74.5,1,1,13.9,-0.3,0.79,Abandono,1,12.5,1,2.0,9.842383062482028,1,1
2025,5,Lic. en Administración de Empresas,3,15,1,0,14,0,31,1,0,0,1,0,0,0,1,ninguno,6,8,6,12.0,7,8,7,13.428571428571429,0,81.4,0,0,9.4,-0.8,-3.12,Activo,0,62.5,0,0.0,12.08490443481986,0,0
2023,1,Ing. Financiera y de Riesgos,4,1,1,1,1,0,18,1,0,0,1,0,1,0,1,ninguno,6,7,6,12.666666666666666,6,8,4,12.25,0,75.5,0,0,7.6,2.6,0.32,Activo,0,12.5,0,0.0,11.938171032786958,0,0
2023,3,Lic. en Ciencia de Datos e Inteligencia de Negocios,5,12,1,0,12,0,31,4,0,0,0,0,0,0,1,ninguno,6,8,5,11.4,6,9,3,11.0,1,87.5,0,0,9.4,-0.8,-3.12,Abandono,1,37.5,0,0.0,10.40986870741868,0,0
2024,2,Ing. Comercial,1,1,3,1,1,0,19,1,0,0,1,0,1,0,1,ninguno,6,6,6,13.0,6,8,5,12.4,0,74.3,1,1,12.4,0.5,1.79,Activo,0,25.0,0,0.0,11.821611595096194,0,1
2024,2,Ing. Comercio Internacional,2,1,1,1,1,0,19,1,0,1,1,0,1,0,0,beca,6,8,6,14.0,6,8,6,12.285714285714286,0,67.6,1,1,16.2,0.3,-0.92,Activo,0,25.0,1,0.0,12.330915576227452,0,1
2024,5,Lic. en Administración de Empresas,3,12,1,1,12,0,31,2,0,0,1,0,1,0,1,ninguno,6,11,0,0.0,5,10,0,0.0,6,93.2,3,1,9.4,-0.8,-3.12,Activo,0,62.5,1,3.0,0.0,1,1
2023,2,Ing. Financiera y de Riesgos,4,4,1,1,3,0,34,1,0,0,1,0,0,0,1,ninguno,6,0,0,0.0,6,0,0,0.0,6,86.1,0,0,15.5,2.8,-4.06,Abandono,1,25.0,1,3.0,0.0,1,0
2025,2,Lic. en Ciencia de Datos e Inteligencia de Negocios,5,7,1,1,1,0,18,1,0,1,1,0,1,0,0,beca,7,7,7,15.285714285714286,8,8,8,16.075,0,90.1,3,1,12.4,0.5,1.79,Activo,0,25.0,1,0.0,14.76786449634005,0,1
2023,2,Ing. Comercial,1,8,2,1,1,0,18,1,0,0,1,0,1,0,0,ninguno,6,6,6,13.166666666666666,6,6,6,12.666666666666666,0,74.3,3,1,11.1,0.6,2.02,Activo,0,25.0,1,0.0,12.080030801044526,0,1
2024,2,Ing. Comercio Internacional,2,1,1,1,1,1,19,1,0,0,1,1,0,0,0,ninguno,5,7,5,13.6,5,11,5,12.833333333333334,0,65.7,0,0,16.2,0.3,-0.92,Activo,0,25.0,0,0.0,12.663141536375964,0,0
2024,6,Lic. en Administración de Empresas,3,8,2,1,1,1,22,1,0,1,0,0,1,0,0,beca,4,8,0,0.0,4,8,0,0.0,4,95.0,0,0,7.6,2.6,0.32,Abandono,1,75.0,0,2.0,0.0,1,0
2025,6,Ing. Financiera y de Riesgos,4,14,1,1,1,1,32,2,0,0,1,0,0,0,0,ninguno,10,12,10,11.4,9,9,4,11.5,0,78.4,0,0,7.6,2.6,0.32,Activo,0,75.0,1,0.0,11.077146830507226,0,0
2025,7,Lic. en Ciencia de Datos e Inteligencia de Negocios,5,12,1,1,1,1,61,1,0,0,1,0,0,0,0,ninguno,5,0,0,0.0,5,0,0,0.0,5,55.9,2,1,15.5,2.8,-4.06,Abandono,1,87.5,1,3.0,0.0,1,1
2023,1,Ing. Comercial,1,12,1,0,1,1,30,1,0,0,1,0,1,0,1,ninguno,5,7,5,11.0,5,5,5,11.6,0,90.2,0,0,7.6,2.6,0.32,Activo,0,12.5,0,0.0,10.62736857818903,0,0
2023,2,Ing. Comercio Internacional,2,12,1,0,1,1,45,2,0,0,0,1,0,0,1,ninguno,5,9,0,0.0,5,11,0,0.0,5,85.7,1,1,12.4,0.5,1.79,Abandono,1,25.0,0,2.0,0.0,1,1
2024,7,Lic. en Administración de Empresas,3,15,1,1,14,1,20,1,0,0,1,0,0,0,0,ninguno,6,7,6,13.571428571428571,6,6,6,12.666666666666666,0,78.7,0,0,12.4,0.5,1.79,Activo,0,87.5,0,0.0,12.360003507798693,0,0
2024,6,Ing. Financiera y de Riesgos,4,9,5,1,1,0,19,1,0,0,1,0,0,0,0,ninguno,7,0,0,0.0,8,0,0,0.0,7,80.6,0,0,9.4,-0.8,-3.12,Abandono,1,75.0,0,2.0,0.0,1,0
2023,1,Lic. en Ciencia de Datos e Inteligencia de Negocios,5,13,1,1,1,1,26,1,0,0,1,0,1,0,0,ninguno,10,14,4,11.25,11,11,4,12.0,6,95.3,1,1,7.6,2.6,0.32,Abandono,1,12.5,0,2.0,11.17835964409628,1,1
2023,1,Ing. Comercial,1,8,4,1,1,1,19,1,0,0,1,0,1,0,0,ninguno,5,6,3,13.333333333333334,5,5,1,11.0,2,81.3,0,0,7.6,2.6,0.32,Abandono,1,12.5,0,1.0,11.8453884762986,1,0
2024,2,Ing. Comercio Internacional,2,8,1,1,1,1,19,1,0,1,1,0,0,0,0,beca,6,6,6,12.0,6,7,6,11.666666666666666,0,83.4,0,0,16.2,0.3,-0.92,Activo,0,25.0,0,0.0,11.22979752250216,0,0
2024,2,Lic. en Administración de Empresas,3,1,3,1,1,1,19,1,0,0,1,0,1,0,1,ninguno,6,6,6,12.5,6,7,5,13.0,0,69.1,0,0,12.4,0.5,1.79,Activo,0,25.0,0,0.0,12.051341691458905,0,0
2024,6,Ing. Financiera y de Riesgos,4,1,1,1,1,1,19,1,0,1,1,0,1,0,0,beca,5,6,5,13.2,5,6,5,12.666666666666666,0,74.8,1,1,16.2,0.3,-0.92,Activo,0,75.0,0,0.0,12.019709638473914,0,1
2025,3,Lic. en Ciencia de Datos e Inteligencia de Negocios,5,1,3,1,1,1,19,1,0,0,0,0,1,0,0,ninguno,5,5,0,0.0,4,4,0,0.0,5,84.9,1,1,7.6,2.6,0.32,Abandono,1,37.5,1,2.0,0.0,1,1
2024,3,Ing. Comercial,1,12,1,1,1,1,28,1,0,0,0,0,1,0,0,ninguno,5,7,3,11.666666666666666,5,8,2,11.5,2,87.6,2,1,7.6,2.6,0.32,Abandono,1,37.5,0,1.0,10.913169680623596,1,1
2024,2,Ing. Comercio Internacional,2,14,1,1,1,1,24,1,0,0,1,0,0,0,0,ninguno,15,16,15,13.466666666666669,14,14,14,13.642857142857142,0,89.2,1,1,9.4,-0.8,-3.12,Activo,0,25.0,0,0.0,12.727099466123924,0,1
2024,3,Lic. en Administración de Empresas,3,1,1,1,1,1,18,1,0,0,1,0,0,0,0,ninguno,5,7,3,13.666666666666666,5,5,5,13.2,2,71.1,0,0,7.6,2.6,0.32,Activo,0,37.5,0,1.0,12.825821042703735,1,0
2024,3,Ing. Financiera y de Riesgos,4,1,2,1,1,1,18,1,0,0,1,0,0,0,0,ninguno,5,9,2,11.666666666666666,5,9,2,12.5,3,91.2,1,1,7.6,2.6,0.32,Activo,0,37.5,0,1.0,11.261075823732307,1,1
2025,3,Lic. en Ciencia de Datos e Inteligencia de Negocios,5,1,1,1,1,1,18,1,0,1,1,0,1,0,0,mixto,6,7,6,11.666666666666666,6,12,5,10.2,0,77.1,0,0,12.4,0.5,1.79,Activo,0,37.5,0,0.0,10.489972265875917,0,0
2024,1,Ing. Comercial,1,15,1,1,14,1,21,1,0,0,1,0,0,0,0,ninguno,6,9,5,13.4,6,9,5,12.4,1,63.7,0,0,8.9,1.4,3.51,Activo,0,12.5,0,1.0,12.340254685637529,1,0
2024,4,Ing. Comercio Internacional,2,12,1,0,1,1,28,2,0,0,0,0,0,0,0,ninguno,5,5,0,0.0,5,6,0,0.0,5,73.4,0,0,12.4,0.5,1.79,Abandono,1,50.0,0,2.0,0.0,1,0
2023,5,Lic. en Administración de Empresas,3,12,1,1,9,1,58,1,0,0,1,0,0,0,0,ninguno,6,9,0,0.0,6,6,0,0.0,6,89.0,0,0,13.9,-0.3,0.79,Abandono,1,62.5,0,3.0,0.0,1,0
2024,1,Ing. Financiera y de Riesgos,4,12,1,0,1,1,49,2,0,0,0,0,1,0,1,ninguno,5,5,0,0.0,5,5,0,0.0,5,79.0,2,1,7.6,2.6,0.32,Abandono,1,12.5,1,2.0,0.0,1,1
2024,5,Lic. en Ciencia de Datos e Inteligencia de Negocios,5,12,1,1,1,1,24,1,0,0,1,0,0,0,0,ninguno,5,6,3,10.666666666666666,5,9,2,10.5,2,80.9,2,1,15.5,2.8,-4.06,Activo,0,62.5,0,1.0,9.698458482445616,1,1
2024,2,Ing. Comercial,1,14,1,1,1,1,25,1,0,0,1,0,0,0,0,ninguno,5,5,4,13.75,5,5,4,14.75,1,79.3,0,0,7.6,2.6,0.32,Activo,0,25.0,0,0.0,13.670600837234234,0,0
2024,5,Ing. Comercio Internacional,2,13,1,1,1,1,33,4,0,0,1,0,1,0,0,ninguno,5,5,1,10.0,5,5,0,0.0,4,77.0,0,0,7.6,2.6,0.32,Abandono,1,62.5,0,2.0,4.386440307975985,1,0
2024,1,Lic. en Administración de Empresas,3,12,2,1,12,1,33,2,0,0,0,0,0,0,0,ninguno,5,11,0,0.0,5,5,0,0.0,5,100.0,0,0,9.4,-0.8,-3.12,Abandono,1,12.5,0,3.0,0.0,1,0
2024,5,Ing. Financiera y de Riesgos,4,14,1,1,1,1,40,2,0,0,1,0,0,0,0,ninguno,2,4,1,16.0,4,5,4,15.5,1,76.5,0,0,13.9,-0.3,0.79,Activo,0,62.5,1,1.0,14.907041755271777,0,0
2024,4,Lic. en Ciencia de Datos e Inteligencia de Negocios,5,12,1,0,1,1,48,2,0,0,1,0,0,0,1,ninguno,5,9,5,12.285714285714286,5,8,5,11.125,0,68.8,0,0,16.2,0.3,-0.92,Activo,0,50.0,0,0.0,11.20365250053378,0,0
2024,3,Ing. Comercial,1,8,3,1,1,1,18,1,0,0,0,1,1,0,0,ninguno,5,10,3,12.0,5,8,3,10.333333333333334,2,73.3,1,1,8.9,1.4,3.51,Activo,0,37.5,0,1.0,10.63988339207359,1,1
2024,5,Ing. Comercio Internacional,2,12,1,1,12,1,24,1,0,0,1,0,1,0,0,ninguno,7,7,6,12.666666666666666,7,7,6,12.666666666666666,1,76.2,0,0,7.6,2.6,0.32,Activo,0,62.5,0,1.0,11.891451903993248,0,0
2024,7,Lic. en Administración de Empresas,3,1,1,1,1,1,23,2,0,1,1,0,0,0,0,beca,5,6,5,11.8,5,7,4,13.25,0,89.4,1,1,10.8,1.4,1.74,Activo,0,87.5,0,0.0,11.830761335286287,0,1
2025,1,Ing. Financiera y de Riesgos,4,12,1,0,12,1,39,1,0,0,0,1,1,0,1,ninguno,5,6,5,10.6,5,7,5,14.666666666666666,0,78.6,0,0,10.8,1.4,1.74,Abandono,1,12.5,0,0.0,12.219772633565785,0,0
2024,8,Lic. en Ciencia de Datos e Inteligencia de Negocios,5,9,1,1,1,1,21,1,0,0,1,0,0,0,0,ninguno,11,16,9,11.9,9,14,8,12.25,2,85.0,3,1,15.5,2.8,-4.06,Activo,0,100.0,0,1.0,11.558049063539583,1,1
2025,6,Ing. Comercial,1,13,1,1,6,1,34,1,0,0,1,0,1,0,0,ninguno,6,8,4,11.25,5,8,2,10.5,2,89.4,0,0,7.6,2.6,0.32,Abandono,1,75.0,0,1.0,9.945011706184943,1,0
2023,3,Ing. Comercio Internacional,2,12,1,0,1,1,41,2,0,1,1,0,0,0,1,credito,5,9,4,11.0,5,6,5,11.4,1,80.6,3,1,8.9,1.4,3.51,Activo,0,37.5,0,1.0,10.418277894294414,0,1
2023,8,Lic. en Administración de Empresas,3,1,1,1,1,1,18,1,0,0,1,0,0,0,0,ninguno,6,6,6,12.0,6,6,6,12.5,0,66.3,0,0,12.7,3.7,-1.7,Activo,0,100.0,0,0.0,11.259817977620136,0,0
2025,5,Ing. Financiera y de Riesgos,4,12,1,0,1,1,34,2,0,0,1,0,0,0,1,ninguno,5,10,4,11.75,5,10,4,10.833333333333334,1,89.4,0,0,13.9,-0.3,0.79,Activo,0,62.5,0,0.0,10.45475789568013,0,0
2025,1,Lic. en Ciencia de Datos e Inteligencia de Negocios,5,1,1,1,1,1,19,1,0,0,1,0,0,0,1,ninguno,5,8,2,10.0,5,8,1,16.0,3,76.8,3,1,7.6,2.6,0.32,Abandono,1,12.5,0,1.0,12.040617897499487,1,1
2025,7,Ing. Comercial,1,1,1,1,1,1,19,1,0,0,1,0,0,0,0,ninguno,8,8,7,13.714285714285714,8,8,7,13.714285714285714,1,87.2,3,1,12.7,3.7,-1.7,Activo,0,87.5,0,0.0,13.262953712576381,0,1
2025,1,Ing. Comercio Internacional,2,4,1,1,4,1,28,1,0,0,1,0,0,0,1,ninguno,6,14,6,14.875,6,12,6,15.8,0,83.8,2,1,16.2,0.3,-0.92,Activo,0,12.5,0,0.0,14.497460587628153,0,1
2025,5,Lic. en Administración de Empresas,3,8,1,1,1,1,18,1,0,0,1,0,1,0,0,ninguno,6,7,5,10.8,6,6,0,0.0,1,82.5,0,0,7.6,2.6,0.32,Abandono,1,62.5,0,1.0,5.085847735896542,0,0
2023,3,Ing. Financiera y de Riesgos,4,1,1,1,1,1,19,1,0,0,1,0,1,0,0,ninguno,6,11,3,12.0,6,12,2,10.0,3,85.5,0,0,11.1,0.6,2.02,Abandono,1,37.5,0,1.0,10.230467984801926,1,0
2024,4,Lic. en Ciencia de Datos e Inteligencia de Negocios,5,8,2,1,1,1,19,1,0,0,0,1,1,0,1,ninguno,6,10,5,12.5,6,19,2,13.5,1,85.5,0,0,12.4,0.5,1.79,Abandono,1,50.0,1,1.0,12.37150240531583,0,0
2024,4,Ing. Comercial,1,8,1,1,1,0,18,1,0,0,1,0,1,0,0,ninguno,7,7,7,14.728571428571428,8,11,8,16.327272727272728,0,70.1,0,0,16.2,0.3,-0.92,Activo,0,50.0,0,0.0,14.98519002757803,0,0
2024,1,Ing. Comercio Internacional,2,1,1,1,1,0,18,1,0,0,1,0,1,0,0,ninguno,6,8,6,12.0,6,8,5,14.8,0,86.2,0,0,12.4,0.5,1.79,Activo,0,12.5,0,0.0,12.496316953394839,0,0
2024,5,Lic. en Administración de Empresas,3,1,1,1,1,0,18,1,0,0,1,0,1,0,0,ninguno,6,8,6,11.428571428571429,6,7,6,11.0,0,84.4,0,0,11.1,0.6,2.02,Abandono,1,62.5,0,0.0,10.316298329425443,0,0
2024,3,Ing. Financiera y de Riesgos,4,15,2,1,14,0,19,1,0,0,1,0,1,0,0,ninguno,6,6,6,14.166666666666666,6,6,6,13.5,0,84.5,0,0,12.4,0.5,1.79,Activo,0,37.5,0,0.0,13.517722139904281,0,0
2024,8,Lic. en Ciencia de Datos e Inteligencia de Negocios,5,4,1,1,3,0,31,2,0,0,1,0,0,0,0,ninguno,6,12,5,12.5,6,10,5,14.6,1,77.9,3,1,12.7,3.7,-1.7,Activo,0,100.0,0,0.0,12.8233464142854,0,1
2024,4,Ing. Comercial,1,12,1,0,1,0,33,1,0,1,1,0,0,0,1,beca,6,6,6,14.166666666666666,6,6,6,14.333333333333334,0,69.5,1,1,12.7,3.7,-1.7,Activo,0,50.0,1,0.0,13.69251744297533,0,1
2024,3,Ing. Comercio Internacional,2,1,3,1,1,0,20,1,0,1,1,0,1,0,1,mixto,7,10,5,14.46,7,8,6,13.55,2,84.5,1,1,12.4,0.5,1.79,Activo,0,37.5,0,1.0,13.414037298949687,1,1
2023,8,Lic. en Administración de Empresas,3,15,1,1,14,0,22,1,1,0,1,0,1,0,0,ninguno,6,12,5,12.8,6,19,2,11.5,1,76.5,0,0,12.4,0.5,1.79,Activo,0,100.0,0,0.0,11.267571482546858,0,0
2023,1,Ing. Financiera y de Riesgos,4,8,1,1,1,0,19,1,0,0,1,0,1,0,0,ninguno,6,8,6,12.666666666666666,6,8,5,13.4,0,67.6,1,1,11.1,0.6,2.02,Activo,0,12.5,1,0.0,12.516445493263959,0,1
2025,5,Lic. en Ciencia de Datos e Inteligencia de Negocios,5,1,3,1,1,0,18,1,0,0,1,0,1,0,0,ninguno,6,6,6,12.5,6,6,6,13.0,0,100.0,3,1,7.6,2.6,0.32,Abandono,1,62.5,1,0.0,11.789865832553666,0,1
2023,7,Ing. Comercial,1,8,3,1,1,0,18,1,0,0,1,0,0,1,0,ninguno,6,0,0,0.0,6,0,0,0.0,6,74.2,1,1,15.5,2.8,-4.06,Abandono,1,87.5,1,2.0,0.0,1,1
2023,3,Ing. Comercio Internacional,2,1,5,1,1,0,18,1,0,0,0,0,1,0,0,ninguno,6,0,0,0.0,6,0,0,0.0,6,77.7,0,0,8.9,1.4,3.51,Abandono,1,37.5,1,2.0,0.0,1,0
2024,2,Lic. en Administración de Empresas,3,1,1,1,1,0,18,1,0,0,1,0,1,0,0,ninguno,0,0,0,0.0,0,0,0,0.0,0,89.5,1,1,11.1,0.6,2.02,Activo,0,25.0,1,0.0,0.0,0,1
2023,1,Ing. Financiera y de Riesgos,4,8,2,1,1,0,19,1,0,1,1,0,1,0,1,mixto,5,8,5,11.2,5,5,3,11.0,0,61.9,0,0,12.4,0.5,1.79,Activo,0,12.5,0,0.0,10.623463387000458,1,0
2025,4,Lic. en Ciencia de Datos e Inteligencia de Negocios,5,8,2,1,1,0,18,1,0,0,1,0,1,0,0,ninguno,6,6,6,16.5,6,7,6,17.428571428571427,0,76.3,1,1,11.1,0.6,2.02,Abandono,1,50.0,0,0.0,16.436960288008674,0,1
2024,3,Ing. Comercial,1,8,1,1,1,0,18,1,0,0,1,0,1,0,1,ninguno,5,9,3,13.666666666666666,5,5,5,12.0,2,97.0,0,0,12.7,3.7,-1.7,Activo,0,37.5,0,1.0,11.948974388527374,1,0
2024,2,Ing. Comercio Internacional,2,8,6,1,1,0,18,1,0,1,1,0,1,0,0,beca,8,8,7,15.228571428571428,8,8,7,15.228571428571428,1,80.9,0,0,12.7,3.7,-1.7,Activo,0,25.0,0,1.0,14.395307750102962,0,0
2025,2,Lic. en Administración de Empresas,3,17,1,1,16,0,21,1,0,0,1,0,1,0,0,ninguno,9,10,9,12.77777777777778,9,9,9,13.22222222222222,0,82.9,0,0,8.9,1.4,3.51,Activo,0,25.0,0,0.0,12.469632883779669,0,0
2024,2,Ing. Financiera y de Riesgos,4,1,1,1,1,0,18,1,0,1,1,0,0,0,1,beca,8,8,7,14.428571428571429,8,8,7,14.428571428571429,1,60.5,1,1,12.7,3.7,-1.7,Activo,0,25.0,0,0.0,13.754801845716976,1,1
2025,5,Lic. en Ciencia de Datos e Inteligencia de Negocios,5,8,3,1,1,0,18,1,0,0,1,0,1,0,1,ninguno,6,8,6,13.875,6,7,6,13.714285714285714,0,92.5,0,0,11.1,0.6,2.02,Activo,0,62.5,0,0.0,13.45146664976569,0,0
2024,2,Ing. Comercial,1,1,2,1,1,0,18,1,0,0,1,0,1,0,0,ninguno,7,10,7,13.128,8,13,6,13.193333333333332,0,84.1,0,0,15.5,2.8,-4.06,Activo,0,25.0,1,0.0,12.714544548987625,0,0
2024,2,Ing. Comercio Internacional,2,8,1,1,1,0,20,1,0,0,1,0,1,0,0,ninguno,7,9,6,11.605,8,10,7,12.4125,1,76.7,1,1,16.2,0.3,-0.92,Activo,0,25.0,1,0.0,11.36867560879772,0,1
2023,4,Lic. en Administración de Empresas,3,8,1,1,1,0,18,1,0,1,1,0,0,0,1,beca,5,5,5,14.6,5,8,5,12.0,0,78.0,1,1,12.7,3.7,-1.7,Activo,0,50.0,0,0.0,12.939818385304553,0,1
2024,1,Ing. Financiera y de Riesgos,4,1,2,1,1,0,18,1,0,0,1,0,1,0,0,ninguno,6,0,0,0.0,6,0,0,0.0,6,79.2,1,1,11.1,0.6,2.02,Abandono,1,12.5,1,3.0,0.0,1,1
2024,4,Lic. en Ciencia de Datos e Inteligencia de Negocios,5,9,2,1,1,0,20,1,0,1,1,0,1,0,0,credito,5,6,5,11.8,5,6,5,11.6,0,79.8,2,1,8.9,1.4,3.51,Activo,0,50.0,0,0.0,10.897395652924645,0,1
2025,6,Ing. Comercial,1,8,1,1,1,0,20,1,0,0,1,0,1,0,0,ninguno,6,6,6,12.333333333333334,6,6,6,12.333333333333334,0,83.1,1,1,12.4,0.5,1.79,Activo,0,75.0,0,0.0,11.372789763879387,0,1
2024,1,Ing. Comercio Internacional,2,8,1,1,1,0,19,1,0,1,1,1,1,0,0,beca,5,5,4,11.0,5,5,0,0.0,1,81.5,1,1,11.1,0.6,2.02,Abandono,1,12.5,0,0.0,4.714573165825181,0,1
2023,4,Lic. en Administración de Empresas,3,16,1,1,1,0,19,1,0,1,1,0,0,0,1,mixto,11,11,11,13.181818181818182,11,11,11,12.909090909090908,0,100.0,2,1,11.1,0.6,2.02,Activo,0,50.0,0,0.0,12.087173584871016,0,1
2024,1,Ing. Financiera y de Riesgos,4,8,4,1,1,0,18,1,0,1,0,1,1,1,0,beca,6,6,1,11.0,6,0,0,0.0,5,82.2,1,1,12.7,3.7,-1.7,Abandono,1,12.5,2,2.0,4.811841211016325,1,1
2023,7,Lic. en Ciencia de Datos e Inteligencia de Negocios,5,8,3,1,1,0,19,1,0,1,1,1,1,0,0,mixto,6,6,6,11.833333333333334,6,7,6,12.285714285714286,0,82.2,1,1,15.5,2.8,-4.06,Activo,0,87.5,0,0.0,11.339370781780431,0,1
2023,3,Ing. Comercial,1,1,2,1,1,0,20,1,0,1,1,0,1,0,0,beca,8,8,8,12.98125,8,8,8,12.98125,0,73.7,0,0,9.4,-0.8,-3.12,Activo,0,37.5,0,0.0,11.997370261761617,0,0
2025,7,Ing. Comercio Internacional,2,15,1,1,14,0,21,1,0,0,1,0,1,0,0,ninguno,7,10,6,11.333333333333334,5,6,5,11.2,1,76.7,0,0,11.1,0.6,2.02,Activo,0,87.5,0,0.0,10.517176263861684,0,0
2024,2,Lic. en Administración de Empresas,3,14,2,1,1,0,21,1,0,0,1,0,0,0,1,ninguno,8,12,6,11.68,8,12,6,11.68,2,84.4,1,1,10.8,1.4,1.74,Activo,0,25.0,0,1.0,11.358449401797477,1,1
2024,1,Ing. Financiera y de Riesgos,4,8,1,1,1,0,20,1,0,0,1,0,0,0,0,ninguno,6,6,6,14.5,6,7,6,13.5,0,89.1,2,1,11.1,0.6,2.02,Activo,0,12.5,0,0.0,13.193338056358634,0,1
2024,1,Lic. en Ciencia de Datos e Inteligencia de Negocios,5,9,2,1,1,0,19,1,0,0,1,0,1,0,1,ninguno,7,7,7,13.142857142857142,7,8,7,12.857142857142858,0,78.3,1,1,8.9,1.4,3.51,Activo,0,12.5,0,0.0,12.066171915503809,0,1
2023,2,Ing. Comercial,1,8,3,1,1,0,21,1,0,0,0,0,0,0,0,ninguno,5,8,2,11.5,5,7,2,10.5,3,66.7,0,0,7.6,2.6,0.32,Abandono,1,25.0,1,2.0,10.143093825143971,1,0
2023,1,Ing. Comercio Internacional,2,1,1,1,1,0,18,1,0,0,1,0,0,0,0,ninguno,5,6,5,14.2,5,7,5,11.8,0,86.5,0,0,7.6,2.6,0.32,Activo,0,12.5,1,0.0,12.291316709162205,0,0
2025,1,Lic. en Administración de Empresas,3,1,5,1,1,0,19,1,0,1,1,0,0,0,0,credito,6,8,5,11.666666666666666,6,7,5,12.2,1,72.0,1,1,8.9,1.4,3.51,Activo,0,12.5,0,0.0,11.163420874167873,0,1
2024,1,Ing. Financiera y de Riesgos,4,8,2,1,1,0,18,1,0,0,1,0,1,0,0,ninguno,7,8,7,13.175,8,8,8,14.875,0,73.1,0,0,13.9,-0.3,0.79,Activo,0,12.5,0,0.0,13.031865747523831,0,0
2025,5,Lic. en Ciencia de Datos e Inteligencia de Negocios,5,1,4,1,1,0,19,1,0,1,1,0,1,0,0,beca,8,8,7,13.314285714285717,8,8,7,13.314285714285717,1,69.3,0,0,12.7,3.7,-1.7,Activo,0,62.5,1,0.0,12.95082225232918,0,0
2023,1,Ing. Comercial,1,1,2,1,1,0,18,1,0,1,1,0,1,0,0,beca,5,13,3,10.6,5,12,3,10.5,2,85.8,1,1,13.9,-0.3,0.79,Activo,0,12.5,1,1.0,9.782928619956733,1,1
2024,2,Ing. Comercio Internacional,2,1,1,1,1,0,18,1,0,1,1,0,0,0,1,credito,6,11,4,12.0,6,8,4,10.75,2,72.3,2,1,15.5,2.8,-4.06,Activo,0,25.0,0,1.0,10.876621613800584,1,1
2025,1,Lic. en Administración de Empresas,3,1,1,1,1,0,18,1,0,0,1,0,0,0,0,ninguno,6,7,6,13.428571428571429,6,7,6,14.142857142857142,0,88.4,0,0,13.9,-0.3,0.79,Activo,0,12.5,0,0.0,13.037651008103966,0,0
2024,4,Ing. Financiera y de Riesgos,4,8,1,1,1,0,18,1,0,1,1,0,1,0,0,credito,5,7,4,13.25,5,8,5,15.571428571428571,1,83.4,0,0,10.8,1.4,1.74,Activo,0,50.0,0,1.0,13.685377782595527,0,0
2024,4,Lic. en Ciencia de Datos e Inteligencia de Negocios,5,8,1,1,1,0,18,1,0,0,1,0,1,0,0,ninguno,6,6,2,13.0,6,6,0,0.0,4,88.1,0,0,12.4,0.5,1.79,Abandono,1,50.0,2,1.0,6.0925802175242865,1,0
2025,8,Ing. Comercial,1,1,3,1,1,0,18,1,0,1,1,0,0,0,1,beca,6,6,6,14.333333333333334,6,7,6,14.0,0,93.6,1,1,11.1,0.6,2.02,Activo,0,100.0,0,0.0,13.7219440146485,0,1
2024,4,Ing. Comercio Internacional,2,8,1,1,1,0,18,1,0,0,1,0,0,0,0,ninguno,6,0,0,0.0,6,0,0,0.0,6,96.7,1,1,11.1,0.6,2.02,Abandono,1,50.0,0,2.0,0.0,1,1
2024,1,Lic. en Administración de Empresas,3,1,1,1,1,0,18,1,0,0,1,0,0,0,1,ninguno,6,6,6,14.0,6,6,6,13.166666666666666,0,82.6,2,1,10.8,1.4,1.74,Activo,0,12.5,1,0.0,13.193572370220691,0,1
2024,4,Ing. Financiera y de Riesgos,4,13,1,1,1,0,20,1,0,1,1,0,1,0,0,beca,2,2,2,12.0,6,11,6,12.833333333333334,0,77.9,2,1,13.9,-0.3,0.79,Activo,0,50.0,0,0.0,11.931040054075442,0,1
2024,1,Lic. en Ciencia de Datos e Inteligencia de Negocios,5,1,1,1,1,0,18,1,0,0,1,0,0,0,0,ninguno,6,9,5,12.333333333333334,6,10,5,10.6,1,91.0,1,1,15.5,2.8,-4.06,Activo,0,12.5,0,0.0,10.581994783250066,0,1
2024,1,Ing. Comercial,1,8,4,1,1,0,18,1,0,0,1,0,1,0,0,ninguno,6,8,5,11.8,6,7,5,10.4,1,92.9,0,0,16.2,0.3,-0.92,Activo,0,12.5,0,0.0,10.571035945798855,0,0
2025,4,Ing. Comercio Internacional,2,9,6,1,1,0,20,1,0,1,1,0,0,0,0,credito,8,8,7,12.791428571428572,8,8,7,12.791428571428572,1,83.0,0,0,10.8,1.4,1.74,Activo,0,50.0,0,0.0,12.149786462039808,0,0
2025,2,Lic. en Administración de Empresas,3,14,1,1,1,0,40,4,0,0,1,0,0,0,0,ninguno,8,8,8,11.625,7,12,5,11.2,0,72.8,2,1,9.4,-0.8,-3.12,Activo,0,25.0,0,0.0,10.453701765397911,0,1
2024,4,Ing. Financiera y de Riesgos,4,1,6,1,1,0,18,1,0,1,1,0,1,0,1,beca,7,11,6,11.994444444444444,8,11,7,12.43142857142857,1,72.6,1,1,15.5,2.8,-4.06,Activo,0,50.0,1,0.0,11.753932145750646,0,1
2023,1,Lic. en Ciencia de Datos e Inteligencia de Negocios,5,1,5,1,1,0,19,1,0,0,1,0,1,0,0,ninguno,6,9,5,11.6,6,12,5,12.2,1,74.2,1,1,13.9,-0.3,0.79,Activo,0,12.5,0,0.0,11.327261787849391,0,1
2024,5,Ing. Comercial,1,4,1,0,15,0,24,1,0,0,1,0,0,0,0,ninguno,5,5,0,0.0,5,6,0,0.0,5,88.0,0,0,12.4,0.5,1.79,Abandono,1,62.5,1,3.0,0.0,1,0
2025,3,Ing. Comercio Internacional,2,1,3,1,1,0,19,1,0,0,1,0,1,0,1,ninguno,6,8,6,13.166666666666666,6,7,6,13.166666666666666,0,69.8,1,1,10.8,1.4,1.74,Abandono,1,37.5,1,0.0,12.337929416013885,0,1
2025,2,Lic. en Administración de Empresas,3,1,6,1,1,0,19,1,0,0,1,0,1,0,1,ninguno,8,8,7,14.1,8,8,7,14.1,1,69.6,1,1,10.8,1.4,1.74,Activo,0,25.0,0,0.0,13.168842629301107,0,1
2024,1,Ing. Financiera y de Riesgos,4,1,1,1,1,0,20,1,0,1,1,0,1,0,1,beca,7,8,6,12.396666666666668,8,9,7,12.94285714285714,1,76.1,1,1,11.1,0.6,2.02,Activo,0,12.5,1,0.0,11.728930813460444,0,1
2025,4,Lic. en Ciencia de Datos e Inteligencia de Negocios,5,1,1,1,1,0,18,1,0,0,1,0,0,0,0,ninguno,7,7,7,15.014285714285714,8,8,8,16.0875,0,84.1,0,0,12.4,0.5,1.79,Activo,0,50.0,0,0.0,14.70724480508202,0,0
2025,3,Ing. Comercial,1,1,1,1,1,0,18,1,0,1,1,0,1,0,0,beca,0,0,0,0.0,0,0,0,0.0,0,68.0,0,0,13.9,-0.3,0.79,Activo,0,37.5,0,0.0,0.0,0,0
2025,1,Ing. Comercio Internacional,2,8,2,1,1,0,19,1,0,0,1,0,1,0,0,ninguno,7,8,7,14.05,8,8,8,15.1,0,82.9,2,1,13.9,-0.3,0.79,Activo,0,12.5,0,0.0,14.257633468970203,0,1
2025,2,Lic. en Administración de Empresas,3,8,3,1,1,0,18,1,0,0,1,0,1,0,1,ninguno,7,8,7,14.85,8,8,8,15.2,0,81.2,0,0,13.9,-0.3,0.79,Abandono,1,25.0,0,0.0,14.456358248751062,0,0
2025,3,Ing. Financiera y de Riesgos,4,15,1,1,14,0,19,1,0,0,1,0,1,0,1,ninguno,6,10,6,13.0,6,19,5,13.0,0,91.8,0,0,12.4,0.5,1.79,Activo,0,37.5,0,0.0,12.600915804308524,0,0
2024,5,Lic. en Ciencia de Datos e Inteligencia de Negocios,5,1,2,1,1,0,19,1,0,1,1,0,1,0,0,beca,7,8,7,14.7875,8,8,8,15.8625,0,83.6,0,0,13.9,-0.3,0.79,Activo,0,62.5,1,0.0,14.527728646793191,0,0
2025,5,Ing. Comercial,1,1,1,1,1,0,19,1,0,1,1,0,0,0,0,beca,7,7,7,13.7,8,9,7,14.671428571428574,0,91.3,2,1,12.4,0.5,1.79,Activo,0,62.5,0,0.0,13.422922874936285,0,1
2023,2,Ing. Comercio Internacional,2,1,2,1,1,0,19,1,0,1,1,0,1,0,1,beca,7,7,7,12.495714285714286,8,9,7,12.242857142857144,0,85.1,2,1,11.1,0.6,2.02,Abandono,1,25.0,0,0.0,12.038505565150697,0,1
2025,1,Lic. en Administración de Empresas,3,1,1,1,1,0,19,1,0,0,1,0,0,0,1,ninguno,7,7,6,14.566666666666668,7,7,6,14.566666666666668,1,85.2,1,1,7.6,2.6,0.32,Activo,0,12.5,1,1.0,13.681051021275003,0,1
2025,1,Ing. Financiera y de Riesgos,4,12,1,1,9,0,25,1,0,0,0,1,1,0,1,ninguno,5,5,5,11.2,5,5,4,11.25,0,100.0,2,1,9.4,-0.8,-3.12,Abandono,1,12.5,1,0.0,10.750879713596172,0,1
2024,1,Lic. en Ciencia de Datos e Inteligencia de Negocios,5,1,1,1,1,0,20,1,0,0,1,0,0,0,0,ninguno,8,8,7,12.685714285714283,8,8,7,12.685714285714283,1,88.3,0,0,12.7,3.7,-1.7,Activo,0,12.5,0,0.0,12.083155332870554,0,0
2023,4,Ing. Comercial,1,17,1,1,16,0,23,1,0,0,0,1,0,0,1,ninguno,9,12,7,13.571428571428571,9,14,4,13.25,2,74.9,0,0,8.9,1.4,3.51,Abandono,1,50.0,0,1.0,12.643160670895265,1,0
2025,2,Ing. Comercio Internacional,2,1,1,1,1,0,20,1,0,0,1,0,0,0,0,ninguno,6,0,0,0.0,6,0,0,0.0,6,76.5,0,0,15.5,2.8,-4.06,Abandono,1,25.0,0,2.0,0.0,1,0
2025,2,Lic. en Administración de Empresas,3,12,1,0,1,0,27,1,0,0,1,0,0,0,1,ninguno,6,8,5,11.0,6,7,6,11.166666666666666,1,92.4,0,0,11.1,0.6,2.02,Activo,0,25.0,0,0.0,10.474431871373373,0,0
2025,1,Ing. Financiera y de Riesgos,4,1,1,1,1,0,18,1,0,0,1,0,0,0,1,ninguno,8,8,8,14.445,8,8,8,14.445,0,55.4,0,0,9.4,-0.8,-3.12,Activo,0,12.5,0,0.0,14.099060403264982,1,0
2023,1,Lic. en Ciencia de Datos e Inteligencia de Negocios,5,1,1,1,1,0,18,1,0,0,1,1,1,0,0,ninguno,6,9,5,13.6,6,10,4,11.75,1,92.5,0,0,9.4,-0.8,-3.12,Activo,0,12.5,1,0.0,12.093989515517999,0,0
2023,1,Ing. Comercial,1,4,1,0,15,0,23,1,0,0,0,1,1,0,1,ninguno,12,12,11,14.0,10,11,8,14.625,1,98.1,0,0,13.9,-0.3,0.79,Abandono,1,12.5,0,0.0,13.477106474746012,0,0
2023,8,Ing. Comercio Internacional,2,1,6,1,1,0,19,1,0,1,1,0,1,0,0,beca,7,7,6,13.416666666666666,7,7,6,13.416666666666666,1,74.8,0,0,7.6,2.6,0.32,Activo,0,100.0,0,0.0,12.476043230636048,0,0
2025,2,Lic. en Administración de Empresas,3,1,1,1,1,0,18,1,0,0,1,0,0,0,0,ninguno,5,8,5,12.333333333333334,5,7,5,11.4,0,83.3,1,1,15.5,2.8,-4.06,Activo,0,25.0,0,0.0,11.277218670722307,0,1
2024,4,Ing. Financiera y de Riesgos,4,14,1,1,1,0,20,1,0,0,1,0,1,0,1,ninguno,7,8,7,13.1,8,8,8,14.8125,0,67.2,2,1,13.9,-0.3,0.79,Activo,0,50.0,0,0.0,13.359739921184646,0,1
2025,6,Lic. en Ciencia de Datos e Inteligencia de Negocios,5,1,2,1,1,0,18,1,0,0,1,0,1,0,0,ninguno,6,9,4,13.2,6,10,5,12.8,2,52.1,0,0,12.4,0.5,1.79,Activo,0,75.0,0,1.0,12.208161025573444,1,0
2025,5,Ing. Comercial,1,1,1,1,1,0,19,1,0,1,1,0,1,0,1,mixto,8,8,8,14.75,8,8,8,14.75,0,88.3,0,0,9.4,-0.8,-3.12,Activo,0,62.5,0,0.0,13.790059599226307,0,0
2024,2,Ing. Comercio Internacional,2,15,1,1,14,0,19,1,0,1,1,0,1,0,1,beca,6,7,6,13.142857142857142,6,6,6,14.333333333333334,0,79.4,0,0,12.4,0.5,1.79,Activo,0,25.0,0,0.0,13.251152579927686,0,0
2023,1,Lic. en Administración de Empresas,3,1,1,1,1,0,19,1,0,0,1,0,0,0,0,ninguno,6,9,4,12.5,6,9,5,12.5,2,81.4,0,0,9.4,-0.8,-3.12,Activo,0,12.5,0,1.0,11.891899055423444,1,0
2023,6,Ing. Financiera y de Riesgos,4,1,1,1,1,0,18,1,0,0,1,0,0,0,0,ninguno,5,6,4,13.75,5,8,5,14.857142857142858,1,70.1,1,1,7.6,2.6,0.32,Activo,0,75.0,0,0.0,13.446390158084817,0,1
2025,1,Lic. en Ciencia de Datos e Inteligencia de Negocios,5,1,1,1,1,0,18,1,0,0,1,0,0,0,1,ninguno,6,11,5,12.4,6,7,6,13.0,1,66.6,0,0,9.4,-0.8,-3.12,Activo,0,12.5,1,0.0,11.973214501438171,0,0
2025,2,Ing. Comercial,1,1,2,1,1,0,18,1,0,0,1,0,1,0,0,ninguno,6,6,6,13.333333333333334,6,6,6,12.0,0,79.0,0,0,11.1,0.6,2.02,Activo,0,25.0,0,0.0,12.289256225891899,0,0
2024,3,Ing. Comercio Internacional,2,2,1,1,1,0,28,1,0,0,0,0,0,0,0,ninguno,11,11,11,11.727272727272728,8,8,8,12.0,0,94.2,0,0,15.5,2.8,-4.06,Abandono,1,37.5,1,0.0,11.124223448742777,0,0
2024,8,Lic. en Administración de Empresas,3,8,1,1,1,0,19,1,0,0,1,0,1,0,0,ninguno,6,8,4,12.5,6,11,1,14.0,2,80.9,0,0,7.6,2.6,0.32,Abandono,1,100.0,0,1.0,12.819277600781872,1,0
2025,4,Ing. Financiera y de Riesgos,4,14,1,1,1,0,20,1,0,0,1,1,1,0,1,ninguno,0,0,0,0.0,0,0,0,0.0,0,79.7,0,0,13.9,-0.3,0.79,Abandono,1,50.0,0,0.0,0.0,0,0
2025,3,Lic. en Ciencia de Datos e Inteligencia de Negocios,5,1,2,1,1,0,19,1,0,1,1,0,1,0,0,beca,7,8,6,13.533333333333331,8,9,7,13.614285714285714,1,86.8,0,0,12.4,0.5,1.79,Activo,0,37.5,0,0.0,12.903437236447216,0,0
2024,6,Ing. Comercial,1,1,1,1,1,0,20,1,0,1,1,0,0,1,0,mixto,6,6,6,13.166666666666666,6,6,6,12.666666666666666,0,93.7,0,0,11.1,0.6,2.02,Activo,0,75.0,0,0.0,12.003324313109177,0,0
2023,2,Ing. Comercio Internacional,2,1,2,1,1,0,19,1,0,1,1,0,1,0,1,beca,6,9,5,13.2,6,8,5,11.0,1,73.6,2,1,12.4,0.5,1.79,Activo,0,25.0,1,0.0,11.476254008191294,0,1
2023,7,Lic. en Administración de Empresas,3,16,1,1,1,0,21,1,0,0,1,0,1,0,0,ninguno,6,7,5,12.2,6,7,4,12.6,1,67.5,1,1,8.9,1.4,3.51,Activo,0,87.5,0,0.0,11.904390304434873,0,1
2024,6,Ing. Financiera y de Riesgos,4,1,1,1,1,0,19,1,0,1,1,0,1,0,1,beca,7,7,7,13.428571428571429,7,7,7,14.857142857142858,0,87.0,1,1,11.1,0.6,2.02,Activo,0,75.0,0,0.0,13.681180699105921,0,1
2023,2,Lic. en Ciencia de Datos e Inteligencia de Negocios,5,1,2,1,1,0,18,1,0,1,1,0,1,0,1,beca,6,8,6,12.714285714285714,6,8,6,12.625,0,90.2,0,0,13.9,-0.3,0.79,Activo,0,25.0,1,0.0,11.757666543463822,0,0
2025,1,Ing. Comercial,1,8,2,1,1,0,19,1,0,0,1,0,0,0,1,ninguno,6,0,0,0.0,6,0,0,0.0,6,81.8,1,1,15.5,2.8,-4.06,Abandono,1,12.5,0,3.0,0.0,1,1
2024,8,Ing. Comercio Internacional,2,8,1,1,1,0,19,1,0,1,1,0,0,0,1,credito,6,6,6,13.666666666666666,6,9,6,13.666666666666666,0,74.1,1,1,8.9,1.4,3.51,Activo,0,100.0,0,0.0,13.068558674048466,0,1
2024,3,Lic. en Administración de Empresas,3,1,1,1,1,0,20,1,0,0,1,1,0,0,0,ninguno,6,6,5,11.0,6,6,6,13.166666666666666,1,68.5,0,0,16.2,0.3,-0.92,Activo,0,37.5,0,0.0,11.65231215288447,0,0
2023,7,Ing. Financiera y de Riesgos,4,8,2,1,1,0,18,1,0,0,1,0,1,0,0,ninguno,7,11,5,11.4,7,9,6,13.333333333333334,2,91.1,0,0,13.9,-0.3,0.79,Activo,0,87.5,2,1.0,11.525353838586604,1,0
2025,6,Lic. en Ciencia de Datos e Inteligencia de Negocios,5,14,1,1,1,0,18,1,0,0,1,0,0,0,0,ninguno,0,0,0,0.0,0,0,0,0.0,0,80.1,0,0,15.5,2.8,-4.06,Activo,0,75.0,1,0.0,0.0,0,0
2024,3,Ing. Comercial,1,8,1,1,1,0,18,1,0,0,1,0,0,0,0,ninguno,5,7,4,12.0,5,6,5,12.0,1,59.1,0,0,7.6,2.6,0.32,Activo,0,37.5,1,1.0,11.454199416610232,1,0
2025,5,Ing. Comercio Internacional,2,8,3,1,1,0,18,1,0,0,1,0,0,0,0,ninguno,6,6,0,0.0,6,0,0,0.0,6,67.3,0,0,8.9,1.4,3.51,Abandono,1,62.5,0,2.0,0.0,1,0
2025,3,Lic. en Administración de Empresas,3,8,3,1,1,0,18,1,0,0,1,0,1,0,0,ninguno,6,14,5,11.0,6,6,6,11.666666666666666,1,87.6,0,0,7.6,2.6,0.32,Activo,0,37.5,0,1.0,10.436783388627246,0,0
2023,1,Ing. Financiera y de Riesgos,4,9,4,1,1,0,20,1,0,0,1,0,1,0,0,ninguno,6,12,5,12.0,6,8,6,11.571428571428571,1,71.0,0,0,15.5,2.8,-4.06,Abandono,1,12.5,0,0.0,11.098072517708179,0,0
2024,7,Lic. en Ciencia de Datos e Inteligencia de Negocios,5,8,3,1,1,0,19,1,0,1,1,0,1,0,0,beca,7,7,7,13.308571428571428,8,10,8,12.55,0,76.5,0,0,12.4,0.5,1.79,Activo,0,87.5,0,0.0,12.12677821849383,0,0
2024,1,Ing. Comercial,1,1,1,1,1,0,21,1,0,0,0,1,1,0,1,ninguno,6,8,3,13.666666666666666,6,7,3,10.666666666666666,3,80.8,0,0,15.5,2.8,-4.06,Abandono,1,12.5,0,1.0,11.238739705291188,1,0
2023,1,Ing. Comercio Internacional,2,8,1,1,3,0,20,1,0,0,0,1,1,0,0,ninguno,6,6,0,0.0,6,9,0,0.0,6,84.0,1,1,10.8,1.4,1.74,Abandono,1,12.5,0,2.0,0.0,1,1
2024,1,Lic. en Administración de Empresas,3,1,1,1,1,0,18,1,0,0,1,0,1,0,0,ninguno,6,10,5,12.2,6,8,4,11.25,1,76.4,3,1,9.4,-0.8,-3.12,Activo,0,12.5,0,1.0,11.195043661963496,0,1
2023,2,Ing. Financiera y de Riesgos,4,1,1,1,1,0,20,1,0,1,1,0,0,0,0,beca,6,7,6,12.666666666666666,6,6,6,12.833333333333334,0,88.0,1,1,10.8,1.4,1.74,Activo,0,25.0,0,0.0,11.78328411579753,0,1
2023,7,Lic. en Ciencia de Datos e Inteligencia de Negocios,5,1,2,1,1,0,19,1,0,1,1,0,1,0,0,beca,8,8,8,14.07125,8,8,8,14.07125,0,92.2,0,0,9.4,-0.8,-3.12,Activo,0,87.5,0,0.0,13.753836882589775,0,0
2024,1,Ing. Comercial,1,1,1,1,6,0,22,1,0,0,1,0,1,0,1,ninguno,5,14,4,14.25,5,9,5,13.2,1,71.3,0,0,9.4,-0.8,-3.12,Abandono,1,12.5,1,1.0,13.161215107288683,0,0
2024,7,Ing. Comercio Internacional,2,8,1,1,1,0,22,1,0,0,0,0,1,0,0,ninguno,6,0,0,0.0,2,2,0,0.0,6,82.5,0,0,9.4,-0.8,-3.12,Abandono,1,87.5,0,3.0,0.0,1,0
2025,3,Lic. en Administración de Empresas,3,1,2,1,1,0,18,1,0,0,1,0,1,0,0,ninguno,6,10,3,12.0,6,8,4,10.25,3,89.7,1,1,10.8,1.4,1.74,Activo,0,37.5,0,1.0,10.632754184128112,1,1
2023,1,Ing. Financiera y de Riesgos,4,14,1,1,1,0,21,1,0,0,1,0,0,0,1,ninguno,10,18,6,11.166666666666666,10,16,7,10.571428571428571,4,83.5,0,0,7.6,2.6,0.32,Activo,0,12.5,1,1.0,10.377890603822696,1,0
2025,2,Lic. en Ciencia de Datos e Inteligencia de Negocios,5,1,1,1,1,0,19,1,0,0,1,0,1,0,1,ninguno,6,12,2,13.0,6,8,5,11.6,4,75.7,2,1,7.6,2.6,0.32,Activo,0,25.0,0,2.0,11.788164400442678,1,1
2025,1,Ing. Comercial,1,1,4,1,1,0,19,1,0,0,1,0,1,0,1,ninguno,0,0,0,0.0,0,0,0,0.0,0,64.0,1,1,10.8,1.4,1.74,Abandono,1,12.5,2,0.0,0.0,1,1
2024,5,Ing. Comercio Internacional,2,1,2,1,1,0,20,1,0,1,1,0,1,0,0,beca,8,8,7,14.901428571428571,8,8,7,14.901428571428571,1,74.2,0,0,9.4,-0.8,-3.12,Abandono,1,62.5,0,1.0,14.294595628498524,0,0
2023,1,Lic. en Administración de Empresas,3,1,3,1,1,0,18,1,0,1,1,1,1,0,0,beca,7,8,7,12.65,8,9,8,12.445555555555554,0,68.7,1,1,15.5,2.8,-4.06,Activo,0,12.5,0,0.0,11.739063392330438,0,1
2025,4,Ing. Financiera y de Riesgos,4,16,1,0,16,0,22,1,0,0,0,0,0,0,1,ninguno,12,12,7,11.0,5,5,5,10.6,5,74.4,2,1,8.9,1.4,3.51,Abandono,1,50.0,1,1.0,9.873562550204735,1,1
2023,7,Lic. en Ciencia de Datos e Inteligencia de Negocios,5,8,4,1,1,0,20,1,0,0,1,0,1,0,0,ninguno,5,7,4,12.4,5,9,5,12.666666666666666,1,76.2,2,1,7.6,2.6,0.32,Activo,0,87.5,0,0.0,11.761393770873331,0,1
2024,1,Ing. Comercial,1,15,1,1,14,0,19,1,0,0,1,0,0,0,1,ninguno,6,7,6,12.0,6,7,6,12.666666666666666,0,68.1,1,1,12.4,0.5,1.79,Activo,0,12.5,1,0.0,11.89020662919503,0,1
2025,1,Ing. Comercio Internacional,2,1,5,1,1,0,19,1,0,1,1,0,1,0,1,beca,7,8,7,12.135714285714286,8,10,7,13.328571428571427,0,80.1,1,1,12.4,0.5,1.79,Activo,0,12.5,0,0.0,11.779265525490507,0,1
2023,3,Lic. en Administración de Empresas,3,1,2,1,1,0,20,1,0,1,1,0,1,0,1,beca,7,10,5,12.62,7,8,6,12.5,2,74.6,0,0,11.1,0.6,2.02,Activo,0,37.5,0,1.0,12.074854988656764,1,0
2024,8,Ing. Financiera y de Riesgos,4,12,1,0,1,0,25,1,0,0,1,0,0,0,1,ninguno,5,11,3,10.666666666666666,5,11,3,11.333333333333334,2,95.7,0,0,15.5,2.8,-4.06,Activo,0,100.0,0,1.0,10.59507399327029,1,0
2023,3,Lic. en Ciencia de Datos e Inteligencia de Negocios,5,1,1,1,1,0,19,1,0,1,1,0,0,0,0,mixto,7,12,6,13.766666666666666,8,10,7,14.051428571428572,1,89.2,0,0,15.5,2.8,-4.06,Activo,0,37.5,0,0.0,13.546070523844946,0,0
2023,7,Ing. Comercial,1,9,1,1,1,0,19,1,0,0,1,0,1,0,1,ninguno,8,8,8,13.11625,8,8,8,13.11625,0,62.2,0,0,9.4,-0.8,-3.12,Activo,0,87.5,0,0.0,12.421881381533685,1,0
2024,1,Ing. Comercio Internacional,2,1,1,1,1,0,19,1,0,0,0,0,1,0,0,ninguno,5,5,0,0.0,6,0,0,0.0,5,89.9,2,1,10.8,1.4,1.74,Abandono,1,12.5,0,1.0,0.0,1,1
2024,3,Lic. en Administración de Empresas,3,1,1,1,1,0,20,1,0,0,1,0,0,0,0,ninguno,7,9,6,12.7,8,8,7,13.571428571428571,1,78.1,0,0,13.9,-0.3,0.79,Activo,0,37.5,0,0.0,12.738571166835445,0,0
2024,6,Ing. Financiera y de Riesgos,4,12,2,1,1,0,25,1,0,0,1,0,1,0,1,ninguno,7,11,7,11.857142857142858,8,21,5,11.7,0,62.7,3,1,12.4,0.5,1.79,Activo,0,75.0,1,0.0,11.26855009215458,1,1
2024,6,Lic. en Ciencia de Datos e Inteligencia de Negocios,5,8,1,1,1,0,20,1,0,1,1,0,1,0,0,beca,7,7,6,12.333333333333334,7,7,6,12.333333333333334,1,71.6,0,0,7.6,2.6,0.32,Activo,0,75.0,1,1.0,11.83617622655421,0,0
2025,6,Ing. Comercial,1,12,1,1,1,0,24,1,0,0,1,0,1,0,0,ninguno,6,9,4,15.75,6,10,5,16.4,2,95.5,1,1,9.4,-0.8,-3.12,Activo,0,75.0,1,1.0,15.3520323427675,1,1
2025,8,Ing. Comercio Internacional,2,1,3,1,1,0,20,1,0,0,1,0,0,0,0,ninguno,5,6,5,13.333333333333334,5,6,5,13.2,0,81.5,1,1,7.6,2.6,0.32,Activo,0,100.0,0,0.0,12.39494497103579,0,1
2024,1,Lic. en Administración de Empresas,3,13,1,1,1,0,21,1,0,0,1,0,1,0,0,ninguno,7,9,7,14.355555555555554,8,8,8,13.49375,0,90.0,0,0,15.5,2.8,-4.06,Activo,0,12.5,0,0.0,13.091708018435751,0,0
2023,3,Ing. Financiera y de Riesgos,4,15,1,1,14,0,19,1,0,1,1,1,0,0,0,beca,6,8,6,13.0,6,11,5,13.0,0,79.9,0,0,15.5,2.8,-4.06,Activo,0,37.5,1,0.0,12.516260881698466,0,0
2025,4,Lic. en Ciencia de Datos e Inteligencia de Negocios,5,1,1,1,1,0,19,1,0,1,1,0,0,0,0,beca,6,6,6,12.833333333333334,6,6,6,13.5,0,94.5,1,1,16.2,0.3,-0.92,Activo,0,50.0,0,0.0,12.694949318076482,0,1
2023,1,Ing. Comercial,1,1,2,1,1,0,21,1,0,1,1,0,0,0,0,mixto,5,5,5,13.2,5,5,4,13.0,0,78.5,2,1,9.4,-0.8,-3.12,Activo,0,12.5,0,0.0,12.123945928925123,0,1
2025,5,Ing. Comercio Internacional,2,12,1,1,3,0,28,1,0,0,1,0,0,0,0,ninguno,7,9,7,17.005555555555556,8,9,8,16.582222222222224,0,96.4,0,0,15.5,2.8,-4.06,Activo,0,62.5,1,0.0,16.48812351977452,0,0
2024,1,Lic. en Administración de Empresas,3,1,1,1,1,0,19,1,0,1,0,1,1,0,0,credito,6,8,5,10.6,6,8,5,11.0,1,78.5,0,0,10.8,1.4,1.74,Activo,0,12.5,1,0.0,9.88419562685785,0,0
2024,2,Ing. Financiera y de Riesgos,4,1,1,1,1,0,18,1,0,1,1,0,0,0,0,beca,5,5,5,14.0,5,6,5,13.6,0,80.1,0,0,12.4,0.5,1.79,Activo,0,25.0,1,0.0,13.360190036614318,0,0
2025,3,Lic. en Ciencia de Datos e Inteligencia de Negocios,5,8,5,1,1,0,18,5,0,1,1,0,1,0,0,beca,8,8,7,12.114285714285714,8,8,7,12.114285714285714,1,75.1,1,1,12.7,3.7,-1.7,Activo,0,37.5,0,1.0,11.151186688122877,0,1
2023,1,Ing. Comercial,1,1,3,1,1,0,18,1,0,1,1,0,1,0,0,beca,8,8,8,13.05875,8,8,8,13.05875,0,66.3,3,1,9.4,-0.8,-3.12,Activo,0,12.5,0,0.0,12.519134900620736,0,1
2023,2,Ing. Comercio Internacional,2,13,1,1,1,0,22,1,0,0,1,0,1,0,1,ninguno,8,8,7,13.285714285714286,8,8,7,13.285714285714286,1,87.6,1,1,12.7,3.7,-1.7,Activo,0,25.0,0,0.0,12.677468043989009,0,1
2024,2,Lic. en Administración de Empresas,3,1,1,1,1,0,19,1,0,0,1,0,1,0,0,ninguno,5,9,4,11.0,5,8,3,10.666666666666666,1,76.4,0,0,12.4,0.5,1.79,Activo,0,25.0,0,0.0,10.038348903572265,0,0
2025,3,Ing. Financiera y de Riesgos,4,1,1,1,1,0,18,1,0,1,1,0,0,0,1,beca,7,7,7,14.071428571428571,8,8,8,15.1625,0,86.3,1,1,13.9,-0.3,0.79,Activo,0,37.5,0,0.0,13.905595949683004,0,1
2024,7,Lic. en Ciencia de Datos e Inteligencia de Negocios,5,8,1,1,1,0,20,1,0,0,0,0,0,0,0,ninguno,6,0,0,0.0,6,0,0,0.0,6,91.5,2,1,15.5,2.8,-4.06,Abandono,1,87.5,0,2.0,0.0,1,1
2024,1,Ing. Comercial,1,15,1,1,14,0,26,1,0,0,0,0,0,0,1,ninguno,9,9,4,11.25,10,12,3,11.0,5,66.1,0,0,12.4,0.5,1.79,Abandono,1,12.5,0,2.0,10.437318358892524,1,0
2024,5,Ing. Comercio Internacional,2,1,3,1,1,0,18,1,0,1,1,0,1,0,0,credito,6,6,6,14.0,6,8,6,13.625,0,95.7,2,1,10.8,1.4,1.74,Activo,0,62.5,0,0.0,13.00100518094598,0,1
2025,8,Lic. en Administración de Empresas,3,1,1,1,1,0,21,1,0,1,1,0,1,0,0,beca,6,8,6,12.166666666666666,6,11,3,11.666666666666666,0,86.0,0,0,10.8,1.4,1.74,Abandono,1,100.0,0,0.0,11.587032204534921,0,0
2025,7,Ing. Financiera y de Riesgos,4,8,4,1,1,0,18,1,0,0,1,0,1,0,1,ninguno,8,8,7,13.297142857142855,8,8,7,13.297142857142855,1,55.4,0,0,10.8,1.4,1.74,Activo,0,87.5,0,0.0,12.989303343463863,1,0
2023,2,Lic. en Ciencia de Datos e Inteligencia de Negocios,5,1,1,1,1,0,20,1,0,0,1,0,1,0,0,ninguno,6,14,6,13.923076923076923,6,9,6,14.25,0,68.6,0,0,15.5,2.8,-4.06,Activo,0,25.0,0,0.0,13.465891604187437,0,0
2025,1,Ing. Comercial,1,1,6,1,1,0,18,1,0,0,1,0,1,0,0,ninguno,7,11,7,13.37,8,13,7,12.833333333333334,0,73.3,0,0,15.5,2.8,-4.06,Activo,0,12.5,0,0.0,12.709381034204206,0,0
2024,4,Ing. Comercio Internacional,2,8,6,1,1,0,19,1,0,1,1,0,0,0,0,mixto,5,5,5,12.4,5,8,3,11.0,0,83.6,2,1,12.7,3.7,-1.7,Activo,0,50.0,0,0.0,10.9349589959747,0,1
2024,5,Lic. en Administración de Empresas,3,1,1,1,1,0,20,1,0,0,1,0,1,0,0,ninguno,5,5,4,15.0,5,5,4,13.75,1,75.3,0,0,7.6,2.6,0.32,Abandono,1,62.5,0,0.0,13.925163280640795,0,0
2023,2,Ing. Financiera y de Riesgos,4,1,1,1,1,0,18,1,0,1,1,1,0,0,1,beca,6,6,6,13.333333333333334,6,7,6,12.571428571428571,0,80.0,0,0,12.7,3.7,-1.7,Activo,0,25.0,0,0.0,12.349385177623983,0,0
2025,6,Lic. en Ciencia de Datos e Inteligencia de Negocios,5,7,2,1,1,0,20,1,0,1,1,0,1,0,0,beca,5,8,3,12.0,5,9,4,12.625,2,78.7,3,1,10.8,1.4,1.74,Activo,0,75.0,0,1.0,11.874130344188012,1,1
2025,1,Ing. Comercial,1,1,2,0,1,0,22,1,0,0,1,0,1,0,1,ninguno,6,7,5,13.4,6,9,5,12.2,1,87.3,1,1,7.6,2.6,0.32,Activo,0,12.5,0,1.0,12.116061489975614,0,1
2023,1,Ing. Comercio Internacional,2,1,1,1,1,0,18,1,0,0,1,0,1,0,0,ninguno,0,0,0,0.0,0,0,0,0.0,0,99.6,2,1,7.6,2.6,0.32,Activo,0,12.5,1,0.0,0.0,0,1
2023,8,Lic. en Administración de Empresas,3,16,1,0,1,0,21,1,0,0,1,0,0,0,0,ninguno,5,9,4,11.5,5,5,5,11.4,1,80.3,1,1,8.9,1.4,3.51,Activo,0,100.0,0,1.0,11.133825203048763,0,1
2024,3,Ing. Financiera y de Riesgos,4,9,2,1,1,0,18,1,0,0,1,0,0,0,1,ninguno,7,12,6,12.0,7,11,6,12.166666666666666,1,90.5,0,0,13.9,-0.3,0.79,Activo,0,37.5,0,0.0,11.747541186658644,0,0
2023,1,Lic. en Ciencia de Datos e Inteligencia de Negocios,5,1,1,1,1,0,18,1,0,0,1,0,0,0,0,ninguno,8,8,7,13.485714285714284,8,8,7,13.485714285714284,1,72.5,1,1,12.7,3.7,-1.7,Activo,0,12.5,0,0.0,12.517733376653567,0,1
2023,6,Ing. Comercial,1,1,1,1,1,0,18,1,0,1,1,0,0,1,1,mixto,6,6,6,12.0,6,8,6,11.285714285714286,0,56.1,1,1,8.9,1.4,3.51,Activo,0,75.0,0,0.0,11.243256789829488,1,1
2024,8,Ing. Comercio Internacional,2,8,1,1,1,0,19,1,0,0,1,0,1,0,0,ninguno,0,0,0,0.0,0,0,0,0.0,0,71.6,0,0,15.5,2.8,-4.06,Abandono,1,100.0,0,0.0,0.0,0,0
2023,1,Lic. en Administración de Empresas,3,8,3,1,1,0,19,1,0,0,1,0,1,0,0,ninguno,5,7,3,10.333333333333334,5,11,3,14.428571428571429,2,80.2,2,1,10.8,1.4,1.74,Activo,0,12.5,0,1.0,12.033404037996403,1,1
2025,5,Ing. Financiera y de Riesgos,4,1,1,1,1,0,19,1,0,0,1,0,1,0,0,ninguno,7,10,5,12.94,7,7,5,13.76,2,98.4,2,1,16.2,0.3,-0.92,Activo,0,62.5,0,1.0,12.974287753435371,1,1
2024,7,Lic. en Ciencia de Datos e Inteligencia de Negocios,5,1,3,1,1,0,19,1,0,0,1,0,1,0,0,ninguno,8,11,7,13.258571428571427,8,11,7,13.258571428571427,1,74.6,0,0,10.8,1.4,1.74,Activo,0,87.5,0,0.0,12.602358052584893,0,0
2023,5,Ing. Comercial,1,1,1,1,1,0,19,1,0,0,1,0,1,0,1,ninguno,5,9,4,12.25,5,10,4,12.0,1,66.9,1,1,8.9,1.4,3.51,Activo,0,62.5,1,0.0,11.49959034889196,0,1
2023,1,Ing. Comercio Internacional,2,8,1,1,1,0,19,1,0,0,0,0,1,0,1,ninguno,6,9,3,11.666666666666666,6,15,1,10.0,3,83.2,1,1,10.8,1.4,1.74,Abandono,1,12.5,0,1.0,9.867227116725424,1,1
2024,4,Lic. en Administración de Empresas,3,7,4,1,1,0,21,1,0,1,1,0,1,0,0,beca,6,7,6,13.571428571428571,6,6,6,12.5,0,99.4,0,0,8.9,1.4,3.51,Activo,0,50.0,1,0.0,12.07432946859977,0,0
2024,3,Ing. Financiera y de Riesgos,4,1,2,1,1,0,20,1,1,1,1,0,0,0,0,beca,6,9,5,11.8,6,9,5,11.833333333333334,1,86.2,2,1,15.5,2.8,-4.06,Activo,0,37.5,0,1.0,10.97094061688694,0,1
2025,5,Lic. en Ciencia de Datos e Inteligencia de Negocios,5,1,1,1,1,0,20,1,0,1,1,0,1,0,0,credito,5,7,5,14.2,5,7,5,13.285714285714286,0,61.8,2,1,11.1,0.6,2.02,Activo,0,62.5,0,0.0,13.021385861768,1,1
2025,3,Ing. Comercial,1,12,1,0,12,0,41,1,0,0,1,0,0,0,0,ninguno,5,8,5,11.0,5,6,5,11.8,0,86.7,2,1,7.6,2.6,0.32,Activo,0,37.5,0,0.0,10.781527777824893,0,1
2025,6,Ing. Comercio Internacional,2,4,1,1,15,0,32,4,0,0,1,0,1,0,0,ninguno,7,16,4,13.625,7,8,7,12.6375,3,84.5,0,0,12.4,0.5,1.79,Activo,0,75.0,1,1.0,12.581925025970104,1,0
2023,1,Lic. en Administración de Empresas,3,8,3,1,1,0,18,1,0,0,1,0,1,0,0,ninguno,8,8,7,14.652857142857142,8,8,7,14.652857142857142,1,82.5,1,1,10.8,1.4,1.74,Activo,0,12.5,1,1.0,13.689895859974254,0,1
2024,7,Ing. Financiera y de Riesgos,4,12,1,0,1,0,35,4,0,1,1,0,0,0,1,mixto,6,9,6,11.333333333333334,6,6,6,11.333333333333334,0,97.6,0,0,15.5,2.8,-4.06,Activo,0,87.5,1,0.0,10.611297165336055,0,0
2024,1,Lic. en Ciencia de Datos e Inteligencia de Negocios,5,12,1,1,1,0,32,1,0,0,0,1,0,0,1,ninguno,7,12,4,13.7,7,7,0,0.0,3,87.9,1,1,16.2,0.3,-0.92,Abandono,1,12.5,0,1.0,6.1446492306198035,1,1
2023,6,Ing. Comercial,1,12,1,0,15,0,37,1,0,0,1,0,0,0,1,ninguno,11,11,11,13.727272727272728,8,8,8,14.75,0,80.7,1,1,12.4,0.5,1.79,Activo,0,75.0,0,0.0,13.776305578398123,0,1
2023,1,Ing. Comercio Internacional,2,12,2,1,3,0,30,2,0,0,1,0,0,0,1,ninguno,7,9,7,11.75,8,12,7,11.142857142857142,0,86.9,1,1,12.7,3.7,-1.7,Abandono,1,12.5,0,0.0,11.113740098908991,0,1
2023,4,Lic. en Administración de Empresas,3,14,2,1,1,1,23,1,0,0,1,0,0,0,0,ninguno,6,9,6,12.333333333333334,6,11,5,13.0,0,70.6,0,0,7.6,2.6,0.32,Activo,0,50.0,0,0.0,11.705034660834986,0,0
2024,5,Ing. Financiera y de Riesgos,4,8,2,1,1,0,20,1,0,1,1,0,1,0,0,beca,6,6,6,14.0,6,7,6,13.857142857142858,0,68.0,0,0,15.5,2.8,-4.06,Abandono,1,62.5,0,0.0,13.408956747380172,0,0
2024,4,Lic. en Ciencia de Datos e Inteligencia de Negocios,5,1,1,1,1,1,21,1,0,0,1,0,0,0,0,ninguno,5,7,4,11.5,5,6,4,11.75,1,89.7,1,1,9.4,-0.8,-3.12,Activo,0,50.0,1,0.0,11.01518768367288,0,1
2025,3,Ing. Comercial,1,1,1,1,1,1,19,1,0,0,1,0,0,0,0,ninguno,5,6,5,11.2,5,5,5,13.2,0,81.8,0,0,12.4,0.5,1.79,Activo,0,37.5,0,0.0,11.819752039490005,0,0
2023,6,Ing. Comercio Internacional,2,8,4,1,1,1,18,1,0,1,1,0,1,0,0,mixto,8,8,7,15.07,8,8,7,15.07,1,100.0,0,0,10.8,1.4,1.74,Activo,0,75.0,0,0.0,14.184152969063495,0,0
2025,2,Lic. en Administración de Empresas,3,13,1,1,1,1,18,1,0,0,1,0,0,0,0,ninguno,5,6,1,10.0,5,7,1,12.0,4,85.3,0,0,10.8,1.4,1.74,Abandono,1,25.0,0,1.0,10.680657717000848,1,0
2025,4,Ing. Financiera y de Riesgos,4,12,1,0,1,1,24,1,0,0,1,0,0,0,1,ninguno,5,5,4,12.0,5,6,5,12.666666666666666,1,85.4,0,0,12.4,0.5,1.79,Activo,0,50.0,0,0.0,11.449539799863965,0,0
2025,1,Lic. en Ciencia de Datos e Inteligencia de Negocios,5,9,1,1,1,1,22,1,0,0,1,0,1,0,0,ninguno,6,11,4,13.0,6,11,4,12.6,2,93.4,3,1,12.7,3.7,-1.7,Activo,0,12.5,0,1.0,12.401800491048425,1,1
2025,3,Ing. Comercial,1,8,4,1,1,1,18,1,0,0,1,0,1,0,0,ninguno,6,7,4,11.0,6,7,3,11.25,2,66.6,2,1,16.2,0.3,-0.92,Abandono,1,37.5,0,1.0,10.204405121158194,1,1
2023,1,Ing. Comercio Internacional,2,7,2,1,1,0,18,1,0,0,1,0,1,0,0,ninguno,6,8,6,13.571428571428571,6,11,5,12.166666666666666,0,71.0,1,1,9.4,-0.8,-3.12,Activo,0,12.5,0,0.0,12.058206772912309,0,1
2025,5,Lic. en Administración de Empresas,3,1,2,1,1,1,21,1,1,0,1,0,1,0,0,ninguno,6,7,5,14.6,6,6,5,14.2,1,74.8,0,0,16.2,0.3,-0.92,Activo,0,62.5,0,0.0,13.984730816244886,0,0
2024,7,Ing. Financiera y de Riesgos,4,12,1,1,1,0,38,4,0,0,1,1,0,0,1,ninguno,7,13,3,11.833333333333334,7,14,2,10.0,4,78.6,3,1,16.2,0.3,-0.92,Abandono,1,87.5,0,2.0,10.22059407166504,1,1
2024,3,Lic. en Ciencia de Datos e Inteligencia de Negocios,5,9,1,1,1,0,19,1,0,1,1,0,0,0,1,beca,7,11,7,12.625,8,11,8,12.5125,0,81.0,1,1,12.7,3.7,-1.7,Activo,0,37.5,0,0.0,12.049890579951345,0,1
2024,1,Ing. Comercial,1,12,1,1,1,0,36,6,0,0,1,0,0,0,0,ninguno,7,12,4,11.5,7,14,3,12.333333333333334,3,69.5,0,0,16.2,0.3,-0.92,Abandono,1,12.5,0,1.0,11.49190349742856,1,0
2025,2,Ing. Comercio Internacional,2,7,1,1,1,0,18,1,0,0,1,0,1,0,0,ninguno,5,8,4,13.25,5,10,4,10.5,1,82.9,0,0,12.7,3.7,-1.7,Activo,0,25.0,0,0.0,10.973572460412225,0,0
2025,2,Lic. en Administración de Empresas,3,1,3,1,1,0,19,1,0,0,1,0,1,0,0,ninguno,7,9,7,12.60625,8,12,6,11.9,0,87.9,1,1,12.4,0.5,1.79,Activo,0,25.0,0,0.0,11.67065906344494,0,1
2023,2,Ing. Financiera y de Riesgos,4,17,1,1,16,0,21,1,0,0,0,1,0,0,1,ninguno,10,15,8,13.75,9,17,5,13.2,2,88.6,0,0,8.9,1.4,3.51,Abandono,1,25.0,0,1.0,12.896019399944231,1,0
2023,6,Lic. en Ciencia de Datos e Inteligencia de Negocios,5,1,2,1,1,0,19,1,0,0,1,0,1,0,1,ninguno,7,10,6,13.598333333333334,8,11,6,11.933333333333332,1,77.5,2,1,11.1,0.6,2.02,Activo,0,75.0,1,1.0,12.3469126609687,0,1
2024,1,Ing. Comercial,1,1,1,1,1,0,18,1,0,1,1,0,0,0,0,beca,6,11,5,11.142857142857142,6,8,6,12.285714285714286,1,89.8,0,0,16.2,0.3,-0.92,Activo,0,12.5,1,0.0,11.14613974102567,0,0
2024,5,Ing. Comercio Internacional,2,4,1,1,3,0,45,2,0,0,1,0,1,0,0,ninguno,11,11,11,12.7,10,12,10,12.96818181818182,0,73.0,0,0,13.9,-0.3,0.79,Activo,0,62.5,0,0.0,11.923959116660715,0,0
2024,3,Lic. en Administración de Empresas,3,8,1,1,1,0,20,1,0,0,1,0,1,0,0,ninguno,5,9,1,10.0,5,10,1,11.0,4,87.7,0,0,7.6,2.6,0.32,Abandono,1,37.5,0,2.0,9.945809902657254,1,0
2025,2,Ing. Financiera y de Riesgos,4,8,1,1,1,0,18,1,0,0,1,1,1,0,1,ninguno,6,8,6,11.666666666666666,6,10,4,11.5,0,88.8,0,0,13.9,-0.3,0.79,Activo,0,25.0,1,0.0,10.61721083958348,0,0
2023,5,Lic. en Ciencia de Datos e Inteligencia de Negocios,5,1,1,1,1,0,18,1,0,1,1,0,0,0,0,credito,6,8,6,14.0,6,7,6,13.142857142857142,0,79.0,0,0,11.1,0.6,2.02,Activo,0,62.5,1,0.0,12.6090123419827,0,0
2023,1,Ing. Comercial,1,4,2,1,3,0,25,1,0,0,1,0,0,0,0,ninguno,5,9,0,0.0,5,9,0,0.0,5,92.4,0,0,10.8,1.4,1.74,Abandono,1,12.5,0,2.0,0.0,1,0
2023,6,Ing. Comercio Internacional,2,1,6,1,1,0,19,1,0,0,1,0,1,0,1,ninguno,8,9,7,12.04142857142857,8,9,7,12.04142857142857,1,76.9,2,1,10.8,1.4,1.74,Activo,0,75.0,0,0.0,11.617310693962718,0,1
2024,6,Lic. en Administración de Empresas,3,1,1,1,1,0,18,1,0,1,1,0,1,0,0,beca,0,0,0,0.0,0,0,0,0.0,0,69.4,1,1,13.9,-0.3,0.79,Activo,0,75.0,0,0.0,0.0,0,1
2024,5,Ing. Financiera y de Riesgos,4,4,1,1,15,0,39,1,0,0,1,0,0,0,1,ninguno,13,14,13,13.76923076923077,12,16,12,14.583333333333334,0,87.7,1,1,13.9,-0.3,0.79,Activo,0,62.5,0,0.0,13.601349408034748,0,1
2023,7,Lic. en Ciencia de Datos e Inteligencia de Negocios,5,12,1,1,1,0,29,2,0,0,1,0,0,0,1,ninguno,18,20,18,15.444444444444445,13,13,13,15.307692307692308,0,95.5,2,1,15.5,2.8,-4.06,Activo,0,87.5,2,0.0,15.07300658847027,0,1
2025,4,Ing. Comercial,1,8,1,1,1,0,18,1,0,0,1,0,1,0,1,ninguno,7,9,6,11.5,7,8,7,12.714285714285714,1,97.8,1,1,13.9,-0.3,0.79,Activo,0,50.0,0,0.0,11.615432583349097,0,1
2023,5,Ing. Comercio Internacional,2,4,1,1,3,0,23,1,0,0,0,0,0,0,1,ninguno,3,3,2,10.0,6,0,0,0.0,1,64.0,0,0,10.8,1.4,1.74,Abandono,1,62.5,1,0.0,4.281659704763108,1,0
2024,8,Lic. en Administración de Empresas,3,13,1,1,1,0,21,1,0,0,1,0,1,0,0,ninguno,6,8,4,12.25,6,13,3,10.333333333333334,2,63.7,0,0,12.7,3.7,-1.7,Abandono,1,100.0,1,1.0,10.43218049049469,1,0
2024,7,Ing. Financiera y de Riesgos,4,1,1,1,1,0,18,1,0,0,0,0,0,0,1,ninguno,6,6,6,14.5,6,6,6,15.166666666666666,0,84.4,2,1,10.8,1.4,1.74,Activo,0,87.5,0,0.0,14.43996130136805,0,1
2025,3,Lic. en Ciencia de Datos e Inteligencia de Negocios,5,4,1,1,15,0,23,1,0,0,1,0,1,0,1,ninguno,6,7,6,15.571428571428571,6,8,6,16.375,0,84.5,2,1,12.4,0.5,1.79,Activo,0,37.5,0,0.0,15.59583533062257,0,1
2025,2,Ing. Comercial,1,1,1,1,1,0,18,1,0,0,1,0,0,0,0,ninguno,6,7,6,15.571428571428571,6,7,6,14.714285714285714,0,70.9,0,0,11.1,0.6,2.02,Activo,0,25.0,0,0.0,14.19739228535651,0,0
2023,5,Ing. Comercio Internacional,2,12,1,0,12,0,32,2,0,0,1,0,0,0,1,ninguno,6,8,5,13.8,6,7,6,12.166666666666666,1,87.6,0,0,9.4,-0.8,-3.12,Activo,0,62.5,0,1.0,12.157529475857526,0,0
2023,1,Lic. en Administración de Empresas,3,12,2,1,1,0,29,2,0,0,0,1,0,0,0,ninguno,5,8,3,10.666666666666666,5,14,2,14.8,2,81.1,2,1,10.8,1.4,1.74,Abandono,1,12.5,0,1.0,12.02048761278868,1,1
2024,4,Ing. Financiera y de Riesgos,4,1,6,1,1,0,20,1,0,1,1,1,1,0,0,beca,6,8,5,11.6,6,8,4,11.75,1,78.9,2,1,8.9,1.4,3.51,Activo,0,50.0,0,0.0,10.836569247002851,0,1
2023,8,Lic. en Ciencia de Datos e Inteligencia de Negocios,5,12,1,1,1,0,28,1,0,0,0,0,1,0,0,ninguno,6,11,1,13.0,6,12,0,0.0,5,83.6,0,0,9.4,-0.8,-3.12,Abandono,1,100.0,0,3.0,5.899801947085353,1,0
2023,2,Ing. Comercial,1,4,1,1,3,0,27,1,0,0,1,0,0,0,0,ninguno,5,9,3,12.0,5,11,4,13.625,2,77.7,1,1,10.8,1.4,1.74,Activo,0,25.0,1,1.0,11.981580976883611,1,1
2024,2,Ing. Comercio Internacional,2,14,2,1,1,0,22,1,0,0,1,1,0,0,0,ninguno,14,14,12,12.333333333333334,14,14,12,12.333333333333334,2,74.3,0,0,7.6,2.6,0.32,Activo,0,25.0,0,1.0,11.773071239441158,1,0
2023,4,Lic. en Administración de Empresas,3,12,1,1,12,0,37,2,0,0,1,1,0,0,0,ninguno,6,10,6,12.875,6,12,6,12.9,0,98.4,3,1,16.2,0.3,-0.92,Activo,0,50.0,0,0.0,12.416633799255177,0,1
2023,3,Ing. Financiera y de Riesgos,4,4,1,0,3,0,28,1,0,0,0,0,0,0,1,ninguno,6,12,1,11.0,6,0,0,0.0,5,82.2,0,0,12.7,3.7,-1.7,Abandono,1,37.5,0,3.0,4.689690605094922,1,0
2023,5,Lic. en Ciencia de Datos e Inteligencia de Negocios,5,12,1,1,1,0,43,2,0,0,0,1,0,0,0,ninguno,6,10,4,12.25,6,13,4,10.5,2,90.3,0,0,8.9,1.4,3.51,Abandono,1,62.5,0,1.0,10.781229395489913,1,0
2025,2,Ing. Comercial,1,14,1,1,1,0,32,1,0,0,0,0,1,0,1,ninguno,7,7,0,0.0,8,8,0,0.0,7,87.5,0,0,10.8,1.4,1.74,Abandono,1,25.0,0,2.0,0.0,1,0
2025,7,Ing. Comercio Internacional,2,8,1,1,1,0,20,1,0,1,1,0,0,0,0,beca,6,11,4,10.75,6,13,5,11.5,2,74.0,2,1,15.5,2.8,-4.06,Activo,0,87.5,0,1.0,10.58036037238433,1,1
2024,4,Lic. en Administración de Empresas,3,12,1,1,12,0,35,4,0,1,1,0,0,0,0,beca,8,9,8,13.63,8,9,8,13.63,0,76.5,0,0,9.4,-0.8,-3.12,Activo,0,50.0,0,0.0,12.684790805628255,0,0
2025,1,Ing. Financiera y de Riesgos,4,1,1,1,1,0,21,1,0,0,1,0,1,0,0,ninguno,5,8,3,13.0,5,7,4,11.5,2,66.3,0,0,7.6,2.6,0.32,Activo,0,12.5,0,1.0,11.296926216003044,1,0
2024,2,Lic. en Ciencia de Datos e Inteligencia de Negocios,5,1,4,1,1,0,18,1,0,1,1,0,1,0,0,beca,7,9,6,13.533333333333331,7,7,7,12.228571428571428,1,81.9,0,0,12.4,0.5,1.79,Activo,0,25.0,0,0.0,12.411655318007057,0,0
2025,6,Ing. Comercial,1,1,1,1,1,0,18,1,0,1,1,0,0,0,0,credito,7,7,7,16.9,8,9,8,16.37777777777778,0,89.8,1,1,16.2,0.3,-0.92,Activo,0,75.0,1,0.0,15.78013406177728,0,1
2023,4,Ing. Comercio Internacional,2,8,4,1,1,0,18,1,0,0,1,0,1,0,0,ninguno,6,10,5,12.0,6,11,4,12.0,1,83.0,0,0,16.2,0.3,-0.92,Activo,0,50.0,0,0.0,11.396847846398805,0,0
2024,1,Lic. en Administración de Empresas,3,15,1,0,14,0,22,1,0,0,1,0,1,0,1,ninguno,6,6,6,12.5,6,7,6,13.285714285714286,0,83.6,0,0,12.4,0.5,1.79,Activo,0,12.5,0,0.0,11.950589833795899,0,0
2023,2,Ing. Financiera y de Riesgos,4,1,2,1,1,0,19,1,0,0,1,0,1,0,0,ninguno,8,8,7,12.764285714285714,8,8,7,12.764285714285714,1,83.7,1,1,10.8,1.4,1.74,Activo,0,25.0,0,0.0,12.149198723441048,0,1
2023,1,Lic. en Ciencia de Datos e Inteligencia de Negocios,5,9,2,1,1,0,18,1,0,1,1,0,1,0,0,credito,5,8,5,13.75,5,6,5,12.166666666666666,0,81.7,0,0,13.9,-0.3,0.79,Activo,0,12.5,0,0.0,12.137320731197176,0,0
2024,2,Ing. Comercial,1,1,2,1,1,0,19,1,0,0,1,1,1,0,1,ninguno,0,0,0,0.0,0,0,0,0.0,0,77.1,0,0,12.4,0.5,1.79,Abandono,1,25.0,0,0.0,0.0,0,0
2023,1,Ing. Comercio Internacional,2,1,1,1,1,0,18,1,0,1,1,0,0,0,1,credito,7,7,7,14.604285714285712,8,9,8,15.68333333333333,0,84.1,1,1,11.1,0.6,2.02,Activo,0,12.5,1,0.0,14.684348994810522,0,1
2024,1,Lic. en Administración de Empresas,3,12,1,0,12,0,31,2,0,0,0,1,0,0,1,ninguno,5,7,0,0.0,5,7,0,0.0,5,88.6,2,1,16.2,0.3,-0.92,Abandono,1,12.5,0,2.0,0.0,1,1
2023,5,Ing. Financiera y de Riesgos,4,12,1,0,12,0,33,2,0,1,1,1,0,0,1,credito,6,9,5,13.833333333333334,6,7,6,12.5,1,88.1,2,1,9.4,-0.8,-3.12,Activo,0,62.5,0,0.0,12.568864830687225,0,1
2024,4,Lic. en Ciencia de Datos e Inteligencia de Negocios,5,1,3,1,1,0,19,1,0,1,1,0,1,0,0,credito,8,8,8,13.57625,8,8,8,13.57625,0,85.2,0,0,9.4,-0.8,-3.12,Activo,0,50.0,0,0.0,12.74740374009005,0,0
2025,3,Ing. Comercial,1,8,1,1,1,0,18,1,0,1,1,0,1,0,0,beca,6,7,6,15.142857142857142,6,6,6,15.833333333333334,0,82.0,1,1,12.7,3.7,-1.7,Activo,0,37.5,0,0.0,14.764545198468701,0,1
2024,7,Ing. Comercio Internacional,2,1,1,1,1,0,23,1,0,0,1,0,0,0,0,ninguno,5,8,3,10.666666666666666,5,8,5,11.6,2,96.3,1,1,7.6,2.6,0.32,Activo,0,87.5,0,1.0,10.351292830402953,1,1
2024,7,Lic. en Administración de Empresas,3,8,1,1,1,0,20,1,0,0,1,0,1,0,0,ninguno,6,11,5,11.2,6,6,6,12.0,1,100.0,0,0,9.4,-0.8,-3.12,Activo,0,87.5,0,0.0,11.10237155448764,0,0
2023,1,Ing. Financiera y de Riesgos,4,1,5,1,1,0,18,1,0,0,1,0,1,0,0,ninguno,8,8,8,13.76375,8,8,8,13.76375,0,74.8,1,1,9.4,-0.8,-3.12,Activo,0,12.5,1,0.0,13.126745257829675,0,1
2024,1,Lic. en Ciencia de Datos e Inteligencia de Negocios,5,17,1,1,16,0,21,1,0,0,1,1,1,0,0,ninguno,9,10,8,13.25,9,14,5,12.2,1,78.0,2,1,8.9,1.4,3.51,Activo,0,12.5,0,1.0,12.393923314521471,0,1
2023,3,Ing. Comercial,1,1,1,1,1,0,22,1,0,1,1,0,0,0,0,beca,6,10,5,10.714285714285714,6,10,5,12.2,1,78.8,1,1,12.7,3.7,-1.7,Activo,0,37.5,0,0.0,10.584870165972172,0,1
2024,5,Ing. Comercio Internacional,2,1,1,1,1,0,20,1,0,0,1,1,1,0,0,ninguno,6,6,6,12.166666666666666,6,7,6,11.666666666666666,0,77.4,2,1,9.4,-0.8,-3.12,Activo,0,62.5,0,0.0,10.923742153098754,0,1
2024,7,Lic. en Administración de Empresas,3,4,1,1,3,0,23,1,0,0,1,0,1,0,0,ninguno,7,8,6,14.357142857142858,7,8,6,14.357142857142858,1,87.6,2,1,7.6,2.6,0.32,Activo,0,87.5,0,0.0,13.772327513305587,0,1
2023,2,Ing. Financiera y de Riesgos,4,8,2,1,1,0,19,1,0,0,1,0,1,0,0,ninguno,6,6,6,12.833333333333334,6,6,6,12.666666666666666,0,85.4,0,0,16.2,0.3,-0.92,Activo,0,25.0,0,0.0,12.44232544280792,0,0
2024,4,Lic. en Ciencia de Datos e Inteligencia de Negocios,5,8,6,1,1,0,19,1,0,0,1,0,1,0,1,ninguno,8,8,7,13.925714285714283,8,8,7,13.925714285714283,1,83.2,2,1,10.8,1.4,1.74,Activo,0,50.0,0,0.0,13.50685943802862,0,1
2024,8,Ing. Comercial,1,12,1,0,1,0,26,1,0,0,1,0,0,0,0,ninguno,5,9,2,12.0,5,9,3,11.0,3,68.0,3,1,10.8,1.4,1.74,Abandono,1,100.0,1,1.0,10.743231185574707,1,1
2023,5,Ing. Comercio Internacional,2,1,6,1,1,0,18,1,0,0,1,0,1,0,0,ninguno,7,7,7,13.44285714285714,8,9,8,13.744444444444444,0,81.0,0,0,16.2,0.3,-0.92,Activo,0,62.5,0,0.0,12.86519527090809,0,0
2023,1,Lic. en Administración de Empresas,3,9,1,1,1,1,18,1,0,0,1,0,1,0,0,ninguno,5,5,1,16.0,5,5,0,0.0,4,86.9,0,0,9.4,-0.8,-3.12,Abandono,1,12.5,1,1.0,7.148494696290119,1,0
2025,4,Ing. Financiera y de Riesgos,4,15,1,1,14,1,20,1,0,0,1,0,1,0,1,ninguno,6,8,6,13.125,6,10,6,13.2,0,81.4,0,0,16.2,0.3,-0.92,Activo,0,50.0,0,0.0,12.684781192327252,0,0
2025,4,Lic. en Ciencia de Datos e Inteligencia de Negocios,5,1,1,1,1,1,19,1,0,0,1,0,0,0,1,ninguno,6,7,0,0.0,6,6,0,0.0,6,92.8,1,1,15.5,2.8,-4.06,Abandono,1,50.0,0,1.0,0.0,1,1
2024,2,Ing. Comercial,1,14,1,0,1,1,32,1,0,0,0,0,0,0,1,ninguno,9,9,5,11.4,4,4,4,11.0,4,70.4,0,0,10.8,1.4,1.74,Abandono,1,25.0,0,1.0,10.418411184933431,1,0
2025,6,Ing. Comercio Internacional,2,12,1,1,1,1,31,2,0,0,0,0,0,0,1,ninguno,4,12,2,11.0,5,9,3,11.666666666666666,2,80.9,0,0,9.4,-0.8,-3.12,Abandono,1,75.0,0,1.0,10.807363184933642,1,0
2023,1,Lic. en Administración de Empresas,3,12,1,1,12,1,25,1,0,0,1,0,0,0,0,ninguno,5,13,1,11.0,5,11,1,10.0,4,85.3,2,1,13.9,-0.3,0.79,Activo,0,12.5,1,1.0,9.818158296360126,1,1
2025,2,Ing. Financiera y de Riesgos,4,13,1,1,14,0,21,1,0,0,1,0,1,0,0,ninguno,6,14,5,13.666666666666666,6,10,5,13.0,1,81.9,0,0,16.2,0.3,-0.92,Activo,0,25.0,0,0.0,12.930241667384504,0,0
2024,1,Lic. en Ciencia de Datos e Inteligencia de Negocios,5,14,1,0,1,0,31,2,0,0,0,0,0,0,1,ninguno,6,10,4,11.75,5,6,1,10.0,2,94.3,0,0,12.7,3.7,-1.7,Abandono,1,12.5,0,1.0,10.258204847595092,1,0
2025,6,Ing. Comercial,1,12,1,1,1,0,34,2,0,0,1,0,0,0,1,ninguno,7,11,1,10.0,7,7,1,13.0,6,80.6,0,0,16.2,0.3,-0.92,Abandono,1,75.0,0,3.0,10.583161862311051,1,0
2024,1,Ing. Comercio Internacional,2,1,1,1,1,0,18,1,0,1,1,0,0,0,0,mixto,6,8,6,13.5,6,9,6,12.833333333333334,0,67.0,1,1,11.1,0.6,2.02,Activo,0,12.5,0,0.0,12.571832700788894,0,1
2023,6,Lic. en Administración de Empresas,3,1,3,1,1,0,19,1,0,0,1,1,1,0,1,ninguno,6,0,0,0.0,6,0,0,0.0,6,72.1,2,1,12.4,0.5,1.79,Abandono,1,75.0,0,2.0,0.0,1,1
2025,4,Ing. Financiera y de Riesgos,4,17,1,1,16,0,21,1,0,0,1,1,1,0,0,ninguno,6,12,1,12.0,6,11,1,11.0,5,82.7,1,1,8.9,1.4,3.51,Activo,0,50.0,1,2.0,10.786822644318214,1,1
2023,1,Lic. en Ciencia de Datos e Inteligencia de Negocios,5,1,2,1,1,0,18,1,0,0,0,0,1,0,0,ninguno,6,11,3,13.0,6,10,5,11.8,3,100.0,3,1,9.4,-0.8,-3.12,Abandono,1,12.5,0,2.0,11.96568630082835,1,1
2023,6,Ing. Comercial,1,1,1,1,1,0,20,1,0,0,1,0,1,0,0,ninguno,6,7,6,14.833333333333334,6,6,6,16.0,0,68.4,1,1,11.1,0.6,2.02,Activo,0,75.0,0,0.0,14.70989229537814,0,1
2024,4,Ing. Comercio Internacional,2,14,1,1,1,0,20,1,0,0,1,0,1,0,1,ninguno,6,6,6,11.833333333333334,6,7,6,12.857142857142858,0,63.6,0,0,15.5,2.8,-4.06,Activo,0,50.0,0,0.0,11.69104976482815,1,0
2023,4,Lic. en Administración de Empresas,3,8,3,1,1,0,18,1,0,1,1,0,1,1,0,credito,6,10,5,12.0,6,11,5,12.333333333333334,1,92.7,0,0,11.1,0.6,2.02,Activo,0,50.0,0,0.0,11.5876177320292,0,0
2023,1,Ing. Financiera y de Riesgos,4,1,1,1,1,0,19,1,0,0,1,0,1,0,0,ninguno,6,11,4,12.75,6,7,6,11.333333333333334,2,81.6,0,0,7.6,2.6,0.32,Activo,0,12.5,0,1.0,11.657925359005418,1,0
2023,1,Lic. en Ciencia de Datos e Inteligencia de Negocios,5,14,1,1,1,0,19,1,0,0,1,0,1,0,0,ninguno,5,5,0,0.0,5,7,4,14.75,5,79.9,0,0,12.7,3.7,-1.7,Activo,0,12.5,1,2.0,6.7833039353069395,1,0
2025,2,Ing. Comercial,1,12,1,1,1,0,30,4,0,1,1,0,1,0,0,beca,6,7,0,0.0,6,16,1,10.0,6,78.1,0,0,11.1,0.6,2.02,Abandono,1,25.0,0,2.0,4.649066336632261,1,0
2023,6,Ing. Comercio Internacional,2,8,1,1,1,0,19,1,0,0,1,0,1,0,0,ninguno,6,6,6,12.0,6,7,6,12.857142857142858,0,72.4,1,1,11.1,0.6,2.02,Activo,0,75.0,1,0.0,12.059433092592302,0,1
2023,4,Lic. en Administración de Empresas,3,1,3,1,1,0,19,1,0,0,1,0,1,0,0,ninguno,7,9,7,11.677777777777775,8,8,8,13.8,0,76.1,0,0,12.7,3.7,-1.7,Activo,0,50.0,0,0.0,12.147747315835986,0,0
2024,1,Ing. Financiera y de Riesgos,4,1,4,1,1,0,19,1,0,1,1,0,1,0,0,mixto,8,8,7,13.6,8,8,7,13.6,1,81.4,0,0,12.7,3.7,-1.7,Activo,0,12.5,0,0.0,13.086232962622075,0,0
2025,5,Lic. en Ciencia de Datos e Inteligencia de Negocios,5,1,1,1,1,0,19,1,0,0,1,0,1,0,1,ninguno,6,7,6,16.0,6,8,6,15.875,0,84.5,0,0,12.4,0.5,1.79,Activo,0,62.5,0,0.0,14.989618971896444,0,0
2024,4,Ing. Comercial,1,1,3,1,1,0,20,1,0,0,1,0,1,0,1,ninguno,6,9,5,11.8,6,7,6,11.5,1,85.4,2,1,7.6,2.6,0.32,Activo,0,50.0,2,0.0,11.087005936233812,0,1
2024,4,Ing. Comercio Internacional,2,13,1,1,1,1,25,1,0,0,1,1,0,0,0,ninguno,5,5,0,0.0,6,7,2,14.0,5,78.6,1,1,13.9,-0.3,0.79,Abandono,1,50.0,1,3.0,6.16949931454953,1,1
2024,4,Lic. en Administración de Empresas,3,1,2,1,1,1,19,1,0,0,1,0,0,0,0,ninguno,6,0,0,0.0,6,0,0,0.0,6,100.0,0,0,12.4,0.5,1.79,Abandono,1,50.0,0,3.0,0.0,1,0
2025,8,Ing. Financiera y de Riesgos,4,12,1,1,1,0,34,2,0,1,1,1,0,0,0,credito,6,7,6,16.142857142857142,6,10,6,16.2,0,59.4,1,1,9.4,-0.8,-3.12,Activo,0,100.0,0,0.0,15.378568603378936,1,1
2023,6,Lic. en Ciencia de Datos e Inteligencia de Negocios,5,9,2,1,1,0,18,1,0,1,1,0,1,0,0,credito,8,8,7,11.785714285714286,8,8,7,11.785714285714286,1,86.6,1,1,12.7,3.7,-1.7,Activo,0,75.0,1,1.0,11.303633097603507,0,1
2025,6,Ing. Comercial,1,1,6,1,1,0,18,1,0,1,1,0,1,0,1,credito,8,8,8,13.42375,8,8,8,13.42375,0,80.2,0,0,9.4,-0.8,-3.12,Activo,0,75.0,1,0.0,12.46441651901317,0,0
2024,1,Ing. Comercio Internacional,2,1,1,1,1,0,20,1,0,0,1,0,0,0,0,ninguno,6,8,6,12.5,6,10,5,14.166666666666666,0,70.5,2,1,11.1,0.6,2.02,Activo,0,12.5,0,0.0,12.662271385493236,0,1
2024,6,Lic. en Administración de Empresas,3,8,2,1,1,0,20,1,0,1,1,0,1,0,0,credito,8,8,7,12.464285714285714,8,8,7,12.464285714285714,1,67.5,1,1,10.8,1.4,1.74,Activo,0,75.0,0,0.0,11.58235886438604,0,1
2025,2,Ing. Financiera y de Riesgos,4,17,1,0,1,0,23,1,0,0,1,1,0,0,0,ninguno,11,18,8,12.375,9,15,5,12.6,3,76.7,1,1,8.9,1.4,3.51,Activo,0,25.0,0,1.0,11.93196801456672,1,1
2025,3,Lic. en Ciencia de Datos e Inteligencia de Negocios,5,12,1,1,1,0,28,1,0,0,1,0,0,0,0,ninguno,6,8,1,10.0,6,9,0,0.0,5,93.2,0,0,10.8,1.4,1.74,Abandono,1,37.5,0,3.0,4.6298520556646325,1,0
2025,7,Ing. Comercial,1,8,1,1,1,0,18,1,0,0,1,0,0,0,0,ninguno,6,8,5,12.6,6,10,6,12.428571428571429,1,75.0,0,0,15.5,2.8,-4.06,Activo,0,87.5,0,1.0,11.74268756088112,0,0
2025,1,Ing. Comercio Internacional,2,14,1,1,1,0,19,1,0,0,1,0,1,0,0,ninguno,5,5,5,12.6,5,6,4,12.4,0,67.0,1,1,16.2,0.3,-0.92,Activo,0,12.5,0,0.0,12.194568246163803,0,1
2025,1,Lic. en Administración de Empresas,3,1,1,1,1,0,34,2,0,0,1,0,1,0,0,ninguno,5,7,2,10.0,5,6,4,12.0,3,56.9,0,0,7.6,2.6,0.32,Abandono,1,12.5,1,1.0,10.367294916404145,1,0
2024,2,Ing. Financiera y de Riesgos,4,16,1,1,1,0,35,2,0,0,1,0,0,0,0,ninguno,7,7,0,0.0,6,0,0,0.0,7,99.7,0,0,8.9,1.4,3.51,Abandono,1,25.0,0,3.0,0.0,1,0
2025,4,Lic. en Ciencia de Datos e Inteligencia de Negocios,5,4,1,0,15,0,32,1,0,0,1,0,0,0,1,ninguno,5,7,5,11.6,5,8,5,12.333333333333334,0,59.6,0,0,12.4,0.5,1.79,Activo,0,50.0,0,0.0,11.227503813561913,1,0
2025,6,Ing. Comercial,1,8,2,1,1,0,19,1,0,0,1,0,1,0,0,ninguno,6,8,6,12.166666666666666,6,6,6,13.5,0,53.5,0,0,11.1,0.6,2.02,Activo,0,75.0,0,0.0,11.847739422136836,1,0
2025,1,Ing. Comercio Internacional,2,8,5,1,1,0,18,1,0,0,1,0,1,0,1,ninguno,6,10,4,13.6,6,7,5,12.666666666666666,2,92.8,2,1,11.1,0.6,2.02,Activo,0,12.5,0,1.0,12.508251298908881,1,1
2023,5,Lic. en Administración de Empresas,3,12,1,1,1,0,35,2,0,0,0,0,0,0,0,ninguno,5,8,4,12.5,5,8,5,11.8,1,80.8,2,1,9.4,-0.8,-3.12,Abandono,1,62.5,0,0.0,11.277751220432034,0,1
2024,6,Ing. Financiera y de Riesgos,4,12,1,0,1,1,24,1,0,1,1,0,0,0,1,beca,6,6,4,12.25,6,10,4,11.5,2,92.5,2,1,12.4,0.5,1.79,Activo,0,75.0,1,1.0,11.219551069134216,1,1
2023,1,Lic. en Ciencia de Datos e Inteligencia de Negocios,5,8,1,1,1,0,20,1,0,1,1,0,1,0,0,beca,6,7,6,11.714285714285714,6,8,6,12.625,0,75.3,0,0,13.9,-0.3,0.79,Activo,0,12.5,2,0.0,11.522554835370041,0,0
2025,4,Ing. Comercial,1,1,3,1,1,1,18,1,1,1,1,0,1,0,0,credito,6,7,6,13.5,6,7,6,13.0,0,99.7,2,1,16.2,0.3,-0.92,Activo,0,50.0,1,0.0,12.298703554774855,0,1
2024,4,Ing. Comercio Internacional,2,1,3,1,1,1,20,1,0,1,1,0,1,0,1,beca,8,8,7,13.024285714285714,8,8,7,13.024285714285714,1,75.0,1,1,10.8,1.4,1.74,Activo,0,50.0,1,0.0,12.101309606163037,0,1
2024,4,Lic. en Administración de Empresas,3,8,5,1,1,1,18,1,0,0,0,0,1,0,0,ninguno,6,12,0,0.0,6,0,0,0.0,6,76.4,0,0,9.4,-0.8,-3.12,Abandono,1,50.0,2,3.0,0.0,1,0
2024,5,Ing. Financiera y de Riesgos,4,1,1,1,1,1,18,1,0,1,1,0,0,0,0,beca,5,6,5,17.333333333333332,5,8,5,18.571428571428573,0,86.5,1,1,12.4,0.5,1.79,Activo,0,62.5,1,0.0,17.445001925059202,0,1
2025,2,Lic. en Ciencia de Datos e Inteligencia de Negocios,5,1,1,1,1,1,20,1,0,1,1,0,0,0,0,credito,5,7,4,11.0,5,7,4,11.5,1,83.7,0,0,9.4,-0.8,-3.12,Activo,0,25.0,0,0.0,10.568494108993242,0,0
2024,4,Ing. Comercial,1,8,2,1,1,1,19,1,0,0,1,0,1,0,0,ninguno,7,10,6,13.666666666666666,7,9,6,12.5,1,56.6,0,0,12.4,0.5,1.79,Abandono,1,50.0,0,0.0,12.626605270019352,1,0
2024,2,Ing. Comercio Internacional,2,1,2,1,1,1,20,1,0,1,1,0,1,0,1,credito,6,9,6,11.375,6,6,5,13.8,0,73.3,1,1,7.6,2.6,0.32,Activo,0,25.0,0,0.0,11.976758311367423,0,1
2025,6,Lic. en Administración de Empresas,3,1,1,1,1,1,19,1,0,0,1,0,0,0,1,ninguno,6,6,6,12.833333333333334,6,8,6,11.833333333333334,0,77.7,2,1,10.8,1.4,1.74,Activo,0,75.0,0,0.0,11.69438418730148,0,1
2025,6,Ing. Financiera y de Riesgos,4,1,1,1,1,1,20,1,0,0,1,0,1,0,0,ninguno,6,9,5,12.6,6,11,4,11.5,1,73.6,0,0,7.6,2.6,0.32,Activo,0,75.0,0,1.0,11.167851971881468,0,0
2023,3,Lic. en Ciencia de Datos e Inteligencia de Negocios,5,1,1,1,1,1,22,1,0,0,1,0,1,0,0,ninguno,7,8,6,14.333333333333334,8,9,7,13.771428571428572,1,92.1,3,1,11.1,0.6,2.02,Activo,0,37.5,1,1.0,13.125161096653459,0,1
2025,6,Ing. Comercial,1,8,2,1,1,1,18,1,0,1,1,0,0,0,1,mixto,5,8,4,13.5,6,10,6,13.625,1,98.8,1,1,11.1,0.6,2.02,Activo,0,75.0,1,1.0,12.972265956322465,0,1
2024,4,Ing. Comercio Internacional,2,1,1,1,1,1,19,1,0,0,1,0,0,0,0,ninguno,8,8,7,14.285714285714286,8,8,7,14.285714285714286,1,96.2,0,0,12.7,3.7,-1.7,Activo,0,50.0,2,0.0,13.97332117416302,0,0
2024,3,Lic. en Administración de Empresas,3,15,1,1,14,1,22,1,0,0,1,0,0,0,0,ninguno,6,15,3,11.75,6,12,2,10.0,3,78.5,0,0,13.9,-0.3,0.79,Abandono,1,37.5,0,1.0,9.971758312147452,1,0
2023,4,Ing. Financiera y de Riesgos,4,8,5,1,1,1,20,1,1,0,1,0,1,0,0,ninguno,5,5,5,14.8,5,5,5,17.6,0,100.0,1,1,8.9,1.4,3.51,Activo,0,50.0,1,0.0,15.77800492504905,0,1
2024,2,Lic. en Ciencia de Datos e Inteligencia de Negocios,5,12,1,1,1,1,34,2,0,0,0,1,0,0,0,ninguno,6,7,0,0.0,6,0,0,0.0,6,70.4,2,1,12.4,0.5,1.79,Abandono,1,25.0,0,4.0,0.0,1,1
2023,2,Ing. Comercial,1,12,1,0,12,1,24,2,0,0,1,0,0,0,0,ninguno,6,14,1,10.0,5,5,0,0.0,5,91.8,0,0,16.2,0.3,-0.92,Abandono,1,25.0,0,2.0,4.682520369696109,1,0
2023,3,Ing. Comercio Internacional,2,12,2,1,1,1,26,1,0,0,1,0,1,0,0,ninguno,5,5,0,0.0,5,5,0,0.0,5,62.2,2,1,7.6,2.6,0.32,Abandono,1,37.5,0,1.0,0.0,1,1
2024,7,Lic. en Administración de Empresas,3,12,1,1,1,1,35,1,0,0,1,0,0,0,1,ninguno,7,10,4,12.6,7,9,5,12.38,3,84.0,0,0,12.4,0.5,1.79,Abandono,1,87.5,0,1.0,11.499827788519255,1,0
2024,6,Ing. Financiera y de Riesgos,4,1,1,0,1,1,22,1,0,0,1,0,1,0,1,ninguno,5,9,5,12.428571428571429,5,7,5,11.8,0,78.9,1,1,7.6,2.6,0.32,Activo,0,75.0,0,0.0,11.743800193513051,0,1
2025,1,Lic. en Ciencia de Datos e Inteligencia de Negocios,5,9,1,1,1,1,26,1,0,0,1,0,1,0,1,ninguno,6,10,4,10.0,6,11,3,12.0,2,97.3,2,1,9.4,-0.8,-3.12,Activo,0,12.5,0,1.0,10.40341479360025,1,1
2024,8,Ing. Comercial,1,8,1,1,1,1,19,1,0,0,1,0,0,0,1,ninguno,5,7,3,12.333333333333334,5,5,0,0.0,2,94.8,0,0,8.9,1.4,3.51,Abandono,1,100.0,0,1.0,5.6516617015337,1,0
2023,3,Ing. Comercio Internacional,2,1,5,1,1,1,19,1,0,0,0,0,1,0,0,ninguno,6,0,0,0.0,6,0,0,0.0,6,73.1,0,0,8.9,1.4,3.51,Abandono,1,37.5,1,2.0,0.0,1,0
2025,3,Lic. en Administración de Empresas,3,15,1,1,14,1,20,1,0,0,1,1,0,0,1,ninguno,0,0,0,0.0,0,0,0,0.0,0,73.1,1,1,15.5,2.8,-4.06,Activo,0,37.5,1,0.0,0.0,0,1
2024,1,Ing. Financiera y de Riesgos,4,16,1,1,1,1,21,1,0,0,1,1,0,0,0,ninguno,11,12,10,12.1,8,9,8,13.333333333333334,1,79.2,2,1,11.1,0.6,2.02,Activo,0,12.5,0,0.0,12.250277534452307,0,1
2024,4,Lic. en Ciencia de Datos e Inteligencia de Negocios,5,1,2,1,1,0,19,1,0,1,1,0,1,0,0,credito,6,7,6,14.714285714285714,6,6,6,15.0,0,74.8,0,0,13.9,-0.3,0.79,Activo,0,50.0,0,0.0,14.500311406207556,0,0
2023,2,Ing. Comercial,1,1,3,1,1,0,18,1,0,0,1,0,1,0,0,ninguno,6,6,6,12.666666666666666,6,7,6,12.833333333333334,0,77.8,0,0,12.7,3.7,-1.7,Activo,0,25.0,0,0.0,12.011003124157218,0,0
2025,2,Ing. Comercio Internacional,2,17,1,1,16,0,23,1,0,1,1,0,0,0,1,mixto,12,14,12,14.384615384615383,10,12,10,13.3,0,66.1,2,1,8.9,1.4,3.51,Activo,0,25.0,0,0.0,13.306849593989096,0,1
2024,1,Lic. en Administración de Empresas,3,8,3,1,1,0,18,1,0,1,1,0,1,0,0,beca,5,5,5,13.4,5,6,5,12.2,0,83.1,0,0,12.7,3.7,-1.7,Activo,0,12.5,0,0.0,12.029540926575757,0,0
2024,3,Ing. Financiera y de Riesgos,4,9,1,1,1,0,18,1,0,0,1,0,1,0,1,ninguno,8,8,7,13.314285714285717,8,8,7,13.314285714285717,1,70.9,1,1,12.7,3.7,-1.7,Activo,0,37.5,0,0.0,12.991801885038246,0,1
2023,1,Lic. en Ciencia de Datos e Inteligencia de Negocios,5,1,3,1,1,0,19,1,0,0,1,0,1,0,0,ninguno,8,8,7,11.98857142857143,8,8,7,11.98857142857143,1,63.1,3,1,10.8,1.4,1.74,Activo,0,12.5,0,0.0,11.595191963947187,1,1
2025,2,Ing. Comercial,1,17,1,1,16,0,21,1,0,0,1,0,1,0,0,ninguno,11,17,11,11.545454545454543,9,13,8,12.88888888888889,0,78.7,0,0,8.9,1.4,3.51,Activo,0,25.0,0,0.0,11.436711154230865,0,0
2024,2,Ing. Comercio Internacional,2,1,1,1,1,0,18,1,0,1,1,0,1,0,0,beca,6,13,6,16.46153846153846,6,8,6,13.875,0,73.3,0,0,15.5,2.8,-4.06,Activo,0,25.0,0,0.0,14.719609772057481,0,0
2024,3,Lic. en Administración de Empresas,3,1,1,1,1,0,24,1,0,1,1,0,1,0,0,beca,6,7,6,13.666666666666666,6,6,6,12.833333333333334,0,75.1,2,1,10.8,1.4,1.74,Activo,0,37.5,0,0.0,12.34968862696632,0,1
2023,1,Ing. Financiera y de Riesgos,4,1,4,1,1,0,18,1,0,0,1,0,1,0,0,ninguno,7,8,7,12.65,8,9,8,13.411111111111111,0,80.6,1,1,16.2,0.3,-0.92,Abandono,1,12.5,1,0.0,12.689541934158461,0,1
2023,1,Lic. en Ciencia de Datos e Inteligencia de Negocios,5,1,1,1,1,0,18,1,0,0,1,0,1,0,0,ninguno,6,7,6,12.333333333333334,6,10,3,12.0,0,76.7,1,1,13.9,-0.3,0.79,Activo,0,12.5,0,0.0,11.715829278716766,0,1
2023,3,Ing. Comercial,1,8,2,1,1,0,20,1,0,0,1,0,1,0,0,ninguno,7,8,6,14.37,8,10,7,14.65,1,84.1,1,1,12.4,0.5,1.79,Activo,0,37.5,1,0.0,13.511007826060451,0,1
2024,5,Ing. Comercio Internacional,2,8,2,1,1,0,19,1,0,0,1,0,1,0,0,ninguno,5,13,3,12.0,5,8,4,11.75,2,69.9,0,0,9.4,-0.8,-3.12,Activo,0,62.5,0,1.0,11.271846728189246,1,0
2025,7,Lic. en Administración de Empresas,3,1,5,1,1,0,18,1,0,1,0,0,1,0,1,beca,6,12,3,12.0,6,15,3,10.666666666666666,3,84.1,0,0,7.6,2.6,0.32,Abandono,1,87.5,1,2.0,10.541257368852081,1,0
2024,3,Ing. Financiera y de Riesgos,4,14,1,1,1,0,19,1,0,1,1,0,0,0,0,mixto,6,11,4,12.0,6,14,3,11.0,2,52.1,1,1,10.8,1.4,1.74,Abandono,1,37.5,0,1.0,11.07213586580009,1,1
2023,3,Lic. en Ciencia de Datos e Inteligencia de Negocios,5,8,2,1,1,0,19,1,0,0,1,0,1,0,1,ninguno,6,10,5,12.6,6,7,5,11.2,1,79.1,1,1,10.8,1.4,1.74,Activo,0,37.5,0,1.0,11.173091885510122,0,1
2025,2,Ing. Comercial,1,1,5,1,3,0,18,1,0,0,1,1,0,0,1,ninguno,6,6,6,12.166666666666666,6,6,6,12.333333333333334,0,85.1,0,0,10.8,1.4,1.74,Activo,0,25.0,0,0.0,11.441725752141407,0,0
2025,4,Ing. Comercio Internacional,2,1,2,1,1,0,20,1,0,0,1,0,1,0,0,ninguno,7,8,6,13.5,7,8,6,14.0,1,56.4,0,0,11.1,0.6,2.02,Activo,0,50.0,0,0.0,13.229866354893442,1,0
2024,3,Lic. en Administración de Empresas,3,1,5,1,1,0,18,1,0,1,1,0,1,0,1,beca,8,8,8,13.76375,8,8,8,13.76375,0,75.2,2,1,9.4,-0.8,-3.12,Activo,0,37.5,0,0.0,12.883522021616885,0,1
2024,4,Ing. Financiera y de Riesgos,4,8,6,1,1,0,19,1,0,1,1,0,1,0,0,credito,7,11,6,12.4,7,8,6,12.8,1,73.2,0,0,11.1,0.6,2.02,Activo,0,50.0,0,1.0,11.877607695069404,0,0
2025,3,Lic. en Ciencia de Datos e Inteligencia de Negocios,5,8,3,1,1,0,18,1,0,0,1,0,1,0,0,ninguno,5,16,4,10.666666666666666,5,11,2,12.0,1,63.2,2,1,13.9,-0.3,0.79,Activo,0,37.5,0,0.0,10.760947226602811,1,1
2025,1,Ing. Comercial,1,1,2,1,1,0,18,1,0,0,1,0,1,0,0,ninguno,7,7,6,14.333333333333334,7,7,6,14.333333333333334,1,100.0,1,1,7.6,2.6,0.32,Activo,0,12.5,2,1.0,13.642983657993122,0,1
2023,8,Ing. Comercio Internacional,2,1,1,1,1,0,21,1,0,0,1,0,1,0,1,ninguno,6,12,4,12.5,6,13,2,12.666666666666666,2,80.0,1,1,11.1,0.6,2.02,Activo,0,100.0,0,1.0,11.879600740128184,1,1
2025,7,Lic. en Administración de Empresas,3,8,1,1,1,0,19,1,0,0,0,1,1,0,1,ninguno,6,14,1,10.0,6,13,0,0.0,5,86.0,0,0,7.6,2.6,0.32,Abandono,1,87.5,0,3.0,4.584125295114294,1,0
2023,4,Ing. Financiera y de Riesgos,4,1,4,1,1,0,21,1,0,0,1,0,1,0,0,ninguno,7,8,7,14.69625,8,9,8,14.622222222222224,0,71.6,2,1,12.4,0.5,1.79,Activo,0,50.0,0,0.0,14.077323452204235,0,1
2024,8,Lic. en Ciencia de Datos e Inteligencia de Negocios,5,1,1,1,1,0,18,1,0,0,1,0,0,0,1,ninguno,6,14,4,11.5,6,17,3,13.75,2,82.8,0,0,11.1,0.6,2.02,Activo,0,100.0,0,1.0,12.084598588386354,1,0
2024,2,Ing. Comercial,1,8,3,1,1,0,18,1,0,1,1,0,0,0,1,credito,7,9,7,12.855555555555556,8,8,8,13.9125,0,100.0,0,0,12.7,3.7,-1.7,Activo,0,25.0,0,0.0,12.80339587197239,0,0
2023,1,Ing. Comercio Internacional,2,1,1,1,1,0,18,1,0,0,1,0,0,0,1,ninguno,7,7,7,13.7,8,9,8,13.994444444444444,0,60.0,0,0,11.1,0.6,2.02,Activo,0,12.5,1,0.0,13.01444481028254,1,0
2025,5,Lic. en Administración de Empresas,3,1,1,1,1,0,23,1,0,0,0,0,0,0,1,ninguno,5,9,0,0.0,5,10,1,12.0,5,86.7,1,1,10.8,1.4,1.74,Abandono,1,62.5,0,2.0,5.362223114773329,1,1
2023,1,Ing. Financiera y de Riesgos,4,1,1,1,1,0,20,1,0,0,1,0,1,0,0,ninguno,6,13,3,11.2,6,9,4,12.0,3,69.3,0,0,16.2,0.3,-0.92,Activo,0,12.5,0,1.0,10.641778692732515,1,0
2024,2,Lic. en Ciencia de Datos e Inteligencia de Negocios,5,1,1,1,1,0,18,1,0,0,1,0,0,0,0,ninguno,7,7,7,13.285714285714286,8,9,8,13.333333333333334,0,84.6,2,1,16.2,0.3,-0.92,Activo,0,25.0,0,0.0,12.803950320172905,0,1
2024,1,Ing. Comercial,1,8,2,1,1,0,19,1,0,0,1,0,1,0,0,ninguno,6,9,5,13.0,6,8,5,10.4,1,72.5,1,1,7.6,2.6,0.32,Activo,0,12.5,1,0.0,11.109007495200549,0,1
2025,3,Ing. Comercio Internacional,2,12,1,1,1,0,27,1,0,1,1,0,0,0,0,beca,7,8,6,12.6,7,9,6,11.685714285714283,1,81.2,0,0,12.4,0.5,1.79,Activo,0,37.5,1,0.0,11.291987375521813,0,0
2025,1,Lic. en Administración de Empresas,3,8,1,1,1,0,19,1,0,1,0,1,1,0,0,credito,5,5,5,12.8,5,5,4,12.0,0,83.5,0,0,11.1,0.6,2.02,Activo,0,12.5,0,0.0,11.717782784675475,0,0
2024,1,Ing. Financiera y de Riesgos,4,14,1,1,1,0,21,1,0,0,1,0,1,0,0,ninguno,6,14,5,11.5,6,13,5,11.0,1,64.6,0,0,15.5,2.8,-4.06,Abandono,1,12.5,0,0.0,10.567080297502887,1,0
2024,5,Lic. en Ciencia de Datos e Inteligencia de Negocios,5,9,1,1,1,0,19,1,0,1,1,0,1,0,0,credito,8,8,7,11.4,8,8,7,11.4,1,68.5,0,0,10.8,1.4,1.74,Activo,0,62.5,0,0.0,11.062661885896372,0,0
2024,2,Ing. Comercial,1,15,1,1,1,0,21,1,0,1,1,0,0,0,0,credito,6,6,6,12.333333333333334,6,8,6,11.333333333333334,0,84.4,2,1,13.9,-0.3,0.79,Activo,0,25.0,0,0.0,11.254313569430415,0,1
2024,8,Ing. Comercio Internacional,2,1,5,1,1,0,18,1,0,0,1,0,1,0,0,ninguno,6,7,5,12.8,6,10,4,12.2,1,71.6,1,1,10.8,1.4,1.74,Activo,0,100.0,1,0.0,12.010486387304788,0,1
2025,3,Lic. en Administración de Empresas,3,8,1,1,1,0,20,1,0,1,1,0,1,0,0,credito,5,8,5,12.0,5,8,4,15.0,0,86.5,1,1,12.7,3.7,-1.7,Activo,0,37.5,0,0.0,12.500465414018219,0,1
2024,7,Ing. Financiera y de Riesgos,4,1,1,1,1,0,18,1,0,1,1,0,1,0,0,beca,6,8,5,13.0,6,9,5,13.5,1,89.2,2,1,9.4,-0.8,-3.12,Activo,0,87.5,0,0.0,12.734151450557382,0,1
2025,1,Lic. en Ciencia de Datos e Inteligencia de Negocios,5,8,1,1,1,0,18,1,0,1,0,1,1,0,0,beca,6,6,6,11.833333333333334,6,8,6,11.0,0,61.3,0,0,12.7,3.7,-1.7,Abandono,1,12.5,0,0.0,10.497519092310963,1,0
2023,4,Ing. Comercial,1,1,3,1,1,0,18,1,0,0,1,0,1,0,1,ninguno,6,8,6,14.0,6,9,6,13.333333333333334,0,86.3,0,0,8.9,1.4,3.51,Activo,0,50.0,0,0.0,12.893303052138334,0,0
2024,1,Ing. Comercio Internacional,2,8,4,1,1,0,18,1,0,1,1,0,1,0,1,mixto,6,6,6,12.333333333333334,6,6,6,13.5,0,75.9,0,0,16.2,0.3,-0.92,Activo,0,12.5,3,0.0,12.378025180232205,0,0
2023,2,Lic. en Administración de Empresas,3,1,3,1,1,0,19,1,0,1,1,0,1,0,0,beca,7,10,5,13.04,7,7,7,12.5,2,95.2,0,0,12.4,0.5,1.79,Activo,0,25.0,0,1.0,12.089525935138113,1,0
2023,4,Ing. Financiera y de Riesgos,4,17,1,1,16,0,23,1,0,0,0,1,1,0,0,ninguno,11,18,11,13.166666666666666,9,15,8,13.333333333333334,0,76.5,0,0,8.9,1.4,3.51,Activo,0,50.0,0,0.0,12.361624884035564,0,0
2023,1,Lic. en Ciencia de Datos e Inteligencia de Negocios,5,12,1,1,12,0,24,1,0,1,1,0,1,0,0,mixto,6,7,6,12.5,6,11,6,12.833333333333334,0,69.7,1,1,8.9,1.4,3.51,Activo,0,12.5,0,0.0,11.74830885804503,0,1
2024,3,Ing. Comercial,1,1,1,1,1,0,19,1,0,0,1,0,1,0,0,ninguno,0,0,0,0.0,0,0,0,0.0,0,71.6,0,0,10.8,1.4,1.74,Activo,0,37.5,1,0.0,0.0,0,0
2023,2,Ing. Comercio Internacional,2,1,3,1,1,0,18,1,0,0,1,0,1,0,0,ninguno,8,8,7,15.657142857142857,8,8,7,15.657142857142857,1,65.2,0,0,12.7,3.7,-1.7,Activo,0,25.0,0,0.0,15.119441658297138,0,0
2024,8,Lic. en Administración de Empresas,3,1,2,1,1,0,19,1,0,0,1,0,0,0,1,ninguno,6,6,6,12.166666666666666,6,6,6,11.333333333333334,0,93.5,0,0,12.7,3.7,-1.7,Activo,0,100.0,0,0.0,11.215343773850499,0,0
2023,1,Ing. Financiera y de Riesgos,4,8,2,1,1,0,19,1,0,0,1,0,1,0,0,ninguno,6,0,0,0.0,6,0,0,0.0,6,86.6,2,1,10.8,1.4,1.74,Abandono,1,12.5,0,3.0,0.0,1,1
2024,1,Lic. en Ciencia de Datos e Inteligencia de Negocios,5,1,1,1,1,0,20,1,0,1,1,0,0,0,0,credito,6,11,5,10.6,6,9,5,11.166666666666666,1,74.5,0,0,11.1,0.6,2.02,Activo,0,12.5,0,0.0,10.164566901437006,0,0
2023,2,Ing. Comercial,1,1,1,1,1,0,20,1,0,0,1,0,0,0,1,ninguno,6,10,6,13.428571428571429,6,11,5,12.666666666666666,0,78.2,0,0,13.9,-0.3,0.79,Activo,0,25.0,0,0.0,12.149245010524517,0,0
2024,7,Ing. Comercio Internacional,2,12,1,1,1,0,26,1,0,0,1,0,0,0,1,ninguno,6,8,4,11.75,6,12,0,0.0,2,90.0,0,0,7.6,2.6,0.32,Abandono,1,87.5,0,0.0,5.307897928522138,1,0
2023,4,Lic. en Administración de Empresas,3,12,1,1,12,1,36,1,0,0,0,1,0,0,0,ninguno,5,10,0,0.0,5,5,0,0.0,5,83.1,0,0,15.5,2.8,-4.06,Abandono,1,50.0,0,1.0,0.0,1,0
2025,3,Ing. Financiera y de Riesgos,4,8,1,1,1,1,19,1,0,0,0,0,0,0,0,ninguno,0,0,0,0.0,0,0,0,0.0,0,88.6,2,1,10.8,1.4,1.74,Abandono,1,37.5,0,0.0,0.0,0,1
2024,7,Lic. en Ciencia de Datos e Inteligencia de Negocios,5,13,1,1,1,1,27,1,0,0,0,0,0,0,0,ninguno,5,0,0,0.0,5,0,0,0.0,5,80.5,1,1,15.5,2.8,-4.06,Abandono,1,87.5,1,2.0,0.0,1,1
2024,5,Ing. Comercial,1,1,4,1,1,1,18,1,0,0,1,0,0,0,0,ninguno,5,9,1,13.0,5,5,0,0.0,4,82.5,1,1,8.9,1.4,3.51,Abandono,1,62.5,2,1.0,6.101258140355392,1,1
2025,1,Ing. Comercio Internacional,2,1,4,1,1,1,18,1,0,1,1,0,1,0,0,beca,8,8,7,13.331428571428573,8,8,7,13.331428571428573,1,76.1,0,0,10.8,1.4,1.74,Activo,0,12.5,0,0.0,12.534901874485396,0,0
2024,4,Lic. en Administración de Empresas,3,12,1,1,1,1,28,1,0,0,1,0,0,0,1,ninguno,6,0,0,0.0,6,0,0,0.0,6,80.7,1,1,12.4,0.5,1.79,Abandono,1,50.0,0,3.0,0.0,1,1
2023,2,Ing. Financiera y de Riesgos,4,15,1,1,14,1,21,1,0,0,1,0,1,0,1,ninguno,0,0,0,0.0,0,0,0,0.0,0,70.7,0,0,12.4,0.5,1.79,Activo,0,25.0,0,0.0,0.0,0,0
2024,2,Lic. en Ciencia de Datos e Inteligencia de Negocios,5,1,1,1,1,1,19,1,0,0,1,0,0,0,0,ninguno,7,7,6,13.7,7,7,6,13.7,1,77.0,1,1,7.6,2.6,0.32,Activo,0,25.0,1,0.0,13.387485061175626,0,1
2025,8,Ing. Comercial,1,12,1,1,7,1,26,1,0,0,0,1,0,0,1,ninguno,5,5,0,0.0,5,5,0,0.0,5,82.5,0,0,9.4,-0.8,-3.12,Abandono,1,100.0,1,1.0,0.0,1,0
2023,2,Ing. Comercio Internacional,2,16,1,1,1,1,20,1,0,0,1,0,1,0,0,ninguno,9,12,9,13.454545454545457,7,9,6,13.875,0,79.6,0,0,11.1,0.6,2.02,Abandono,1,25.0,0,0.0,13.316136737854256,0,0
2024,4,Lic. en Administración de Empresas,3,1,6,1,1,1,19,1,0,0,1,0,1,0,0,ninguno,8,8,7,12.2,8,8,7,12.2,1,78.9,1,1,12.7,3.7,-1.7,Activo,0,50.0,0,0.0,11.50072973029664,0,1
2025,3,Ing. Financiera y de Riesgos,4,1,1,1,1,1,21,1,0,0,1,0,1,0,0,ninguno,5,8,3,10.0,5,10,4,11.0,2,84.0,1,1,12.7,3.7,-1.7,Abandono,1,37.5,1,1.0,9.670465624811712,1,1
2024,4,Lic. en Ciencia de Datos e Inteligencia de Negocios,5,17,1,1,16,1,23,1,0,1,1,0,0,0,0,mixto,6,7,5,13.0,6,7,6,12.857142857142858,1,87.4,0,0,8.9,1.4,3.51,Activo,0,50.0,0,1.0,12.551165997623368,0,0
2023,8,Ing. Comercial,1,12,1,0,13,1,29,1,0,0,1,0,0,0,0,ninguno,6,11,6,12.0,6,6,6,14.0,0,84.4,0,0,11.1,0.6,2.02,Activo,0,100.0,0,0.0,12.11316352558463,0,0
2023,5,Ing. Comercio Internacional,2,1,1,1,1,1,20,1,0,0,1,0,0,0,0,ninguno,8,8,7,15.028571428571428,8,8,7,15.028571428571428,1,79.0,2,1,12.7,3.7,-1.7,Activo,0,62.5,0,0.0,14.33971514369459,0,1
2023,2,Lic. en Administración de Empresas,3,1,1,1,1,1,18,1,0,0,1,0,0,0,1,ninguno,6,8,6,12.0,6,7,6,11.714285714285714,0,68.8,0,0,15.5,2.8,-4.06,Activo,0,25.0,0,0.0,11.074164548643651,0,0
2024,7,Ing. Financiera y de Riesgos,4,1,1,1,1,1,19,1,0,0,1,0,1,0,1,ninguno,6,8,5,12.0,6,8,5,12.4,1,87.7,1,1,9.4,-0.8,-3.12,Activo,0,87.5,0,0.0,11.220018705973947,0,1
2025,2,Lic. en Ciencia de Datos e Inteligencia de Negocios,5,4,1,1,3,1,23,1,0,0,0,0,0,0,0,ninguno,7,7,3,13.666666666666666,8,8,3,11.333333333333334,4,83.5,0,0,10.8,1.4,1.74,Abandono,1,25.0,0,1.0,12.141423308226612,1,0
2025,2,Ing. Comercial,1,1,1,1,1,1,21,1,0,0,1,0,0,0,0,ninguno,0,0,0,0.0,0,0,0,0.0,0,76.4,0,0,13.9,-0.3,0.79,Abandono,1,25.0,0,0.0,0.0,0,0
2025,2,Ing. Comercio Internacional,2,8,1,1,1,1,18,1,0,0,1,0,1,0,0,ninguno,5,6,5,12.0,5,7,4,12.5,0,89.1,0,0,15.5,2.8,-4.06,Activo,0,25.0,0,0.0,11.861728112808814,0,0
2025,5,Lic. en Administración de Empresas,3,1,1,1,1,1,18,1,0,1,1,0,1,0,0,beca,0,0,0,0.0,0,0,0,0.0,0,63.8,0,0,10.8,1.4,1.74,Activo,0,62.5,0,0.0,0.0,1,0
2024,8,Ing. Financiera y de Riesgos,4,1,5,1,1,1,21,1,0,0,0,1,1,0,1,ninguno,6,6,1,14.0,6,7,0,0.0,5,48.4,0,0,9.4,-0.8,-3.12,Abandono,1,100.0,0,3.0,6.10399291256822,1,0
2024,2,Lic. en Ciencia de Datos e Inteligencia de Negocios,5,16,1,1,1,1,22,1,0,0,1,0,0,0,1,ninguno,6,6,0,0.0,6,7,0,0.0,6,80.9,0,0,11.1,0.6,2.02,Abandono,1,25.0,0,2.0,0.0,1,0
2024,1,Ing. Comercial,1,9,1,1,1,1,21,1,0,0,1,0,1,0,1,ninguno,7,8,7,12.375,7,11,5,12.583333333333334,0,66.8,1,1,8.9,1.4,3.51,Activo,0,12.5,0,0.0,11.824706495185065,0,1
2024,6,Ing. Comercio Internacional,2,12,1,1,1,1,32,1,0,0,0,0,1,0,0,ninguno,7,0,0,0.0,8,0,0,0.0,7,88.8,0,0,16.2,0.3,-0.92,Abandono,1,75.0,0,3.0,0.0,1,0
2025,7,Lic. en Administración de Empresas,3,4,1,1,3,1,27,1,0,0,1,0,1,0,0,ninguno,18,21,18,11.421052631578949,13,16,13,11.076923076923077,0,87.1,0,0,15.5,2.8,-4.06,Activo,0,87.5,1,0.0,10.453284720032023,0,0
2024,7,Ing. Financiera y de Riesgos,4,1,1,1,1,1,18,1,0,0,1,0,1,0,1,ninguno,7,7,6,13.35,7,7,6,13.35,1,74.1,2,1,7.6,2.6,0.32,Activo,0,87.5,0,1.0,12.4670689320831,0,1
2024,8,Lic. en Ciencia de Datos e Inteligencia de Negocios,5,12,1,1,1,1,24,1,0,1,1,0,1,0,1,beca,6,6,6,15.0,6,6,2,16.0,0,83.3,0,0,15.5,2.8,-4.06,Activo,0,100.0,0,0.0,15.114942181323634,0,0
2024,6,Ing. Comercial,1,1,1,1,1,1,22,1,0,0,1,0,1,0,0,ninguno,5,9,2,10.5,5,5,0,0.0,3,82.3,1,1,12.7,3.7,-1.7,Abandono,1,75.0,0,1.0,4.382951484239541,1,1
2023,3,Ing. Comercio Internacional,2,14,1,1,1,1,22,1,0,0,0,0,1,0,1,ninguno,6,0,0,0.0,4,6,0,0.0,6,83.8,1,1,10.8,1.4,1.74,Abandono,1,37.5,1,3.0,0.0,1,1
2025,6,Lic. en Administración de Empresas,3,1,3,1,1,1,19,1,0,0,1,0,1,0,0,ninguno,5,8,5,13.25,5,6,5,11.833333333333334,0,82.4,0,0,13.9,-0.3,0.79,Activo,0,75.0,0,0.0,11.926230269090949,0,0
2023,3,Ing. Financiera y de Riesgos,4,8,6,1,1,1,19,1,0,0,1,0,1,0,0,ninguno,5,10,0,0.0,5,5,0,0.0,5,64.5,0,0,7.6,2.6,0.32,Abandono,1,37.5,0,1.0,0.0,1,0
2025,2,Lic. en Ciencia de Datos e Inteligencia de Negocios,5,1,2,1,1,1,21,1,0,0,1,0,1,0,0,ninguno,5,7,4,11.5,5,15,3,10.6,1,90.3,0,0,10.8,1.4,1.74,Activo,0,25.0,0,0.0,10.393551890327771,0,0
2023,2,Ing. Comercial,1,1,2,1,1,0,18,1,0,1,1,0,1,0,0,beca,8,8,8,13.88125,8,8,8,13.88125,0,65.1,0,0,9.4,-0.8,-3.12,Activo,0,25.0,0,0.0,12.919714612623777,0,0
2023,3,Ing. Comercio Internacional,2,1,2,1,1,0,18,1,0,0,1,0,1,0,0,ninguno,6,8,6,11.333333333333334,6,8,5,12.6,0,95.3,1,1,9.4,-0.8,-3.12,Activo,0,37.5,1,0.0,11.28292402571216,0,1
2023,2,Lic. en Administración de Empresas,3,1,1,1,1,0,20,1,0,0,1,1,1,0,1,ninguno,0,0,0,0.0,0,0,0,0.0,0,84.6,1,1,16.2,0.3,-0.92,Abandono,1,25.0,0,0.0,0.0,0,1
2024,3,Ing. Financiera y de Riesgos,4,8,1,1,1,0,19,1,0,0,1,0,1,0,1,ninguno,6,7,6,12.857142857142858,6,7,6,13.666666666666666,0,90.2,0,0,13.9,-0.3,0.79,Activo,0,37.5,0,0.0,12.835701670473814,0,0
2024,8,Lic. en Ciencia de Datos e Inteligencia de Negocios,5,8,5,1,1,0,19,1,0,0,1,1,1,0,0,ninguno,6,6,5,11.6,6,6,6,12.5,1,86.1,3,1,8.9,1.4,3.51,Activo,0,100.0,1,0.0,11.243104814817158,0,1
2025,5,Ing. Comercial,1,8,1,1,1,0,18,1,0,1,1,0,1,0,1,credito,6,9,5,11.4,6,6,6,11.333333333333334,1,71.3,0,0,12.4,0.5,1.79,Activo,0,62.5,1,0.0,10.498098989640544,0,0
2024,1,Ing. Comercio Internacional,2,1,1,1,1,0,20,1,0,0,1,0,1,0,0,ninguno,6,11,6,13.333333333333334,6,10,6,13.0,0,71.3,1,1,16.2,0.3,-0.92,Activo,0,12.5,0,0.0,12.391276484732265,0,1
2024,2,Lic. en Administración de Empresas,3,15,1,1,14,0,22,1,0,1,1,1,0,0,0,beca,7,7,7,13.571428571428571,9,9,9,13.77777777777778,0,69.2,1,1,12.4,0.5,1.79,Activo,0,25.0,0,0.0,12.949757578444597,0,1
2024,4,Ing. Financiera y de Riesgos,4,12,1,1,12,0,31,2,0,0,1,0,0,0,0,ninguno,7,13,6,11.833333333333334,7,8,7,12.228571428571428,1,65.3,0,0,12.4,0.5,1.79,Activo,0,50.0,0,0.0,11.335583434192054,0,0
2025,5,Lic. en Ciencia de Datos e Inteligencia de Negocios,5,8,1,1,1,0,19,1,0,1,1,0,0,0,0,mixto,7,7,7,14.428571428571429,7,7,7,14.142857142857142,0,66.6,2,1,16.2,0.3,-0.92,Activo,0,62.5,0,0.0,13.383062947909197,0,1
2023,1,Ing. Comercial,1,1,2,1,1,0,18,1,0,0,1,0,1,0,0,ninguno,0,0,0,0.0,0,0,0,0.0,0,76.3,0,0,12.4,0.5,1.79,Activo,0,12.5,1,0.0,0.0,0,0
2024,3,Ing. Comercio Internacional,2,1,2,1,1,0,18,1,0,1,1,0,1,0,0,credito,6,8,6,12.285714285714286,6,9,5,12.4,0,83.4,0,0,8.9,1.4,3.51,Activo,0,37.5,0,0.0,11.957255038030723,0,0
2025,1,Lic. en Administración de Empresas,3,1,1,1,1,0,21,1,0,0,1,0,0,0,0,ninguno,5,7,5,14.4,5,5,5,13.8,0,76.3,0,0,7.6,2.6,0.32,Activo,0,12.5,0,0.0,13.205988640078386,0,0
2025,6,Ing. Financiera y de Riesgos,4,8,5,1,1,0,18,1,0,1,1,0,1,0,0,beca,7,8,7,13.15,8,9,8,15.06875,0,89.2,0,0,13.9,-0.3,0.79,Activo,0,75.0,2,0.0,13.519526966391691,0,0
2025,4,Lic. en Ciencia de Datos e Inteligencia de Negocios,5,15,1,1,14,1,25,1,1,0,0,1,0,0,1,ninguno,5,6,0,0.0,5,5,0,0.0,5,71.9,0,0,15.5,2.8,-4.06,Abandono,1,50.0,1,2.0,0.0,1,0
2025,7,Ing. Comercial,1,6,1,1,1,1,21,1,1,0,1,1,0,0,0,ninguno,5,5,0,0.0,6,8,0,0.0,5,78.3,1,1,11.1,0.6,2.02,Abandono,1,87.5,0,2.0,0.0,1,1
2025,2,Ing. Comercio Internacional,2,9,2,1,1,0,19,1,0,1,1,0,1,0,1,beca,8,8,7,12.342857142857143,8,8,7,12.342857142857143,1,93.9,0,0,10.8,1.4,1.74,Activo,0,25.0,1,0.0,11.740439783113525,0,0
2024,7,Lic. en Administración de Empresas,3,1,2,1,1,0,19,1,0,0,1,0,1,0,0,ninguno,6,6,5,12.2,6,7,5,10.8,1,69.8,1,1,10.8,1.4,1.74,Activo,0,87.5,0,1.0,10.634144716876229,0,1
2025,1,Ing. Financiera y de Riesgos,4,8,1,1,1,0,22,1,0,0,1,0,1,0,1,ninguno,6,10,4,10.5,6,14,1,11.0,2,90.5,0,0,7.6,2.6,0.32,Abandono,1,12.5,0,1.0,10.26561747163091,1,0
2023,2,Lic. en Ciencia de Datos e Inteligencia de Negocios,5,6,1,1,1,1,19,1,0,0,1,0,0,0,1,ninguno,5,5,5,10.6,5,8,5,11.6,0,73.3,0,0,12.4,0.5,1.79,Activo,0,25.0,0,0.0,10.797249475004447,0,0
2025,1,Ing. Comercial,1,12,1,0,12,0,58,1,0,0,1,0,0,0,1,ninguno,6,6,0,0.0,6,6,0,0.0,6,80.5,2,1,11.1,0.6,2.02,Abandono,1,12.5,1,2.0,0.0,1,1
2025,4,Ing. Comercio Internacional,2,7,2,1,1,0,19,1,0,1,1,0,1,0,0,credito,6,8,4,11.25,6,6,6,12.0,2,81.7,1,1,10.8,1.4,1.74,Activo,0,50.0,0,1.0,11.254840220349982,1,1
2023,4,Lic. en Administración de Empresas,3,14,1,1,1,1,23,1,1,0,1,0,1,0,1,ninguno,9,11,6,10.5,10,10,10,11.7,3,78.7,1,1,9.4,-0.8,-3.12,Activo,0,50.0,0,1.0,10.271936831132564,1,1
2025,3,Ing. Financiera y de Riesgos,4,1,2,1,1,0,19,1,0,1,1,0,1,0,0,beca,6,11,4,11.0,6,11,3,11.666666666666666,2,81.0,0,0,9.4,-0.8,-3.12,Activo,0,37.5,0,1.0,10.840080738084746,1,0
2023,6,Lic. en Ciencia de Datos e Inteligencia de Negocios,5,9,3,1,1,0,18,1,0,0,1,0,1,0,1,ninguno,7,7,7,13.457142857142856,8,8,8,14.5125,0,61.9,0,0,13.9,-0.3,0.79,Activo,0,75.0,0,0.0,13.374269475948992,1,0
2023,7,Ing. Comercial,1,1,2,1,1,0,20,1,0,0,1,0,0,0,1,ninguno,5,6,5,12.6,5,8,4,12.333333333333334,0,83.3,0,0,7.6,2.6,0.32,Activo,0,87.5,1,0.0,12.10574317110258,0,0
2025,1,Ing. Comercio Internacional,2,8,5,1,1,0,18,1,0,0,0,0,0,0,1,ninguno,6,0,0,0.0,6,0,0,0.0,6,88.7,0,0,12.7,3.7,-1.7,Abandono,1,12.5,0,3.0,0.0,1,0
2023,8,Lic. en Administración de Empresas,3,8,1,1,1,0,18,1,0,0,1,0,0,0,1,ninguno,6,6,6,13.666666666666666,6,8,5,13.6,0,75.0,1,1,8.9,1.4,3.51,Activo,0,100.0,0,0.0,12.786290163052332,0,1
2025,5,Ing. Financiera y de Riesgos,4,8,4,1,1,0,18,1,0,1,1,1,1,0,1,credito,5,5,5,11.6,5,5,5,11.8,0,75.1,0,0,11.1,0.6,2.02,Activo,0,62.5,1,0.0,11.293888461668375,0,0
2024,2,Lic. en Ciencia de Datos e Inteligencia de Negocios,5,12,1,1,1,0,24,1,0,0,1,0,0,0,1,ninguno,6,9,6,12.571428571428571,6,10,5,12.833333333333334,0,96.6,0,0,11.1,0.6,2.02,Abandono,1,25.0,0,0.0,11.949369259592082,0,0
2024,6,Ing. Comercial,1,8,4,1,1,0,18,1,0,0,1,0,1,0,1,ninguno,6,7,5,11.8,6,7,5,11.4,1,87.2,2,1,10.8,1.4,1.74,Abandono,1,75.0,1,1.0,10.657801903036852,0,1
2025,2,Ing. Comercio Internacional,2,1,3,1,1,0,19,1,0,1,1,0,1,0,0,beca,5,5,5,11.6,5,11,3,12.666666666666666,0,81.8,0,0,9.4,-0.8,-3.12,Activo,0,25.0,2,0.0,11.357447601502928,0,0
2025,7,Lic. en Administración de Empresas,3,8,3,1,1,0,19,1,0,1,1,0,1,0,0,credito,6,8,6,11.333333333333334,6,6,6,11.833333333333334,0,100.0,0,0,8.9,1.4,3.51,Activo,0,87.5,1,0.0,10.715618150828774,0,0
2025,2,Ing. Financiera y de Riesgos,4,1,1,1,1,0,18,1,0,0,1,0,1,0,1,ninguno,6,6,6,10.666666666666666,6,6,6,11.5,0,74.6,1,1,7.6,2.6,0.32,Activo,0,25.0,1,0.0,10.707053192820592,0,1
2023,3,Lic. en Ciencia de Datos e Inteligencia de Negocios,5,1,2,1,1,0,18,1,0,0,1,0,1,0,0,ninguno,5,10,4,13.5,5,5,5,13.4,1,60.4,1,1,12.7,3.7,-1.7,Activo,0,37.5,1,0.0,12.97448772179856,1,1
2025,1,Ing. Comercial,1,1,1,1,1,0,19,1,0,1,1,0,1,0,0,mixto,0,0,0,0.0,0,0,0,0.0,0,90.6,3,1,10.8,1.4,1.74,Activo,0,12.5,0,0.0,0.0,0,1
2023,2,Ing. Comercio Internacional,2,15,1,1,1,0,22,1,0,0,1,0,0,0,1,ninguno,6,9,6,13.333333333333334,6,9,4,11.5,0,76.6,0,0,13.9,-0.3,0.79,Activo,0,25.0,0,0.0,11.616092737134005,0,0
2025,1,Lic. en Administración de Empresas,3,1,1,1,1,0,19,1,0,0,1,0,1,0,0,ninguno,6,9,5,13.4,6,16,2,13.5,1,78.7,0,0,10.8,1.4,1.74,Activo,0,12.5,2,0.0,12.702312321535882,0,0
2023,7,Ing. Financiera y de Riesgos,4,8,1,1,1,0,21,3,0,1,1,0,1,0,0,beca,6,8,3,10.2,6,13,4,12.25,3,80.4,1,1,12.7,3.7,-1.7,Activo,0,87.5,0,1.0,10.46036328471481,1,1
2023,2,Lic. en Ciencia de Datos e Inteligencia de Negocios,5,8,1,1,1,0,21,1,0,1,1,0,1,0,0,beca,6,6,5,13.0,6,7,6,12.833333333333334,1,87.9,0,0,8.9,1.4,3.51,Activo,0,25.0,0,0.0,12.326726278653418,0,0
2023,2,Ing. Comercial,1,1,3,1,1,0,18,1,0,1,1,0,1,0,0,beca,8,11,7,12.90857142857143,8,11,7,12.90857142857143,1,94.4,0,0,10.8,1.4,1.74,Activo,0,25.0,0,0.0,12.577381786439073,0,0
2025,1,Ing. Comercio Internacional,2,1,5,1,1,0,20,1,0,0,1,0,1,0,0,ninguno,6,12,4,12.0,6,11,1,10.0,2,65.5,2,1,10.8,1.4,1.74,Abandono,1,12.5,1,1.0,10.15089092055049,1,1
2025,1,Lic. en Administración de Empresas,3,1,3,1,1,0,18,1,0,1,1,0,1,0,0,beca,6,9,6,10.833333333333334,6,8,5,11.0,0,72.9,2,1,7.6,2.6,0.32,Activo,0,12.5,0,0.0,10.141567401315921,0,1
2023,3,Ing. Financiera y de Riesgos,4,7,3,1,1,0,19,1,0,0,1,0,1,0,0,ninguno,6,6,6,15.333333333333334,6,9,6,15.833333333333334,0,59.0,0,0,12.7,3.7,-1.7,Activo,0,37.5,1,0.0,14.952370208454427,1,0
2024,2,Lic. en Ciencia de Datos e Inteligencia de Negocios,5,1,2,1,1,0,18,1,0,1,1,0,1,0,0,credito,7,9,6,12.816666666666668,8,11,6,12.875,1,94.8,1,1,11.1,0.6,2.02,Activo,0,25.0,0,0.0,11.916001602575555,0,1
2025,5,Ing. Comercial,1,6,1,1,1,1,26,1,1,0,0,1,0,0,0,ninguno,7,7,6,13.0,6,6,2,14.0,1,84.1,0,0,11.1,0.6,2.02,Abandono,1,62.5,0,0.0,12.964688234510431,0,0
2025,1,Ing. Comercio Internacional,2,6,1,1,1,0,19,1,1,0,1,1,0,0,1,ninguno,6,11,2,13.5,5,11,2,11.0,4,81.6,0,0,8.9,1.4,3.51,Activo,0,12.5,0,1.0,11.743974779038135,1,0
2024,3,Lic. en Administración de Empresas,3,12,1,0,1,0,35,2,0,0,1,0,0,0,1,ninguno,6,7,6,12.5,6,6,6,12.166666666666666,0,76.7,1,1,15.5,2.8,-4.06,Activo,0,37.5,0,0.0,11.422375905777722,0,1
2025,7,Ing. Financiera y de Riesgos,4,9,1,1,1,0,19,1,0,1,1,0,1,0,0,beca,6,7,6,13.0,6,6,6,14.333333333333334,0,65.3,0,0,12.4,0.5,1.79,Activo,0,87.5,0,0.0,12.808775308335377,0,0
2023,1,Lic. en Ciencia de Datos e Inteligencia de Negocios,5,1,1,1,1,1,18,1,0,0,1,0,1,0,0,ninguno,5,6,4,11.75,5,10,5,12.571428571428571,1,81.0,0,0,10.8,1.4,1.74,Activo,0,12.5,0,0.0,11.500228418260443,0,0
2025,2,Ing. Comercial,1,1,5,1,1,1,19,1,0,0,1,0,0,0,0,ninguno,5,5,4,12.5,5,5,4,14.25,1,78.9,1,1,7.6,2.6,0.32,Activo,0,25.0,1,0.0,12.983485682379506,0,1
2023,7,Ing. Comercio Internacional,2,1,1,1,1,1,25,1,0,0,1,0,1,0,0,ninguno,17,19,17,11.61111111111111,17,22,17,12.055555555555555,0,74.4,0,0,12.4,0.5,1.79,Activo,0,87.5,1,0.0,11.382783303307795,0,0
2025,5,Lic. en Administración de Empresas,3,8,6,1,1,1,18,1,0,0,1,0,1,0,1,ninguno,6,6,6,14.0,6,6,6,14.666666666666666,0,73.5,2,1,11.1,0.6,2.02,Activo,0,62.5,0,0.0,13.573973740047167,0,1
2024,4,Ing. Financiera y de Riesgos,4,8,1,1,1,1,26,1,0,0,0,1,1,0,1,ninguno,6,8,0,0.0,6,10,0,0.0,6,82.9,1,1,16.2,0.3,-0.92,Abandono,1,50.0,0,4.0,0.0,1,1
2023,1,Lic. en Ciencia de Datos e Inteligencia de Negocios,5,14,1,0,1,1,34,1,0,0,1,0,0,0,1,ninguno,5,5,5,13.8,5,6,5,13.833333333333334,0,79.8,1,1,9.4,-0.8,-3.12,Activo,0,12.5,0,0.0,12.931135432500486,0,1
2025,2,Ing. Comercial,1,1,2,1,1,1,18,1,0,0,0,0,1,0,0,ninguno,5,6,0,0.0,5,5,0,0.0,5,100.0,2,1,12.7,3.7,-1.7,Abandono,1,25.0,0,1.0,0.0,1,1
2023,2,Ing. Comercio Internacional,2,1,1,1,1,1,18,1,0,0,0,0,0,0,0,ninguno,0,0,0,0.0,0,0,0,0.0,0,83.5,0,0,9.4,-0.8,-3.12,Abandono,1,25.0,1,0.0,0.0,0,0
2025,2,Lic. en Administración de Empresas,3,8,3,1,1,1,18,1,0,1,1,0,1,0,0,credito,5,9,4,12.25,5,9,3,12.333333333333334,1,70.6,0,0,8.9,1.4,3.51,Abandono,1,25.0,0,0.0,11.727384870569779,0,0
2024,1,Ing. Financiera y de Riesgos,4,15,1,1,14,1,20,1,0,0,1,0,0,0,1,ninguno,6,12,3,11.5,6,12,3,13.666666666666666,3,92.0,0,0,12.4,0.5,1.79,Abandono,1,12.5,1,1.0,11.731252832871336,1,0
2025,5,Lic. en Ciencia de Datos e Inteligencia de Negocios,5,15,1,1,14,1,25,1,0,0,1,0,0,0,0,ninguno,7,9,6,12.571428571428571,9,9,9,12.555555555555555,1,54.1,1,1,16.2,0.3,-0.92,Activo,0,62.5,0,1.0,12.017482892062585,1,1
2024,8,Ing. Comercial,1,8,1,1,1,1,18,1,0,0,1,0,0,0,0,ninguno,6,9,6,12.0,6,10,5,12.166666666666666,0,80.3,1,1,11.1,0.6,2.02,Abandono,1,100.0,0,0.0,11.666363271897389,0,1
2024,3,Ing. Comercio Internacional,2,1,1,1,1,1,19,1,0,0,1,0,1,0,0,ninguno,12,17,11,12.0,12,21,12,12.307692307692308,1,62.0,0,0,15.5,2.8,-4.06,Activo,0,37.5,0,0.0,11.830470910440052,1,0
2024,4,Lic. en Administración de Empresas,3,1,1,1,1,1,20,1,0,0,1,0,1,0,0,ninguno,0,0,0,0.0,0,0,0,0.0,0,61.8,2,1,10.8,1.4,1.74,Abandono,1,50.0,0,0.0,0.0,1,1
2023,1,Ing. Financiera y de Riesgos,4,9,2,1,1,1,20,1,0,1,1,0,1,0,0,beca,7,9,6,12.0,6,6,6,11.166666666666666,1,62.8,0,0,10.8,1.4,1.74,Activo,0,12.5,0,0.0,10.650841820745235,1,0
2025,1,Lic. en Ciencia de Datos e Inteligencia de Negocios,5,1,1,1,1,1,20,1,0,0,1,0,0,0,1,ninguno,5,9,4,11.6,5,7,4,12.25,1,72.8,0,0,7.6,2.6,0.32,Activo,0,12.5,1,0.0,11.457709388571027,0,0
2023,3,Ing. Comercial,1,1,2,1,1,1,19,1,0,1,1,0,1,0,0,beca,5,5,0,0.0,5,5,0,0.0,5,76.6,0,0,11.1,0.6,2.02,Abandono,1,37.5,0,2.0,0.0,1,0
2025,1,Ing. Comercio Internacional,2,1,1,1,1,1,20,1,0,0,1,0,0,0,0,ninguno,5,9,5,12.0,5,9,4,13.0,0,91.7,0,0,8.9,1.4,3.51,Activo,0,12.5,1,0.0,11.521125450331272,0,0
2023,7,Lic. en Administración de Empresas,3,1,6,1,1,1,18,1,0,0,1,0,1,0,0,ninguno,7,8,6,13.976666666666668,8,12,6,12.041666666666666,1,74.8,0,0,11.1,0.6,2.02,Activo,0,87.5,1,0.0,12.691663787671253,0,0
2024,2,Ing. Financiera y de Riesgos,4,1,1,1,1,1,19,1,0,0,1,0,1,0,0,ninguno,6,10,4,12.5,6,12,1,10.0,2,66.4,2,1,16.2,0.3,-0.92,Activo,0,25.0,1,1.0,10.399952494724372,1,1
2023,4,Lic. en Ciencia de Datos e Inteligencia de Negocios,5,9,1,1,1,1,20,1,0,0,0,0,1,0,0,ninguno,5,5,0,0.0,5,0,0,0.0,5,90.3,0,0,9.4,-0.8,-3.12,Abandono,1,50.0,0,2.0,0.0,1,0
2024,5,Ing. Comercial,1,12,1,1,1,1,24,1,0,0,1,0,0,0,1,ninguno,6,15,4,10.5,6,16,4,12.5,2,81.3,0,0,15.5,2.8,-4.06,Abandono,1,62.5,0,1.0,11.173758430191238,1,0
2024,5,Ing. Comercio Internacional,2,15,1,1,14,1,20,1,0,0,1,0,1,0,0,ninguno,6,8,5,12.857142857142858,6,11,6,12.3,1,72.2,3,1,16.2,0.3,-0.92,Activo,0,62.5,0,1.0,11.636109650424721,0,1
2025,6,Lic. en Administración de Empresas,3,1,3,1,1,1,19,1,0,0,1,0,1,0,0,ninguno,5,7,3,11.666666666666666,5,5,4,12.0,2,100.0,2,1,9.4,-0.8,-3.12,Activo,0,75.0,2,1.0,11.435583702186623,1,1
2023,1,Ing. Financiera y de Riesgos,4,16,1,1,1,1,23,1,0,0,1,0,0,0,0,ninguno,5,7,2,13.0,5,11,1,10.0,3,74.7,0,0,8.9,1.4,3.51,Abandono,1,12.5,0,1.0,10.813754501392014,1,0
2023,4,Lic. en Ciencia de Datos e Inteligencia de Negocios,5,8,2,1,1,1,20,1,0,0,1,0,1,0,1,ninguno,6,8,6,11.833333333333334,6,9,5,10.4,0,70.0,0,0,7.6,2.6,0.32,Activo,0,50.0,0,0.0,10.624828721465983,0,0
2024,5,Ing. Comercial,1,14,4,0,1,1,21,1,0,0,1,0,0,0,1,ninguno,11,11,11,12.454545454545457,11,17,8,12.75,0,96.9,0,0,9.4,-0.8,-3.12,Activo,0,62.5,1,0.0,12.256637765743445,0,0
2023,7,Ing. Comercio Internacional,2,8,2,1,1,1,20,1,0,0,1,0,1,0,0,ninguno,5,6,3,11.0,5,6,0,0.0,2,87.4,0,0,10.8,1.4,1.74,Abandono,1,87.5,0,1.0,5.165054260035634,1,0
2023,4,Lic. en Administración de Empresas,3,8,5,1,1,1,21,2,0,0,1,0,1,0,0,ninguno,5,10,4,13.2,5,7,4,14.25,1,77.6,2,1,7.6,2.6,0.32,Activo,0,50.0,0,0.0,13.344110310814562,0,1
2024,1,Ing. Financiera y de Riesgos,4,1,1,1,1,1,18,1,0,1,1,0,0,0,0,beca,6,6,6,15.5,6,6,6,14.166666666666666,0,86.5,0,0,11.1,0.6,2.02,Activo,0,12.5,0,0.0,14.483376423610766,0,0
2024,2,Lic. en Ciencia de Datos e Inteligencia de Negocios,5,1,3,1,1,1,18,1,0,0,1,0,1,0,0,ninguno,6,8,6,12.333333333333334,6,6,6,13.666666666666666,0,80.3,2,1,11.1,0.6,2.02,Activo,0,25.0,0,0.0,12.167609319136053,0,1
2024,3,Ing. Comercial,1,8,1,1,1,1,18,1,0,0,1,0,1,0,0,ninguno,5,13,5,12.0,5,9,4,11.4,0,70.8,0,0,13.9,-0.3,0.79,Activo,0,37.5,0,0.0,11.0601036584016,0,0
2025,3,Ing. Comercio Internacional,2,15,1,1,14,1,20,1,0,0,1,0,1,0,0,ninguno,6,12,4,11.6,6,11,5,11.5,2,69.9,0,0,15.5,2.8,-4.06,Activo,0,37.5,0,1.0,11.009975536055714,1,0
2024,2,Lic. en Administración de Empresas,3,8,1,1,1,1,18,1,0,1,1,0,0,0,0,beca,6,7,6,11.333333333333334,6,8,6,12.285714285714286,0,83.3,0,0,16.2,0.3,-0.92,Activo,0,25.0,1,0.0,11.216665572431406,0,0
2025,2,Ing. Financiera y de Riesgos,4,8,1,1,1,1,19,1,0,0,1,0,1,0,0,ninguno,6,12,0,0.0,6,0,0,0.0,6,77.4,0,0,9.4,-0.8,-3.12,Abandono,1,25.0,0,2.0,0.0,1,0
2024,4,Lic. en Ciencia de Datos e Inteligencia de Negocios,5,8,1,1,1,1,20,1,0,0,1,0,1,0,1,ninguno,5,7,4,12.0,5,8,2,12.5,1,95.3,0,0,10.8,1.4,1.74,Activo,0,50.0,0,0.0,11.312473731083298,0,0
2024,4,Ing. Comercial,1,8,1,1,1,1,19,1,0,0,1,0,0,0,0,ninguno,5,11,4,12.0,5,9,5,12.6,1,74.8,1,1,9.4,-0.8,-3.12,Activo,0,50.0,0,0.0,11.499026463914197,0,1
2023,8,Ing. Comercio Internacional,2,12,1,0,1,1,33,1,0,0,1,1,1,0,1,ninguno,5,11,2,12.5,5,9,2,11.5,3,97.3,0,0,12.7,3.7,-1.7,Abandono,1,100.0,0,2.0,11.080722335804818,1,0
2023,1,Lic. en Administración de Empresas,3,16,1,1,1,1,21,1,0,0,1,0,1,0,1,ninguno,12,12,12,13.666666666666666,11,16,11,13.0,0,78.2,0,0,8.9,1.4,3.51,Activo,0,12.5,0,0.0,12.809579714021995,0,0
2025,4,Ing. Financiera y de Riesgos,4,12,1,1,1,1,25,2,0,0,0,1,0,0,0,ninguno,6,17,2,14.5,6,13,0,0.0,4,68.1,1,1,15.5,2.8,-4.06,Abandono,1,50.0,0,1.0,6.683223471794202,1,1
2023,1,Lic. en Ciencia de Datos e Inteligencia de Negocios,5,1,1,1,1,1,20,1,0,1,1,0,1,0,1,mixto,6,10,4,13.2,6,8,0,0.0,2,83.0,0,0,12.4,0.5,1.79,Abandono,1,12.5,0,1.0,5.87040147270204,1,0
2025,1,Ing. Comercial,1,17,1,1,16,1,22,1,0,1,1,0,1,0,1,credito,7,11,5,12.166666666666666,8,14,5,14.8,2,91.8,0,0,8.9,1.4,3.51,Abandono,1,12.5,0,1.0,12.74679517022525,1,0
2025,2,Ing. Comercio Internacional,2,12,1,1,12,0,39,4,0,0,1,0,0,0,0,ninguno,6,10,4,11.25,6,6,6,11.333333333333334,2,81.6,1,1,10.8,1.4,1.74,Activo,0,25.0,0,1.0,10.65447678005803,1,1
2025,4,Lic. en Administración de Empresas,3,1,2,1,1,1,21,1,0,1,1,0,1,0,0,mixto,6,8,6,15.166666666666666,6,7,6,14.428571428571429,0,89.2,0,0,8.9,1.4,3.51,Activo,0,50.0,1,0.0,14.21715855371248,0,0
2023,2,Ing. Financiera y de Riesgos,4,8,1,1,1,0,19,1,0,1,1,0,0,0,1,beca,6,8,6,11.166666666666666,6,7,4,13.4,0,91.4,1,1,16.2,0.3,-0.92,Activo,0,25.0,1,0.0,11.293007115207246,0,1
2024,2,Lic. en Ciencia de Datos e Inteligencia de Negocios,5,12,1,1,12,0,26,1,0,1,1,0,0,0,0,credito,7,8,6,10.983333333333334,7,8,6,10.983333333333334,1,87.4,0,0,7.6,2.6,0.32,Activo,0,25.0,0,0.0,10.108546795050927,0,0
2025,3,Ing. Comercial,1,9,2,1,1,0,19,1,0,1,1,0,1,0,0,credito,6,8,4,10.75,6,11,5,11.5,2,73.3,2,1,15.5,2.8,-4.06,Activo,0,37.5,0,1.0,10.520513861478369,1,1
2024,6,Ing. Comercio Internacional,2,17,1,1,16,0,20,1,0,1,0,0,1,0,0,mixto,12,15,11,13.384615384615383,9,13,7,14.285714285714286,1,77.7,2,1,8.9,1.4,3.51,Activo,0,75.0,0,1.0,13.026060101097137,0,1
2025,3,Lic. en Administración de Empresas,3,8,1,1,1,0,25,1,0,1,1,0,1,0,0,credito,6,8,6,11.285714285714286,6,10,5,12.2,0,80.8,0,0,15.5,2.8,-4.06,Activo,0,37.5,1,0.0,11.254163957580422,0,0
2025,2,Ing. Financiera y de Riesgos,4,14,1,0,1,1,24,1,0,0,1,0,0,0,1,ninguno,6,13,0,0.0,6,6,0,0.0,6,83.5,0,0,16.2,0.3,-0.92,Abandono,1,25.0,1,2.0,0.0,1,0
2025,5,Lic. en Ciencia de Datos e Inteligencia de Negocios,5,8,6,1,1,1,20,1,0,0,1,0,1,0,0,ninguno,5,7,4,13.0,5,9,5,14.833333333333334,1,78.5,1,1,7.6,2.6,0.32,Activo,0,62.5,0,0.0,13.36996494877975,0,1
2024,2,Ing. Comercial,1,12,1,1,1,1,29,2,0,0,1,0,0,0,1,ninguno,6,9,6,16.11111111111111,6,7,6,13.5,0,82.0,0,0,13.9,-0.3,0.79,Activo,0,25.0,0,0.0,14.22347459546918,0,0
2024,3,Ing. Comercio Internacional,2,1,1,1,1,1,20,1,0,0,1,0,0,0,0,ninguno,6,8,6,11.5,6,8,6,11.0,0,89.2,0,0,16.2,0.3,-0.92,Activo,0,37.5,0,0.0,10.93842401280753,0,0
2023,8,Lic. en Administración de Empresas,3,15,1,1,14,1,20,1,0,0,1,0,1,0,0,ninguno,6,15,4,10.75,6,12,2,10.5,2,75.8,1,1,13.9,-0.3,0.79,Abandono,1,100.0,0,1.0,9.754645598854873,1,1
2025,6,Ing. Financiera y de Riesgos,4,12,1,1,12,1,24,1,0,1,1,0,1,0,1,mixto,6,10,4,11.6,6,8,5,13.0,2,78.3,1,1,11.1,0.6,2.02,Activo,0,75.0,0,1.0,11.748564618327574,1,1
2025,4,Lic. en Ciencia de Datos e Inteligencia de Negocios,5,12,1,1,12,1,24,1,0,0,1,1,0,0,0,ninguno,7,21,0,0.0,7,7,0,0.0,7,82.2,0,0,16.2,0.3,-0.92,Abandono,1,50.0,0,2.0,0.0,1,0
2025,2,Ing. Comercial,1,4,1,1,15,1,23,1,0,0,1,0,0,0,0,ninguno,5,5,5,13.8,5,7,5,14.142857142857142,0,83.1,0,0,11.1,0.6,2.02,Activo,0,25.0,0,0.0,13.619654340338903,0,0
2024,4,Ing. Comercio Internacional,2,14,1,1,1,1,20,1,0,0,1,0,1,0,0,ninguno,7,8,7,13.585714285714284,8,8,8,14.6875,0,91.6,1,1,15.5,2.8,-4.06,Activo,0,50.0,0,0.0,13.714109362731731,0,1
2024,1,Lic. en Administración de Empresas,3,8,2,1,1,1,19,1,0,0,1,0,1,0,0,ninguno,6,8,6,13.857142857142858,6,8,5,13.0,0,68.8,0,0,15.5,2.8,-4.06,Activo,0,12.5,2,0.0,12.505785820842137,0,0
2023,2,Ing. Financiera y de Riesgos,4,12,1,1,1,1,28,4,0,0,1,0,0,0,0,ninguno,6,12,5,12.0,6,10,6,12.333333333333334,1,91.3,0,0,11.1,0.6,2.02,Activo,0,25.0,0,0.0,11.440585397148707,0,0
2023,5,Lic. en Ciencia de Datos e Inteligencia de Negocios,5,15,1,1,14,1,20,1,0,1,1,0,1,0,0,mixto,6,9,6,13.444444444444445,6,9,5,12.6,0,71.9,1,1,13.9,-0.3,0.79,Activo,0,62.5,0,0.0,12.057023387102882,0,1
2025,2,Ing. Comercial,1,1,1,1,1,1,18,1,0,0,1,0,0,0,0,ninguno,6,6,6,14.0,6,7,6,13.857142857142858,0,100.0,1,1,8.9,1.4,3.51,Activo,0,25.0,1,0.0,12.929446404497508,0,1
2025,3,Ing. Comercio Internacional,2,1,1,1,1,1,20,1,0,0,1,1,1,0,0,ninguno,6,10,1,12.0,6,0,0,0.0,5,74.1,0,0,10.8,1.4,1.74,Abandono,1,37.5,0,2.0,5.439697919266834,1,0
2024,3,Lic. en Administración de Empresas,3,12,1,0,1,1,33,2,0,0,1,0,1,0,1,ninguno,5,5,5,14.2,5,6,5,13.833333333333334,0,79.3,0,0,10.8,1.4,1.74,Activo,0,37.5,1,0.0,13.507504521808373,0,0
2025,2,Ing. Financiera y de Riesgos,4,12,1,1,1,0,35,2,0,0,1,0,0,0,1,ninguno,7,11,5,13.34,7,9,5,10.84,2,82.4,0,0,12.4,0.5,1.79,Activo,0,25.0,0,1.0,11.189150761388632,1,0
2024,1,Lic. en Ciencia de Datos e Inteligencia de Negocios,5,12,1,1,15,0,27,1,0,0,1,0,0,0,0,ninguno,8,12,7,12.457142857142856,8,12,7,12.457142857142856,1,66.6,0,0,12.7,3.7,-1.7,Activo,0,12.5,0,1.0,11.458114858216637,0,0
2024,1,Ing. Comercial,1,8,5,1,1,0,19,1,0,0,0,0,1,0,1,ninguno,6,12,3,11.0,6,12,3,12.0,3,63.0,1,1,9.4,-0.8,-3.12,Abandono,1,12.5,0,1.0,10.75925113603728,1,1
2023,5,Ing. Comercio Internacional,2,12,1,0,1,0,31,1,1,1,1,0,0,0,0,beca,5,13,4,10.5,5,10,4,10.5,1,69.3,2,1,15.5,2.8,-4.06,Activo,0,62.5,0,0.0,9.643401494241935,0,1
2025,4,Lic. en Administración de Empresas,3,1,1,1,1,1,19,1,0,0,1,0,1,0,0,ninguno,0,0,0,0.0,0,0,0,0.0,0,72.3,0,0,9.4,-0.8,-3.12,Activo,0,50.0,0,0.0,0.0,0,0
2024,6,Ing. Financiera y de Riesgos,4,14,1,1,1,1,22,1,0,0,1,0,1,0,0,ninguno,13,13,13,14.0,12,13,12,13.0,0,82.8,0,0,15.5,2.8,-4.06,Activo,0,75.0,0,0.0,12.951262204246317,0,0
2023,7,Lic. en Ciencia de Datos e Inteligencia de Negocios,5,14,1,1,1,0,39,1,1,0,1,0,0,0,0,ninguno,7,0,0,0.0,8,0,0,0.0,7,89.5,0,0,12.7,3.7,-1.7,Abandono,1,87.5,0,2.0,0.0,1,0
2024,1,Ing. Comercial,1,8,1,1,1,1,22,1,0,0,0,0,1,0,0,ninguno,1,1,0,0.0,6,0,0,0.0,1,100.0,1,1,12.4,0.5,1.79,Abandono,1,12.5,1,0.0,0.0,0,1
2025,1,Ing. Comercio Internacional,2,12,1,0,1,1,47,2,0,0,1,0,0,0,1,ninguno,5,8,4,10.0,5,8,4,12.5,1,75.0,0,0,9.4,-0.8,-3.12,Activo,0,12.5,0,0.0,10.468320286617262,0,0
2024,2,Lic. en Administración de Empresas,3,8,1,1,1,1,19,1,0,1,1,0,1,0,0,beca,0,0,0,0.0,0,0,0,0.0,0,80.3,0,0,11.1,0.6,2.02,Activo,0,25.0,0,0.0,0.0,0,0
2024,3,Ing. Financiera y de Riesgos,4,5,1,1,1,0,19,1,1,0,1,0,1,0,1,ninguno,6,6,6,13.5,6,6,6,14.333333333333334,0,78.6,0,0,12.4,0.5,1.79,Activo,0,37.5,1,0.0,13.380972698438395,0,0
2023,2,Lic. en Ciencia de Datos e Inteligencia de Negocios,5,8,1,1,1,0,19,1,0,0,1,0,1,0,0,ninguno,7,0,0,0.0,8,0,0,0.0,7,84.2,0,0,15.5,2.8,-4.06,Abandono,1,25.0,0,4.0,0.0,1,0
2023,7,Ing. Comercial,1,1,1,1,1,0,21,1,0,1,1,0,1,0,1,beca,17,18,17,13.38888888888889,17,18,17,14.88888888888889,0,79.0,1,1,11.1,0.6,2.02,Activo,0,87.5,1,0.0,13.675808340434262,0,1
2024,3,Ing. Comercio Internacional,2,4,1,1,5,0,39,1,0,0,0,0,1,0,0,ninguno,7,0,0,0.0,8,0,0,0.0,7,90.0,2,1,12.4,0.5,1.79,Abandono,1,37.5,0,4.0,0.0,1,1
2024,3,Lic. en Administración de Empresas,3,8,1,1,1,1,19,1,0,0,1,0,1,0,0,ninguno,12,12,12,13.583333333333334,11,12,11,13.583333333333334,0,79.0,0,0,8.9,1.4,3.51,Activo,0,37.5,1,0.0,13.257508031095796,0,0
2023,3,Ing. Financiera y de Riesgos,4,1,1,1,1,1,20,1,0,1,1,0,0,0,1,beca,0,0,0,0.0,0,0,0,0.0,0,70.9,0,0,13.9,-0.3,0.79,Activo,0,37.5,0,0.0,0.0,0,0
2024,3,Lic. en Ciencia de Datos e Inteligencia de Negocios,5,12,1,1,9,1,24,1,0,0,0,1,1,0,0,ninguno,5,5,0,0.0,5,5,0,0.0,5,67.1,1,1,12.7,3.7,-1.7,Abandono,1,37.5,0,2.0,0.0,1,1
2024,5,Ing. Comercial,1,12,1,0,1,1,27,1,0,0,1,0,1,0,0,ninguno,5,9,1,10.0,5,5,0,0.0,4,82.7,1,1,12.7,3.7,-1.7,Abandono,1,62.5,0,2.0,4.268181149623524,1,1
2023,4,Ing. Comercio Internacional,2,12,1,0,1,1,29,2,0,0,1,0,0,0,1,ninguno,5,5,5,15.2,5,5,5,15.2,0,69.6,0,0,11.1,0.6,2.02,Activo,0,50.0,0,0.0,14.526128816939893,0,0
2024,1,Lic. en Administración de Empresas,3,8,1,1,1,1,20,1,0,0,1,0,1,0,1,ninguno,6,12,4,12.8,6,17,0,0.0,2,77.9,0,0,12.4,0.5,1.79,Abandono,1,12.5,0,1.0,5.94721136200263,1,0
2023,5,Ing. Financiera y de Riesgos,4,1,1,1,1,1,21,1,0,0,1,0,0,0,1,ninguno,5,7,5,11.166666666666666,5,5,4,11.0,0,78.7,3,1,9.4,-0.8,-3.12,Abandono,1,62.5,0,0.0,10.668364586277123,0,1
2023,1,Lic. en Ciencia de Datos e Inteligencia de Negocios,5,1,1,1,1,1,18,1,0,0,1,0,1,0,0,ninguno,0,0,0,0.0,0,0,0,0.0,0,90.8,0,0,7.6,2.6,0.32,Activo,0,12.5,0,0.0,0.0,0,0
2024,6,Ing. Comercial,1,1,1,1,1,1,19,1,0,0,1,0,0,0,0,ninguno,8,9,7,12.828571428571427,8,9,7,12.828571428571427,1,62.1,0,0,12.7,3.7,-1.7,Activo,0,75.0,1,0.0,12.176800689880269,1,0
2024,4,Ing. Comercio Internacional,2,8,1,1,1,1,19,1,0,0,0,1,0,0,0,ninguno,6,6,6,12.5,6,10,4,12.6,0,66.6,1,1,15.5,2.8,-4.06,Abandono,1,50.0,0,0.0,12.060175550002159,0,1
2025,7,Lic. en Administración de Empresas,3,12,1,1,1,1,28,1,0,1,1,0,0,0,0,beca,5,12,3,10.0,5,10,3,12.4,2,88.8,0,0,12.4,0.5,1.79,Activo,0,87.5,0,1.0,10.236678248874593,1,0
2023,7,Ing. Financiera y de Riesgos,4,6,1,1,1,0,21,1,1,0,0,0,1,0,0,ninguno,6,6,6,11.5,6,10,4,13.25,0,74.7,2,1,13.9,-0.3,0.79,Activo,0,87.5,1,0.0,11.750294344999807,0,1
2024,5,Lic. en Ciencia de Datos e Inteligencia de Negocios,5,5,1,1,1,0,23,1,1,0,0,1,1,0,0,ninguno,8,11,7,11.328571428571427,8,11,7,11.328571428571427,1,71.1,2,1,12.7,3.7,-1.7,Abandono,1,62.5,1,0.0,10.987414216990182,0,1
2024,3,Ing. Comercial,1,12,1,1,1,0,39,4,0,0,1,0,0,0,0,ninguno,6,15,2,13.0,6,13,3,13.0,4,72.4,0,0,15.5,2.8,-4.06,Activo,0,37.5,0,1.0,12.189513515914356,1,0
2024,5,Ing. Comercio Internacional,2,8,3,1,1,0,18,1,0,0,1,0,1,0,0,ninguno,7,7,6,13.033333333333331,7,7,6,13.033333333333331,1,73.2,0,0,7.6,2.6,0.32,Activo,0,62.5,0,1.0,12.503141631587038,0,0
2024,3,Lic. en Administración de Empresas,3,6,1,1,1,0,59,2,1,0,1,0,0,0,0,ninguno,6,8,6,12.166666666666666,6,7,4,11.75,0,69.0,0,0,11.1,0.6,2.02,Activo,0,37.5,0,0.0,11.200891080892559,0,0
2025,8,Ing. Financiera y de Riesgos,4,4,1,1,4,1,30,1,0,0,1,1,0,0,1,ninguno,5,6,4,14.5,5,10,3,16.2,1,69.4,0,0,13.9,-0.3,0.79,Activo,0,100.0,0,0.0,14.854283940633737,0,0
2024,5,Lic. en Ciencia de Datos e Inteligencia de Negocios,5,1,1,1,1,0,18,1,0,0,1,0,1,0,0,ninguno,5,7,5,14.4,5,5,5,13.6,0,88.1,2,1,12.7,3.7,-1.7,Activo,0,62.5,1,0.0,13.300479380786676,0,1
2023,6,Ing. Comercial,1,15,1,0,14,0,41,2,0,0,1,0,0,0,1,ninguno,6,10,4,12.25,7,9,6,12.5,2,91.3,0,0,9.4,-0.8,-3.12,Activo,0,75.0,0,1.0,11.534493246634774,1,0
2023,2,Ing. Comercio Internacional,2,12,1,1,1,0,27,1,0,0,1,0,1,0,0,ninguno,7,14,0,0.0,7,14,0,0.0,7,72.0,0,0,11.1,0.6,2.02,Abandono,1,25.0,1,2.0,0.0,1,0
2024,1,Lic. en Administración de Empresas,3,1,1,1,1,0,18,1,0,1,1,0,1,0,0,credito,6,6,6,12.666666666666666,6,6,6,12.0,0,89.4,0,0,9.4,-0.8,-3.12,Activo,0,12.5,1,0.0,11.850544332230179,0,0
2024,1,Ing. Financiera y de Riesgos,4,9,5,1,1,0,20,1,0,0,0,1,1,0,0,ninguno,6,14,2,12.0,6,14,3,11.666666666666666,4,78.8,1,1,10.8,1.4,1.74,Abandono,1,12.5,0,2.0,11.298933467634045,1,1
2023,8,Lic. en Ciencia de Datos e Inteligencia de Negocios,5,12,1,1,3,0,32,2,0,0,0,0,0,0,0,ninguno,5,6,0,0.0,5,5,0,0.0,5,87.2,1,1,12.7,3.7,-1.7,Abandono,1,100.0,0,2.0,0.0,1,1
2023,7,Ing. Comercial,1,8,1,1,1,0,19,1,0,0,1,0,1,0,0,ninguno,5,5,3,11.666666666666666,5,10,4,10.8,2,74.4,2,1,9.4,-0.8,-3.12,Abandono,1,87.5,0,0.0,10.284310946918142,1,1
2025,1,Ing. Comercio Internacional,2,12,1,1,9,0,41,2,0,0,1,0,0,0,1,ninguno,6,0,0,0.0,6,0,0,0.0,6,86.9,3,1,16.2,0.3,-0.92,Abandono,1,12.5,1,2.0,0.0,1,1
2023,1,Lic. en Administración de Empresas,3,8,5,0,1,0,38,4,0,0,1,0,0,0,0,ninguno,5,12,1,10.0,5,10,0,0.0,4,79.9,0,0,10.8,1.4,1.74,Abandono,1,12.5,0,2.0,4.637085203929553,1,0
2024,2,Ing. Financiera y de Riesgos,4,4,1,1,2,1,35,1,1,0,1,0,0,0,0,ninguno,7,8,0,0.0,6,9,0,0.0,7,77.8,2,1,8.9,1.4,3.51,Abandono,1,25.0,0,2.0,0.0,1,1
2025,2,Lic. en Ciencia de Datos e Inteligencia de Negocios,5,12,1,0,1,0,27,1,0,0,1,0,1,0,1,ninguno,6,11,4,12.25,6,16,3,12.0,2,82.4,0,0,7.6,2.6,0.32,Abandono,1,25.0,0,0.0,11.478143575868554,1,0
2024,3,Ing. Comercial,1,8,1,1,1,0,19,1,0,0,1,0,1,0,0,ninguno,6,10,4,12.0,6,6,6,12.5,2,74.9,0,0,7.6,2.6,0.32,Activo,0,37.5,1,1.0,11.875366509036203,1,0
2025,1,Ing. Comercio Internacional,2,9,1,1,1,0,18,1,0,0,0,0,0,0,0,ninguno,6,7,5,12.6,6,6,5,11.8,1,88.9,0,0,11.1,0.6,2.02,Activo,0,12.5,0,0.0,11.65809338865591,0,0
2024,2,Lic. en Administración de Empresas,3,12,1,0,7,0,39,2,0,0,0,0,0,0,0,ninguno,5,5,0,0.0,5,5,0,0.0,5,74.5,0,0,7.6,2.6,0.32,Abandono,1,25.0,1,2.0,0.0,1,0
2023,7,Ing. Financiera y de Riesgos,4,4,1,1,2,0,37,2,0,0,0,0,0,0,0,ninguno,5,5,0,0.0,5,10,0,0.0,5,92.5,1,1,10.8,1.4,1.74,Abandono,1,87.5,1,1.0,0.0,1,1
2025,3,Lic. en Ciencia de Datos e Inteligencia de Negocios,5,12,1,1,1,0,37,5,0,0,0,0,0,0,1,ninguno,8,8,0,0.0,8,8,0,0.0,8,90.2,0,0,12.7,3.7,-1.7,Abandono,1,37.5,0,2.0,0.0,1,0
2023,6,Ing. Comercial,1,14,1,0,1,0,35,2,0,1,1,0,0,0,1,beca,16,16,16,12.6875,13,13,13,12.0,0,84.4,2,1,9.4,-0.8,-3.12,Activo,0,75.0,0,0.0,11.346036360793933,0,1
2023,7,Ing. Comercio Internacional,2,14,1,1,1,0,49,1,0,0,1,0,0,0,0,ninguno,13,22,10,10.4,9,18,6,10.666666666666666,3,100.0,3,1,12.7,3.7,-1.7,Activo,0,87.5,0,1.0,9.970664540585492,1,1
2023,2,Lic. en Administración de Empresas,3,4,1,1,15,0,52,1,0,0,1,0,0,0,1,ninguno,15,26,14,10.466666666666669,12,16,12,10.923076923076923,1,68.3,2,1,13.9,-0.3,0.79,Activo,0,25.0,1,0.0,9.975562948891568,0,1
2024,6,Ing. Financiera y de Riesgos,4,1,2,1,1,0,18,1,0,0,1,0,1,0,0,ninguno,5,10,5,14.333333333333334,5,8,5,13.0,0,82.9,0,0,9.4,-0.8,-3.12,Activo,0,75.0,0,0.0,12.767279309199811,0,0
2024,8,Lic. en Ciencia de Datos e Inteligencia de Negocios,5,12,1,0,1,0,30,1,0,1,1,0,0,0,1,mixto,7,7,6,14.666666666666666,6,7,6,14.333333333333334,1,96.2,0,0,10.8,1.4,1.74,Activo,0,100.0,0,0.0,14.117776549042532,0,0
2024,5,Ing. Comercial,1,1,2,1,1,0,21,1,0,0,1,0,1,0,0,ninguno,7,7,7,12.835714285714284,8,8,8,14.23125,0,62.3,0,0,11.1,0.6,2.02,Activo,0,62.5,0,0.0,12.750787055120767,1,0
2024,3,Ing. Comercio Internacional,2,1,1,1,1,1,20,1,0,0,1,0,1,0,0,ninguno,5,5,0,0.0,5,0,0,0.0,5,74.6,0,0,9.4,-0.8,-3.12,Abandono,1,37.5,0,3.0,0.0,1,0
2024,6,Lic. en Administración de Empresas,3,8,1,1,1,1,18,1,0,0,1,1,1,0,0,ninguno,5,9,0,0.0,5,5,0,0.0,5,85.2,0,0,7.6,2.6,0.32,Activo,0,75.0,1,2.0,0.0,1,0
2024,4,Ing. Financiera y de Riesgos,4,7,1,1,1,1,19,1,0,0,1,0,1,0,0,ninguno,0,0,0,0.0,0,0,0,0.0,0,76.0,0,0,7.6,2.6,0.32,Abandono,1,50.0,0,0.0,0.0,0,0
2023,1,Lic. en Ciencia de Datos e Inteligencia de Negocios,5,1,3,1,1,1,18,1,0,0,1,0,1,0,1,ninguno,8,8,8,13.24875,8,8,8,13.24875,0,68.3,1,1,9.4,-0.8,-3.12,Activo,0,12.5,0,0.0,12.895577799124558,0,1
2023,4,Ing. Comercial,1,6,1,1,1,1,20,1,1,0,1,0,0,0,0,ninguno,7,10,7,12.857142857142858,7,7,4,12.75,0,47.3,0,0,8.9,1.4,3.51,Activo,0,50.0,0,0.0,12.016786424558916,1,0
2025,1,Ing. Comercio Internacional,2,8,1,1,1,0,21,1,0,0,1,0,1,0,0,ninguno,6,12,5,13.6,6,10,4,14.25,1,94.1,0,0,12.4,0.5,1.79,Activo,0,12.5,0,0.0,13.448080131876084,0,0
2024,5,Lic. en Administración de Empresas,3,1,4,1,1,0,22,1,0,1,1,0,1,0,0,beca,5,6,3,14.0,5,8,5,12.4,2,83.2,0,0,11.1,0.6,2.02,Activo,0,62.5,0,1.0,12.682016048468585,1,0
2023,3,Ing. Financiera y de Riesgos,4,15,1,1,14,0,20,1,0,0,0,1,1,0,1,ninguno,6,11,3,12.0,6,11,2,11.0,3,80.9,0,0,12.4,0.5,1.79,Activo,0,37.5,1,1.0,11.115243091230976,1,0
2025,1,Lic. en Ciencia de Datos e Inteligencia de Negocios,5,8,4,1,1,0,20,1,0,0,1,0,0,0,1,ninguno,6,9,6,13.166666666666666,6,8,4,14.0,0,67.7,0,0,13.9,-0.3,0.79,Activo,0,12.5,0,0.0,12.678071953610408,0,0
2023,5,Ing. Comercial,1,8,6,1,1,0,19,1,0,1,1,0,1,0,0,beca,6,8,6,13.625,6,7,6,12.166666666666666,0,88.8,1,1,12.7,3.7,-1.7,Activo,0,62.5,0,0.0,12.250422337835415,0,1
2024,4,Ing. Comercio Internacional,2,8,5,1,1,0,18,1,0,1,1,0,1,0,1,credito,7,8,7,14.85,8,9,8,15.61111111111111,0,66.3,0,0,13.9,-0.3,0.79,Activo,0,50.0,1,0.0,14.530052741105074,0,0
2025,5,Lic. en Administración de Empresas,3,1,2,1,1,1,21,1,0,0,1,0,1,0,0,ninguno,5,9,4,10.75,5,6,5,11.4,1,90.3,0,0,11.1,0.6,2.02,Activo,0,62.5,0,0.0,10.376397121833602,0,0
2023,1,Ing. Financiera y de Riesgos,4,6,1,1,1,0,19,1,1,0,1,1,0,0,1,ninguno,7,11,0,0.0,7,11,2,11.666666666666666,7,77.3,0,0,8.9,1.4,3.51,Activo,0,12.5,0,3.0,5.245988153154394,1,0
2025,1,Lic. en Ciencia de Datos e Inteligencia de Negocios,5,14,1,1,1,0,37,1,1,0,1,0,0,0,0,ninguno,6,0,0,0.0,6,0,0,0.0,6,73.7,1,1,13.9,-0.3,0.79,Abandono,1,12.5,0,2.0,0.0,1,1
2024,1,Ing. Comercial,1,1,1,0,1,0,45,2,0,0,1,0,1,0,1,ninguno,12,14,12,14.0,7,12,7,13.857142857142858,0,84.9,0,0,7.6,2.6,0.32,Activo,0,12.5,0,0.0,13.10697850462255,0,0
2024,4,Ing. Comercio Internacional,2,12,1,1,12,1,38,1,0,0,0,1,0,0,0,ninguno,6,8,0,0.0,6,10,0,0.0,6,82.1,0,0,16.2,0.3,-0.92,Abandono,1,50.0,0,1.0,0.0,1,0
2025,1,Lic. en Administración de Empresas,3,12,1,0,9,1,55,6,0,0,0,0,1,0,1,ninguno,5,5,0,0.0,5,5,0,0.0,5,73.9,0,0,7.6,2.6,0.32,Abandono,1,12.5,0,3.0,0.0,1,0
2023,5,Ing. Financiera y de Riesgos,4,12,1,1,1,0,28,5,0,0,0,1,0,0,1,ninguno,6,17,5,13.0,6,11,4,11.75,1,76.6,1,1,13.9,-0.3,0.79,Abandono,1,62.5,0,1.0,11.577898473682447,0,1
2024,7,Lic. en Ciencia de Datos e Inteligencia de Negocios,5,4,1,0,2,0,46,5,0,0,1,0,0,0,1,ninguno,8,12,8,12.375,9,11,5,12.4,0,78.9,0,0,8.9,1.4,3.51,Activo,0,87.5,2,0.0,11.941314085683612,0,0
2024,2,Ing. Comercial,1,1,4,1,1,0,22,1,0,0,1,0,1,1,1,ninguno,0,0,0,0.0,0,0,0,0.0,0,68.8,0,0,16.2,0.3,-0.92,Activo,0,25.0,0,0.0,0.0,0,0
2023,1,Ing. Comercio Internacional,2,12,2,1,12,0,46,2,0,0,1,0,0,0,0,ninguno,6,10,5,11.4,6,9,4,13.75,1,78.9,1,1,12.4,0.5,1.79,Abandono,1,12.5,0,0.0,11.942340773098781,0,1
2023,6,Lic. en Administración de Empresas,3,12,1,0,1,0,28,1,0,0,1,0,0,0,1,ninguno,5,9,4,11.25,5,7,4,13.0,1,83.2,3,1,7.6,2.6,0.32,Activo,0,75.0,0,1.0,11.510454078289317,0,1
2025,2,Ing. Financiera y de Riesgos,4,1,3,1,1,0,18,1,0,0,0,1,1,0,1,ninguno,5,7,3,13.0,5,8,3,12.0,2,74.5,2,1,7.6,2.6,0.32,Abandono,1,25.0,0,1.0,11.703994612454501,1,1
2024,2,Lic. en Ciencia de Datos e Inteligencia de Negocios,5,7,1,1,1,1,18,1,0,1,1,0,1,0,1,beca,0,0,0,0.0,0,0,0,0.0,0,82.7,0,0,10.8,1.4,1.74,Activo,0,25.0,0,0.0,0.0,0,0
2024,7,Ing. Comercial,1,1,1,1,1,1,21,1,0,1,1,0,1,0,0,beca,6,6,6,13.5,6,6,6,14.166666666666666,0,69.7,3,1,12.7,3.7,-1.7,Activo,0,87.5,0,0.0,13.082256019736025,0,1
2025,3,Ing. Comercio Internacional,2,7,2,1,1,0,18,1,0,0,1,0,1,0,0,ninguno,6,11,1,11.0,6,11,4,11.0,5,79.2,1,1,7.6,2.6,0.32,Activo,0,37.5,1,1.0,10.20016196854118,1,1
2025,1,Lic. en Administración de Empresas,3,14,1,0,1,0,34,1,0,0,1,0,0,0,1,ninguno,5,9,0,0.0,5,10,1,11.0,5,61.6,2,1,13.9,-0.3,0.79,Abandono,1,12.5,0,3.0,4.9951710908035745,1,1
2025,3,Ing. Financiera y de Riesgos,4,8,1,1,1,0,21,1,0,1,1,0,1,0,0,mixto,6,9,5,12.0,6,8,5,11.2,1,73.7,1,1,10.8,1.4,1.74,Abandono,1,37.5,1,0.0,11.074366681739669,0,1
2023,3,Lic. en Ciencia de Datos e Inteligencia de Negocios,5,1,1,1,1,0,18,1,0,1,1,0,1,0,1,beca,6,8,5,13.0,6,7,6,13.0,1,70.5,0,0,15.5,2.8,-4.06,Activo,0,37.5,0,0.0,12.393401576473112,0,0
2024,8,Ing. Comercial,1,1,1,1,1,1,20,1,0,0,1,0,1,0,0,ninguno,0,0,0,0.0,0,0,0,0.0,0,86.6,0,0,7.6,2.6,0.32,Activo,0,100.0,0,0.0,0.0,0,0
2025,2,Ing. Comercio Internacional,2,1,1,1,1,0,18,1,0,0,1,0,1,0,0,ninguno,5,8,4,12.0,5,8,4,12.25,1,78.2,2,1,9.4,-0.8,-3.12,Activo,0,25.0,0,1.0,11.135543491720396,0,1
2025,1,Lic. en Administración de Empresas,3,8,2,1,1,1,21,1,0,0,1,0,1,0,0,ninguno,5,10,5,11.166666666666666,5,10,3,10.8,0,79.7,0,0,12.4,0.5,1.79,Activo,0,12.5,1,0.0,10.113496984838333,0,0
2025,6,Ing. Financiera y de Riesgos,4,8,1,1,1,1,19,1,0,0,1,0,1,0,1,ninguno,6,13,2,10.5,6,11,1,12.0,4,81.2,1,1,10.8,1.4,1.74,Abandono,1,75.0,0,2.0,10.83474171822078,1,1
2024,1,Lic. en Ciencia de Datos e Inteligencia de Negocios,5,8,2,0,1,1,22,1,0,0,1,0,1,0,0,ninguno,6,7,6,12.666666666666666,6,6,6,12.166666666666666,0,85.7,2,1,7.6,2.6,0.32,Activo,0,12.5,2,0.0,12.112750757549357,0,1
2025,2,Ing. Comercial,1,15,1,1,14,1,23,1,0,0,1,0,0,0,0,ninguno,6,6,1,11.0,6,8,0,0.0,5,82.9,0,0,15.5,2.8,-4.06,Abandono,1,25.0,0,2.0,5.170051712226913,1,0
2023,2,Ing. Comercio Internacional,2,8,4,1,1,1,19,1,0,0,1,0,1,0,0,ninguno,0,0,0,0.0,0,0,0,0.0,0,86.8,1,1,9.4,-0.8,-3.12,Abandono,1,25.0,0,0.0,0.0,0,1
2023,4,Lic. en Administración de Empresas,3,1,4,1,1,1,18,1,0,0,1,0,1,0,0,ninguno,5,6,4,11.5,5,12,2,10.333333333333334,1,100.0,0,0,10.8,1.4,1.74,Activo,0,50.0,2,0.0,10.536662766580868,0,0
2023,7,Ing. Financiera y de Riesgos,4,1,3,1,1,1,19,1,0,1,0,1,1,0,1,beca,0,0,0,0.0,0,0,0,0.0,0,91.7,1,1,9.4,-0.8,-3.12,Abandono,1,87.5,0,0.0,0.0,0,1
2025,1,Lic. en Ciencia de Datos e Inteligencia de Negocios,5,8,1,1,1,1,19,1,0,0,1,0,1,0,1,ninguno,5,10,2,10.5,5,5,4,11.75,3,89.8,2,1,12.4,0.5,1.79,Activo,0,12.5,0,1.0,10.224403344090849,1,1
2025,1,Ing. Comercial,1,1,1,1,1,1,19,1,0,0,1,0,0,0,0,ninguno,5,8,4,12.5,5,6,4,11.0,1,67.4,2,1,7.6,2.6,0.32,Activo,0,12.5,1,0.0,10.93427484536074,0,1
2024,4,Ing. Comercio Internacional,2,1,2,1,1,1,22,1,0,0,1,0,1,0,0,ninguno,7,9,6,12.833333333333334,8,12,6,12.5,1,75.0,1,1,16.2,0.3,-0.92,Activo,0,50.0,0,0.0,12.215740322509134,0,1
2025,1,Lic. en Administración de Empresas,3,1,1,1,1,1,18,1,0,1,1,0,0,0,0,credito,6,7,6,15.571428571428571,6,7,6,16.142857142857142,0,80.1,1,1,13.9,-0.3,0.79,Activo,0,12.5,0,0.0,15.277633377924808,0,1
2023,2,Ing. Financiera y de Riesgos,4,8,1,1,1,1,18,1,0,0,1,0,1,0,1,ninguno,6,10,4,12.0,6,7,5,11.8,2,94.1,3,1,9.4,-0.8,-3.12,Abandono,1,25.0,0,1.0,11.244474053328107,1,1
2023,2,Lic. en Ciencia de Datos e Inteligencia de Negocios,5,8,1,1,1,1,19,1,0,0,1,1,0,0,0,ninguno,6,6,4,11.25,6,6,3,11.333333333333334,2,87.6,1,1,16.2,0.3,-0.92,Abandono,1,25.0,1,1.0,10.424522572014332,1,1
2023,1,Ing. Comercial,1,1,4,1,1,1,18,1,0,0,1,0,1,0,0,ninguno,0,0,0,0.0,0,0,0,0.0,0,83.2,0,0,11.1,0.6,2.02,Activo,0,12.5,2,0.0,0.0,0,0
2023,7,Ing. Comercio Internacional,2,8,6,1,1,1,21,1,0,0,1,0,0,0,0,ninguno,6,10,6,12.285714285714286,6,11,4,14.25,0,70.9,0,0,15.5,2.8,-4.06,Activo,0,87.5,0,0.0,12.331054324521698,0,0
2023,8,Lic. en Administración de Empresas,3,1,2,1,1,1,18,1,0,0,1,0,1,0,1,ninguno,6,12,5,11.0,6,11,3,10.333333333333334,1,87.0,0,0,9.4,-0.8,-3.12,Activo,0,100.0,0,0.0,10.010194991314656,0,0
2023,4,Ing. Financiera y de Riesgos,4,15,1,1,14,1,19,1,0,0,1,0,1,0,0,ninguno,6,8,6,12.142857142857142,6,11,5,13.6,0,72.4,0,0,12.4,0.5,1.79,Activo,0,50.0,1,0.0,12.085436248923466,0,0
2025,3,Lic. en Ciencia de Datos e Inteligencia de Negocios,5,12,1,1,12,1,27,1,0,0,0,1,0,0,1,ninguno,6,11,2,11.5,6,7,0,0.0,4,78.5,0,0,8.9,1.4,3.51,Abandono,1,37.5,0,1.0,5.371739740136244,1,0
2025,6,Ing. Comercial,1,17,1,1,16,1,20,1,0,0,1,1,1,0,0,ninguno,12,16,11,12.545454545454543,10,12,8,11.625,1,82.2,0,0,8.9,1.4,3.51,Activo,0,75.0,1,0.0,11.389525000759484,0,0
2024,4,Ing. Comercio Internacional,2,1,5,1,1,1,20,1,0,0,1,0,1,0,0,ninguno,6,10,4,13.0,6,6,6,13.0,2,85.8,1,1,12.4,0.5,1.79,Activo,0,50.0,1,1.0,12.525915733370205,1,1
2024,5,Lic. en Administración de Empresas,3,1,6,1,1,1,18,1,0,0,1,0,1,0,0,ninguno,8,9,8,12.8875,8,9,8,12.8875,0,89.0,0,0,9.4,-0.8,-3.12,Activo,0,62.5,0,0.0,12.285298180481371,0,0
2023,1,Ing. Financiera y de Riesgos,4,8,1,1,1,1,18,1,0,0,1,0,1,0,0,ninguno,6,6,6,12.666666666666666,6,7,5,13.6,0,78.8,0,0,12.4,0.5,1.79,Activo,0,12.5,0,0.0,12.38949797751863,0,0
2025,6,Lic. en Ciencia de Datos e Inteligencia de Negocios,5,1,2,1,1,1,18,1,0,0,1,0,1,0,0,ninguno,6,7,6,12.833333333333334,6,7,6,12.571428571428571,0,70.1,0,0,8.9,1.4,3.51,Activo,0,75.0,1,0.0,12.222490795883306,0,0
2024,8,Ing. Comercial,1,1,1,1,1,1,18,1,0,0,1,0,1,0,0,ninguno,5,10,3,10.666666666666666,5,11,2,12.5,2,83.1,0,0,9.4,-0.8,-3.12,Abandono,1,100.0,2,1.0,11.2468037928756,1,0
2023,5,Ing. Comercio Internacional,2,7,5,1,1,1,18,1,0,0,1,0,1,0,0,ninguno,5,11,5,13.0,5,7,5,12.4,0,79.4,1,1,9.4,-0.8,-3.12,Activo,0,62.5,1,0.0,12.392836300513869,0,1
2023,3,Lic. en Administración de Empresas,3,8,2,1,1,0,18,1,0,0,1,0,1,0,0,ninguno,7,11,6,11.983333333333334,8,12,8,12.28125,1,82.4,2,1,16.2,0.3,-0.92,Activo,0,37.5,0,0.0,11.816779991785502,0,1
2024,8,Ing. Financiera y de Riesgos,4,12,1,0,11,0,37,1,0,0,0,0,1,0,1,ninguno,5,9,0,0.0,5,5,0,0.0,5,80.5,1,1,9.4,-0.8,-3.12,Abandono,1,100.0,0,2.0,0.0,1,1
2024,3,Lic. en Ciencia de Datos e Inteligencia de Negocios,5,12,1,0,1,0,36,2,0,1,1,0,0,0,0,beca,6,6,6,11.833333333333334,6,6,6,11.5,0,64.2,1,1,10.8,1.4,1.74,Activo,0,37.5,1,0.0,11.289418127076155,1,1
2023,6,Ing. Comercial,1,12,1,1,12,0,26,2,0,0,1,0,1,0,0,ninguno,6,21,3,12.666666666666666,6,15,2,11.0,3,71.3,0,0,15.5,2.8,-4.06,Abandono,1,75.0,0,1.0,11.36569123313424,1,0
2023,4,Ing. Comercio Internacional,2,1,1,1,1,0,19,1,0,0,1,0,0,0,0,ninguno,5,9,4,13.75,5,8,4,14.5,1,64.5,0,0,7.6,2.6,0.32,Activo,0,50.0,0,1.0,13.67014494007239,1,0
2023,8,Lic. en Administración de Empresas,3,12,1,0,1,0,24,1,0,0,1,0,1,0,0,ninguno,6,8,5,11.4,6,8,5,11.8,1,75.9,2,1,15.5,2.8,-4.06,Abandono,1,100.0,0,0.0,10.609242384074074,0,1
2025,2,Ing. Financiera y de Riesgos,4,1,2,1,1,0,19,1,1,1,1,0,1,0,0,beca,6,8,6,13.166666666666666,6,6,6,13.0,0,77.9,1,1,11.1,0.6,2.02,Abandono,1,25.0,0,0.0,12.569129059687072,0,1
2024,2,Lic. en Ciencia de Datos e Inteligencia de Negocios,5,13,1,1,1,0,20,1,0,1,1,0,1,0,1,beca,7,10,6,12.833333333333334,8,8,5,11.8,1,100.0,0,0,12.7,3.7,-1.7,Activo,0,25.0,1,0.0,11.927472118315087,0,0
2024,7,Ing. Comercial,1,9,1,1,1,0,19,1,0,0,1,0,1,0,0,ninguno,6,8,6,14.125,6,10,5,14.5,0,74.1,3,1,11.1,0.6,2.02,Activo,0,87.5,0,0.0,13.63060621908257,0,1
2024,7,Ing. Comercio Internacional,2,1,1,1,1,0,21,1,0,0,1,0,1,0,0,ninguno,5,10,3,11.666666666666666,5,5,5,13.0,2,71.9,0,0,10.8,1.4,1.74,Activo,0,87.5,1,1.0,11.432763114555076,1,0
2024,2,Lic. en Administración de Empresas,3,12,1,1,1,0,50,2,0,0,0,0,0,0,0,ninguno,7,18,6,10.25,7,14,4,11.25,1,70.6,2,1,12.7,3.7,-1.7,Abandono,1,25.0,1,1.0,9.975357736248627,0,1
2025,7,Ing. Financiera y de Riesgos,4,12,1,1,1,0,47,2,0,0,1,0,0,0,0,ninguno,7,16,6,12.514285714285716,7,15,4,11.75,1,81.4,0,0,12.7,3.7,-1.7,Abandono,1,87.5,0,1.0,11.624885394748043,0,0
2024,1,Lic. en Ciencia de Datos e Inteligencia de Negocios,5,13,1,1,1,0,24,1,0,0,1,0,0,0,1,ninguno,13,17,10,11.5,13,18,9,10.444444444444445,3,82.8,2,1,16.2,0.3,-0.92,Abandono,1,12.5,0,2.0,10.279090910368202,1,1
2023,1,Ing. Comercial,1,12,1,0,1,0,48,1,0,0,0,0,0,0,1,ninguno,5,5,1,10.0,5,5,0,0.0,4,74.4,0,0,15.5,2.8,-4.06,Abandono,1,12.5,1,1.0,4.1996008180597135,1,0
2024,2,Ing. Comercio Internacional,2,1,1,1,1,0,18,1,0,1,1,0,1,0,0,beca,6,7,6,15.714285714285714,6,17,5,12.77777777777778,0,78.3,2,1,12.4,0.5,1.79,Activo,0,25.0,0,0.0,13.436358601374327,0,1
2023,5,Lic. en Administración de Empresas,3,15,1,0,14,1,32,1,0,0,1,0,1,0,1,ninguno,6,9,4,12.5,7,7,4,11.0,2,92.1,1,1,9.4,-0.8,-3.12,Abandono,1,62.5,0,1.0,10.983423081291617,1,1
2025,7,Ing. Financiera y de Riesgos,4,1,1,1,1,1,20,1,0,0,0,0,1,0,0,ninguno,5,6,3,12.0,5,5,4,12.75,2,73.3,0,0,7.6,2.6,0.32,Abandono,1,87.5,0,1.0,11.465432702657068,1,0
2023,7,Lic. en Ciencia de Datos e Inteligencia de Negocios,5,12,1,1,1,1,24,1,0,0,1,1,0,0,1,ninguno,5,11,0,0.0,5,5,0,0.0,5,85.9,1,1,16.2,0.3,-0.92,Abandono,1,87.5,0,2.0,0.0,1,1
2025,3,Ing. Comercial,1,12,1,1,12,1,53,2,0,0,1,0,0,0,0,ninguno,5,9,4,12.25,5,8,4,11.75,1,82.1,1,1,9.4,-0.8,-3.12,Activo,0,37.5,0,1.0,11.294744408415097,0,1
2025,3,Ing. Comercio Internacional,2,12,1,1,12,1,42,2,0,0,0,1,0,0,0,ninguno,4,5,0,0.0,4,4,0,0.0,4,89.2,0,0,13.9,-0.3,0.79,Abandono,1,37.5,1,2.0,0.0,1,0
2023,4,Lic. en Administración de Empresas,3,12,1,0,9,1,52,2,0,0,1,0,1,0,0,ninguno,5,5,5,13.6,5,5,5,14.2,0,76.3,1,1,7.6,2.6,0.32,Activo,0,50.0,0,0.0,13.150900793104428,0,1
2024,8,Ing. Financiera y de Riesgos,4,14,1,0,1,1,54,1,0,0,1,0,0,0,0,ninguno,13,14,13,13.307692307692308,11,12,11,12.818181818181818,0,94.2,2,1,12.7,3.7,-1.7,Activo,0,100.0,0,0.0,12.19018866197774,0,1
2024,3,Lic. en Ciencia de Datos e Inteligencia de Negocios,5,12,1,0,1,1,49,2,0,0,1,0,0,0,1,ninguno,5,6,5,12.2,5,9,5,11.8,0,87.2,0,0,15.5,2.8,-4.06,Activo,0,37.5,1,0.0,11.69604352661117,0,0
2023,1,Ing. Comercial,1,8,1,1,1,1,18,1,0,1,1,0,0,0,0,credito,6,7,6,12.285714285714286,6,7,6,13.333333333333334,0,84.5,0,0,16.2,0.3,-0.92,Activo,0,12.5,0,0.0,11.815125903213413,0,0
2024,2,Ing. Comercio Internacional,2,12,1,1,1,1,37,2,0,0,1,0,1,0,0,ninguno,5,12,3,12.0,5,8,4,13.0,2,80.8,0,0,10.8,1.4,1.74,Activo,0,25.0,0,1.0,12.07197435936956,1,0
2024,6,Lic. en Administración de Empresas,3,1,1,1,1,1,21,1,0,1,1,0,0,0,0,credito,7,9,6,13.342857142857143,8,10,7,11.65,1,90.3,0,0,12.4,0.5,1.79,Activo,0,75.0,0,0.0,11.867254281466588,0,0
2025,2,Ing. Financiera y de Riesgos,4,12,1,1,7,1,26,1,0,0,1,1,0,0,1,ninguno,5,5,0,0.0,5,5,0,0.0,5,59.4,0,0,9.4,-0.8,-3.12,Abandono,1,25.0,0,2.0,0.0,1,0
2023,5,Lic. en Ciencia de Datos e Inteligencia de Negocios,5,1,1,1,1,1,20,1,0,0,1,0,1,0,1,ninguno,12,12,11,14.272727272727272,12,12,11,14.818181818181818,1,73.6,2,1,16.2,0.3,-0.92,Activo,0,62.5,1,0.0,14.087926266123606,0,1
2024,1,Ing. Comercial,1,1,4,1,1,0,19,1,0,1,1,0,1,0,1,mixto,7,9,7,12.1375,8,9,8,12.91111111111111,0,72.0,0,0,12.4,0.5,1.79,Activo,0,12.5,0,0.0,11.890548898825285,0,0
2023,3,Ing. Comercio Internacional,2,1,2,1,1,0,18,1,0,0,1,0,1,0,1,ninguno,6,7,6,14.166666666666666,6,7,6,14.857142857142858,0,69.5,2,1,9.4,-0.8,-3.12,Activo,0,37.5,0,0.0,14.119097235777938,0,1
2024,3,Lic. en Administración de Empresas,3,8,5,1,1,0,18,1,0,0,1,0,1,0,0,ninguno,7,7,7,13.528571428571428,8,9,8,14.655555555555557,0,83.6,1,1,12.4,0.5,1.79,Activo,0,37.5,1,0.0,13.515510064291757,0,1
2023,1,Ing. Financiera y de Riesgos,4,8,2,0,1,0,20,1,0,0,1,0,0,0,1,ninguno,6,8,5,12.0,6,8,6,11.0,1,79.3,1,1,10.8,1.4,1.74,Activo,0,12.5,0,0.0,11.076005181644899,0,1
2025,3,Lic. en Ciencia de Datos e Inteligencia de Negocios,5,8,4,1,1,0,20,1,0,0,1,0,1,0,1,ninguno,5,5,5,11.4,6,11,1,11.0,0,77.4,0,0,10.8,1.4,1.74,Abandono,1,37.5,0,0.0,10.64546057586019,0,0
2024,3,Ing. Comercial,1,1,2,1,1,0,21,1,0,0,1,0,1,0,0,ninguno,0,0,0,0.0,0,0,0,0.0,0,100.0,0,0,8.9,1.4,3.51,Abandono,1,37.5,1,0.0,0.0,0,0
2023,6,Ing. Comercio Internacional,2,1,2,1,1,0,22,1,0,0,1,0,1,0,1,ninguno,12,12,12,12.916666666666666,11,16,11,14.5,0,79.9,0,0,8.9,1.4,3.51,Activo,0,75.0,0,0.0,12.7131137806145,0,0
2025,1,Lic. en Administración de Empresas,3,14,1,1,1,0,18,1,0,1,1,0,0,0,1,beca,7,8,7,13.6375,8,8,8,14.3875,0,76.4,0,0,13.9,-0.3,0.79,Activo,0,12.5,0,0.0,13.016130879487358,0,0
2024,4,Ing. Financiera y de Riesgos,4,1,5,1,1,0,18,1,0,0,1,0,1,0,0,ninguno,7,10,7,12.9,8,15,7,12.142857142857142,0,94.9,1,1,15.5,2.8,-4.06,Abandono,1,50.0,0,0.0,12.141078176366143,0,1
2025,1,Lic. en Ciencia de Datos e Inteligencia de Negocios,5,1,1,1,1,0,19,1,0,1,1,0,1,0,1,beca,8,8,7,14.36,8,8,7,14.36,1,79.4,0,0,10.8,1.4,1.74,Activo,0,12.5,0,1.0,13.551821854470155,0,0
2023,3,Ing. Comercial,1,1,1,1,1,0,19,1,0,0,1,0,0,0,1,ninguno,8,8,7,14.514285714285714,8,8,7,14.514285714285714,1,82.4,0,0,12.7,3.7,-1.7,Activo,0,37.5,1,0.0,14.178063878517344,0,0
2024,2,Ing. Comercio Internacional,2,1,3,1,1,0,18,1,0,0,1,0,1,0,0,ninguno,8,8,7,14.7,8,8,7,14.7,1,71.9,1,1,10.8,1.4,1.74,Activo,0,25.0,0,0.0,14.378865589263967,0,1
2024,3,Lic. en Administración de Empresas,3,4,1,0,15,0,27,1,0,0,1,0,0,0,1,ninguno,5,5,5,15.2,5,6,5,14.0,0,84.9,0,0,11.1,0.6,2.02,Activo,0,37.5,0,0.0,14.226266274028525,0,0
2023,1,Ing. Financiera y de Riesgos,4,1,3,1,1,0,20,1,0,1,1,0,1,0,1,beca,7,7,7,13.0,8,8,8,15.0625,0,83.8,0,0,12.4,0.5,1.79,Activo,0,12.5,1,0.0,13.055410040094447,0,0
2024,2,Lic. en Ciencia de Datos e Inteligencia de Negocios,5,1,2,1,1,0,20,1,0,0,1,0,1,0,0,ninguno,6,6,6,13.5,6,6,0,0.0,0,76.8,2,1,12.7,3.7,-1.7,Abandono,1,25.0,1,0.0,5.791395516473711,0,1
2023,5,Ing. Comercial,1,1,2,1,1,0,20,1,0,0,1,0,1,0,0,ninguno,5,11,5,12.333333333333334,5,7,5,12.6,0,76.4,1,1,9.4,-0.8,-3.12,Activo,0,62.5,0,0.0,12.03091719247019,0,1
2024,4,Ing. Comercio Internacional,2,1,1,1,1,0,19,1,0,0,1,0,0,0,1,ninguno,5,6,5,13.4,5,6,5,13.0,0,74.3,0,0,16.2,0.3,-0.92,Activo,0,50.0,0,0.0,12.786829365112402,0,0
2024,3,Lic. en Administración de Empresas,3,1,2,1,1,0,20,1,0,0,1,0,0,0,0,ninguno,5,7,4,11.75,5,9,2,10.5,1,69.4,0,0,7.6,2.6,0.32,Activo,0,37.5,0,0.0,10.656625439438837,0,0
2025,2,Ing. Financiera y de Riesgos,4,14,3,1,1,0,20,1,0,1,1,0,1,0,0,credito,0,0,0,0.0,0,0,0,0.0,0,81.5,0,0,7.6,2.6,0.32,Activo,0,25.0,0,0.0,0.0,0,0
2024,8,Lic. en Ciencia de Datos e Inteligencia de Negocios,5,1,1,1,1,0,20,1,0,0,1,0,1,0,0,ninguno,0,0,0,0.0,0,0,0,0.0,0,97.0,2,1,13.9,-0.3,0.79,Activo,0,100.0,0,0.0,0.0,0,1
2025,2,Ing. Comercial,1,17,1,1,16,0,27,1,0,0,1,0,1,0,0,ninguno,12,17,11,14.727272727272728,9,10,7,14.142857142857142,1,73.2,0,0,8.9,1.4,3.51,Activo,0,25.0,0,0.0,13.979949533757322,0,0
2023,2,Ing. Comercio Internacional,2,1,2,1,1,0,18,1,0,0,1,0,1,0,1,ninguno,6,7,6,16.571428571428573,6,6,6,15.666666666666666,0,71.5,0,0,13.9,-0.3,0.79,Activo,0,25.0,1,0.0,15.289411667384659,0,0
2023,1,Lic. en Administración de Empresas,3,1,1,1,1,0,18,1,0,0,1,0,0,0,0,ninguno,7,10,7,15.145,8,8,8,15.7425,0,88.6,1,1,15.5,2.8,-4.06,Activo,0,12.5,1,0.0,14.927062781418144,0,1
2024,6,Ing. Financiera y de Riesgos,4,8,1,1,1,0,18,1,0,1,1,0,0,0,0,beca,7,7,7,13.44285714285714,8,8,8,15.075,0,67.4,0,0,13.9,-0.3,0.79,Activo,0,75.0,0,0.0,13.313436643557981,0,0
2024,3,Lic. en Ciencia de Datos e Inteligencia de Negocios,5,1,1,1,1,0,20,1,0,0,1,0,0,0,0,ninguno,5,8,5,14.166666666666666,5,6,4,11.75,0,88.1,0,0,9.4,-0.8,-3.12,Activo,0,37.5,0,0.0,12.19862743881362,0,0
2024,3,Ing. Comercial,1,1,1,1,1,0,19,1,0,0,1,0,1,0,0,ninguno,6,7,6,14.0,6,7,5,15.0,0,85.5,0,0,11.1,0.6,2.02,Activo,0,37.5,0,0.0,13.894554163987472,0,0
2025,5,Ing. Comercio Internacional,2,8,1,1,1,0,20,1,0,1,1,0,0,0,0,mixto,6,9,6,11.333333333333334,6,6,6,12.333333333333334,0,80.3,0,0,10.8,1.4,1.74,Activo,0,62.5,0,0.0,10.980394932141342,0,0
2023,5,Lic. en Administración de Empresas,3,1,4,1,1,0,18,1,0,0,1,0,1,0,0,ninguno,8,8,8,13.76125,8,8,8,13.76125,0,64.6,1,1,9.4,-0.8,-3.12,Activo,0,62.5,0,0.0,12.888709761767336,1,1
2025,8,Ing. Financiera y de Riesgos,4,15,1,1,14,0,22,1,0,0,0,1,0,0,0,ninguno,7,9,5,11.6,9,9,5,10.0,2,93.7,1,1,12.4,0.5,1.79,Abandono,1,100.0,0,1.0,10.29666287607374,1,1
2023,2,Lic. en Ciencia de Datos e Inteligencia de Negocios,5,8,1,0,1,0,22,1,0,1,1,1,0,0,1,beca,6,7,4,12.75,6,8,5,13.0,2,78.5,2,1,13.9,-0.3,0.79,Activo,0,25.0,0,1.0,12.33719981931474,1,1
2023,1,Ing. Comercial,1,12,1,0,1,0,25,1,0,0,1,0,0,0,1,ninguno,5,12,4,12.5,5,10,4,11.0,1,81.7,0,0,13.9,-0.3,0.79,Activo,0,12.5,0,0.0,10.794831392389977,0,0
2023,3,Ing. Comercio Internacional,2,1,1,1,1,0,19,1,0,0,1,0,0,0,0,ninguno,6,13,6,15.307692307692308,6,9,6,14.0,0,84.2,2,1,15.5,2.8,-4.06,Activo,0,37.5,2,0.0,14.238527426991864,0,1
2025,1,Lic. en Administración de Empresas,3,15,1,1,14,0,21,1,0,0,0,0,1,0,0,ninguno,6,12,5,13.285714285714286,6,10,4,12.0,1,76.1,0,0,16.2,0.3,-0.92,Abandono,1,12.5,1,0.0,12.31335185098309,0,0
2023,2,Ing. Financiera y de Riesgos,4,12,1,1,15,0,27,1,0,0,1,0,1,0,1,ninguno,7,7,7,14.757142857142856,8,9,8,14.077777777777778,0,91.1,0,0,16.2,0.3,-0.92,Activo,0,25.0,0,0.0,13.799621591633633,0,0
2023,2,Lic. en Ciencia de Datos e Inteligencia de Negocios,5,8,4,1,1,0,18,1,0,0,1,0,1,0,0,ninguno,7,7,6,12.766666666666666,7,7,6,12.766666666666666,1,63.8,1,1,7.6,2.6,0.32,Activo,0,25.0,1,1.0,11.905819736496126,1,1
2023,4,Ing. Comercial,1,8,3,1,1,0,18,1,0,0,0,0,0,0,0,ninguno,5,5,5,10.4,6,13,0,0.0,0,85.6,2,1,10.8,1.4,1.74,Abandono,1,50.0,0,0.0,4.359832325582478,0,1
2024,6,Ing. Comercio Internacional,2,8,1,1,1,1,19,1,0,0,1,0,1,0,0,ninguno,7,0,0,0.0,7,0,0,0.0,7,72.2,2,1,11.1,0.6,2.02,Abandono,1,75.0,0,3.0,0.0,1,1
2025,1,Lic. en Administración de Empresas,3,12,1,0,1,1,35,5,0,1,1,0,0,0,1,beca,5,10,4,10.5,5,6,5,12.6,1,84.1,1,1,8.9,1.4,3.51,Activo,0,12.5,0,0.0,10.876759534941673,0,1
2025,1,Ing. Financiera y de Riesgos,4,8,1,1,1,1,23,1,0,0,1,0,0,0,0,ninguno,5,6,4,14.25,5,6,5,13.4,1,86.6,0,0,7.6,2.6,0.32,Activo,0,12.5,0,0.0,13.454954729903426,0,0
2024,1,Lic. en Ciencia de Datos e Inteligencia de Negocios,5,12,1,1,1,1,28,1,0,0,1,0,0,0,1,ninguno,7,11,3,11.916666666666666,7,17,0,0.0,4,76.2,0,0,16.2,0.3,-0.92,Abandono,1,12.5,1,1.0,5.246251051298122,1,0
2023,8,Ing. Comercial,1,1,1,1,1,1,19,1,0,0,1,0,1,0,0,ninguno,5,10,3,10.666666666666666,5,9,2,14.0,2,83.8,2,1,7.6,2.6,0.32,Activo,0,100.0,0,1.0,11.488456403286085,1,1
2025,4,Ing. Comercio Internacional,2,1,1,1,1,1,19,1,0,0,1,0,0,0,0,ninguno,6,11,4,12.25,6,10,3,12.666666666666666,2,74.7,1,1,7.6,2.6,0.32,Activo,0,50.0,1,1.0,12.093003649144453,1,1
2024,2,Lic. en Administración de Empresas,3,1,2,1,1,1,20,1,0,0,1,1,1,0,0,ninguno,5,5,4,12.0,5,6,5,11.6,1,86.4,3,1,9.4,-0.8,-3.12,Abandono,1,25.0,0,0.0,11.379139819231687,0,1
2025,2,Ing. Financiera y de Riesgos,4,1,1,1,1,1,21,1,0,0,1,0,1,0,0,ninguno,5,7,3,11.0,5,5,4,12.75,2,62.6,1,1,7.6,2.6,0.32,Abandono,1,25.0,0,1.0,11.56639653719103,1,1
2025,1,Lic. en Ciencia de Datos e Inteligencia de Negocios,5,8,3,1,1,1,18,1,0,0,1,0,1,0,1,ninguno,6,6,6,14.166666666666666,6,8,5,13.0,0,88.4,0,0,10.8,1.4,1.74,Activo,0,12.5,0,0.0,12.867776527720565,0,0
2025,3,Ing. Comercial,1,1,5,1,1,1,22,1,0,0,1,0,1,0,0,ninguno,6,6,6,14.666666666666666,6,6,6,15.0,0,66.5,0,0,9.4,-0.8,-3.12,Activo,0,37.5,1,0.0,13.9126192589712,0,0
2023,3,Ing. Comercio Internacional,2,8,3,1,1,1,21,1,0,0,1,0,1,0,0,ninguno,5,11,0,0.0,5,10,5,12.285714285714286,5,66.9,0,0,10.8,1.4,1.74,Activo,0,37.5,1,2.0,5.373392821655674,1,0
2024,1,Lic. en Administración de Empresas,3,4,1,1,3,1,38,1,0,0,0,1,0,0,0,ninguno,7,8,3,12.666666666666666,5,5,0,0.0,4,95.7,1,1,13.9,-0.3,0.79,Abandono,1,12.5,1,1.0,5.345905272019646,1,1
2024,2,Ing. Financiera y de Riesgos,4,1,1,1,1,1,20,1,0,0,1,0,1,0,1,ninguno,0,0,0,0.0,0,0,0,0.0,0,89.6,2,1,10.8,1.4,1.74,Activo,0,25.0,1,0.0,0.0,0,1
2025,8,Lic. en Ciencia de Datos e Inteligencia de Negocios,5,14,4,1,1,1,19,1,0,0,1,0,1,0,0,ninguno,0,0,0,0.0,0,0,0,0.0,0,86.3,2,1,7.6,2.6,0.32,Abandono,1,100.0,1,0.0,0.0,0,1
2025,1,Ing. Comercial,1,4,1,1,1,1,24,1,0,0,1,0,0,0,1,ninguno,5,0,0,0.0,5,0,0,0.0,5,96.4,0,0,7.6,2.6,0.32,Abandono,1,12.5,0,2.0,0.0,1,0
2023,5,Ing. Comercio Internacional,2,9,3,1,1,1,19,1,0,0,0,0,1,0,1,ninguno,6,0,0,0.0,6,0,0,0.0,6,77.7,0,0,12.7,3.7,-1.7,Abandono,1,62.5,1,2.0,0.0,1,0
2024,5,Lic. en Administración de Empresas,3,1,1,1,1,1,19,1,0,1,1,0,1,0,1,mixto,7,7,7,13.7,8,9,8,14.022222222222222,0,88.9,2,1,16.2,0.3,-0.92,Activo,0,62.5,1,0.0,12.879642524825034,0,1
2025,3,Ing. Financiera y de Riesgos,4,1,1,1,1,1,19,1,0,0,1,0,0,0,0,ninguno,5,7,5,11.8,5,8,4,12.4,0,91.7,0,0,16.2,0.3,-0.92,Activo,0,37.5,0,0.0,11.598443576280012,0,0
2025,3,Lic. en Ciencia de Datos e Inteligencia de Negocios,5,12,1,1,3,1,31,1,0,0,1,0,0,0,0,ninguno,5,0,0,0.0,5,0,0,0.0,5,62.0,0,0,10.8,1.4,1.74,Abandono,1,37.5,0,2.0,0.0,1,0
2024,6,Ing. Comercial,1,8,1,1,1,1,19,1,0,1,1,0,1,0,0,beca,6,6,6,13.333333333333334,6,7,6,13.285714285714286,0,89.4,1,1,8.9,1.4,3.51,Activo,0,75.0,0,0.0,12.392999805571877,0,1
2025,2,Ing. Comercio Internacional,2,8,1,1,1,1,22,1,0,0,1,0,1,0,1,ninguno,6,7,5,11.4,6,6,6,12.166666666666666,1,83.9,1,1,7.6,2.6,0.32,Activo,0,25.0,0,0.0,10.952973001711253,0,1
2023,6,Lic. en Administración de Empresas,3,12,1,1,1,1,25,1,0,0,1,0,0,0,0,ninguno,5,5,0,0.0,5,5,0,0.0,5,62.3,0,0,7.6,2.6,0.32,Abandono,1,75.0,0,2.0,0.0,1,0
2024,1,Ing. Financiera y de Riesgos,4,1,1,1,1,1,18,1,0,0,1,0,1,0,0,ninguno,7,7,7,16.142857142857142,8,9,0,0.0,0,85.4,0,0,16.2,0.3,-0.92,Abandono,1,12.5,0,0.0,7.68742664669675,0,0
2023,8,Lic. en Ciencia de Datos e Inteligencia de Negocios,5,4,1,1,3,1,30,1,0,0,1,0,1,0,0,ninguno,8,8,0,0.0,8,8,0,0.0,8,93.1,0,0,9.4,-0.8,-3.12,Abandono,1,100.0,0,2.0,0.0,1,0
2024,2,Ing. Comercial,1,1,1,1,1,1,18,1,0,1,1,0,0,0,1,beca,8,8,8,15.63375,8,8,8,15.63375,0,75.0,1,1,9.4,-0.8,-3.12,Activo,0,25.0,0,0.0,15.083992621041546,0,1
2024,1,Ing. Comercio Internacional,2,1,1,1,1,1,18,1,0,0,1,0,1,0,0,ninguno,6,6,6,13.666666666666666,6,6,6,14.5,0,90.0,0,0,12.7,3.7,-1.7,Activo,0,12.5,0,0.0,13.228781410124586,0,0
2023,3,Lic. en Administración de Empresas,3,8,6,1,1,1,18,1,0,0,1,0,0,0,1,ninguno,6,0,0,0.0,6,0,0,0.0,6,72.6,0,0,7.6,2.6,0.32,Abandono,1,37.5,0,3.0,0.0,1,0
2024,4,Ing. Financiera y de Riesgos,4,1,1,1,1,1,18,1,0,0,1,0,1,0,0,ninguno,6,8,6,12.5,6,7,6,11.5,0,80.7,2,1,10.8,1.4,1.74,Activo,0,50.0,1,0.0,11.062571244839177,0,1
2024,7,Lic. en Ciencia de Datos e Inteligencia de Negocios,5,12,1,1,1,1,25,1,0,1,1,0,0,0,0,beca,6,8,6,12.285714285714286,6,6,6,13.0,0,68.0,2,1,15.5,2.8,-4.06,Activo,0,87.5,2,0.0,12.332476029154947,0,1
2025,6,Ing. Comercial,1,1,1,1,1,1,18,1,0,0,1,0,0,0,0,ninguno,5,10,2,14.0,5,7,3,11.0,3,81.9,0,0,7.6,2.6,0.32,Activo,0,75.0,0,1.0,11.633627748223867,1,0
2023,8,Ing. Comercio Internacional,2,1,5,1,1,1,18,1,0,0,1,0,0,0,0,ninguno,0,0,0,0.0,0,0,0,0.0,0,76.4,0,0,12.7,3.7,-1.7,Abandono,1,100.0,1,0.0,0.0,0,0
2024,6,Lic. en Administración de Empresas,3,1,4,1,1,1,19,1,0,0,1,0,1,0,0,ninguno,5,5,4,10.75,5,6,4,12.25,1,78.6,1,1,12.4,0.5,1.79,Activo,0,75.0,0,0.0,10.647489685624295,0,1
2025,1,Ing. Financiera y de Riesgos,4,12,1,1,12,1,25,1,0,0,1,0,0,0,1,ninguno,7,14,4,12.95,7,11,4,13.125,3,91.4,1,1,15.5,2.8,-4.06,Abandono,1,12.5,0,1.0,12.646363878090742,1,1
2025,1,Lic. en Ciencia de Datos e Inteligencia de Negocios,5,1,3,1,1,0,19,1,0,0,1,0,1,0,0,ninguno,7,7,6,12.45,7,7,6,12.45,1,73.3,0,0,7.6,2.6,0.32,Activo,0,12.5,1,0.0,12.093104626611378,0,0
2025,2,Ing. Comercial,1,15,1,0,14,0,31,1,0,0,1,0,0,0,0,ninguno,6,12,4,12.25,7,9,7,12.0,2,83.6,0,0,9.4,-0.8,-3.12,Activo,0,25.0,0,1.0,11.81040833213461,1,0
2024,5,Ing. Comercio Internacional,2,1,3,1,1,0,20,1,0,1,1,0,1,0,1,mixto,8,8,8,13.38125,8,8,8,13.38125,0,78.8,0,0,9.4,-0.8,-3.12,Activo,0,62.5,2,0.0,12.64112834192035,0,0
2023,8,Lic. en Administración de Empresas,3,13,1,1,1,0,33,1,1,0,0,0,1,0,0,ninguno,7,10,5,12.16,6,7,5,11.34,2,100.0,0,0,12.4,0.5,1.79,Abandono,1,100.0,0,1.0,11.009229143698079,1,0
2024,1,Ing. Financiera y de Riesgos,4,15,1,1,14,0,24,1,0,0,0,1,0,0,1,ninguno,6,11,4,12.5,6,18,2,11.5,2,91.2,0,0,12.4,0.5,1.79,Activo,0,12.5,1,1.0,11.009160400047252,1,0
2023,1,Lic. en Ciencia de Datos e Inteligencia de Negocios,5,8,4,1,1,0,18,1,0,1,1,0,1,0,1,credito,6,8,6,12.75,6,10,6,12.166666666666666,0,81.1,1,1,12.7,3.7,-1.7,Activo,0,12.5,0,0.0,11.879703111460465,0,1
2025,2,Ing. Comercial,1,8,2,1,1,0,19,1,0,0,1,0,1,0,0,ninguno,8,8,8,13.3425,8,8,8,13.3425,0,85.3,1,1,9.4,-0.8,-3.12,Activo,0,25.0,0,0.0,12.810165600571752,0,1
2023,3,Ing. Comercio Internacional,2,1,4,1,1,0,20,1,0,1,1,0,1,0,0,beca,7,10,7,14.175,8,14,6,13.03125,0,90.5,3,1,15.5,2.8,-4.06,Activo,0,37.5,1,0.0,12.866027550970927,0,1
2024,2,Lic. en Administración de Empresas,3,12,1,1,1,1,33,2,0,1,1,0,0,0,0,beca,8,16,1,10.0,8,16,1,10.0,7,78.8,0,0,12.7,3.7,-1.7,Activo,0,25.0,1,3.0,9.122073929244685,1,0
2023,5,Ing. Financiera y de Riesgos,4,12,1,1,1,1,24,1,0,0,1,0,0,0,1,ninguno,5,9,0,0.0,5,8,2,14.5,5,69.3,0,0,7.6,2.6,0.32,Abandono,1,62.5,0,2.0,6.294258235333899,1,0
2023,4,Lic. en Ciencia de Datos e Inteligencia de Negocios,5,12,1,0,12,1,24,1,0,0,1,0,0,0,1,ninguno,5,7,0,0.0,5,7,0,0.0,5,66.1,1,1,16.2,0.3,-0.92,Abandono,1,50.0,0,2.0,0.0,1,1
2024,7,Ing. Comercial,1,8,1,1,1,1,18,1,0,0,1,0,1,0,0,ninguno,5,6,5,12.0,5,8,5,12.142857142857142,0,50.0,1,1,10.8,1.4,1.74,Activo,0,87.5,0,0.0,11.472756784997507,1,1
2025,3,Ing. Comercio Internacional,2,1,2,1,1,0,18,1,0,1,1,0,1,0,1,credito,6,8,6,10.571428571428571,6,9,5,11.4,0,57.0,0,0,16.2,0.3,-0.92,Activo,0,37.5,0,0.0,10.24127432099584,1,0
2025,3,Lic. en Administración de Empresas,3,16,1,1,1,0,22,1,0,0,1,0,1,0,0,ninguno,12,19,11,14.153846153846152,12,20,12,15.428571428571429,1,88.3,1,1,8.9,1.4,3.51,Activo,0,37.5,0,1.0,13.891799262507508,0,1
2023,4,Ing. Financiera y de Riesgos,4,1,1,1,1,0,18,1,0,1,1,0,1,1,0,beca,6,9,6,11.166666666666666,6,11,5,12.4,0,94.3,0,0,10.8,1.4,1.74,Activo,0,50.0,1,0.0,11.139906551515116,0,0
2023,4,Lic. en Ciencia de Datos e Inteligencia de Negocios,5,1,1,1,1,0,21,1,0,0,1,0,1,0,0,ninguno,17,20,17,12.0,17,18,17,12.666666666666666,0,87.3,0,0,11.1,0.6,2.02,Activo,0,50.0,1,0.0,11.881652682739558,0,0
2024,6,Ing. Comercial,1,12,1,0,1,0,38,2,0,0,1,0,1,0,0,ninguno,5,11,3,11.333333333333334,5,9,4,12.0,2,78.4,1,1,9.4,-0.8,-3.12,Abandono,1,75.0,0,1.0,11.247860258843156,1,1
2023,1,Ing. Comercio Internacional,2,14,1,1,1,0,29,1,0,1,1,0,0,0,1,credito,16,17,16,12.588235294117649,13,14,13,13.357142857142858,0,74.0,0,0,9.4,-0.8,-3.12,Activo,0,12.5,0,0.0,12.672578654425614,0,0
2024,2,Lic. en Administración de Empresas,3,15,1,1,14,0,20,1,0,1,1,0,1,0,1,beca,6,11,4,12.0,6,9,4,10.75,2,92.1,1,1,16.2,0.3,-0.92,Activo,0,25.0,0,1.0,10.572233403513101,1,1
2023,2,Ing. Financiera y de Riesgos,4,8,1,1,1,0,18,1,0,0,0,0,1,0,0,ninguno,6,0,0,0.0,6,0,0,0.0,6,78.8,0,0,12.7,3.7,-1.7,Abandono,1,25.0,0,2.0,0.0,1,0
2025,5,Lic. en Ciencia de Datos e Inteligencia de Negocios,5,14,1,0,1,1,37,2,0,0,1,0,0,0,1,ninguno,12,13,12,12.25,13,13,13,12.846153846153848,0,68.2,2,1,9.4,-0.8,-3.12,Activo,0,62.5,0,0.0,12.077389553289764,0,1
2023,8,Ing. Comercial,1,1,3,1,1,1,20,1,0,0,1,0,0,0,0,ninguno,5,7,5,11.6,5,5,5,12.8,0,70.2,1,1,12.4,0.5,1.79,Activo,0,100.0,0,0.0,11.691486567934044,0,1
2023,7,Ing. Comercio Internacional,2,1,1,1,1,1,20,1,0,0,0,0,1,0,1,ninguno,5,7,4,13.0,5,11,3,12.0,1,91.4,1,1,10.8,1.4,1.74,Abandono,1,87.5,0,0.0,11.807734097904262,0,1
2025,7,Lic. en Administración de Empresas,3,12,1,1,1,1,40,2,0,0,1,1,0,0,0,ninguno,5,11,3,10.666666666666666,5,5,2,12.5,2,100.0,0,0,16.2,0.3,-0.92,Abandono,1,87.5,0,1.0,11.004763239226294,1,0
2024,1,Ing. Financiera y de Riesgos,4,12,1,0,1,1,44,2,0,0,1,0,0,0,1,ninguno,11,21,9,12.333333333333334,11,16,9,11.0,2,85.5,1,1,12.4,0.5,1.79,Activo,0,12.5,0,1.0,10.894394872250455,1,1
2023,2,Lic. en Ciencia de Datos e Inteligencia de Negocios,5,1,1,1,1,1,21,1,0,0,0,0,0,0,1,ninguno,5,7,2,11.0,5,9,3,11.428571428571429,3,82.6,1,1,10.8,1.4,1.74,Abandono,1,25.0,0,1.0,10.875338652755623,1,1
2024,2,Ing. Comercial,1,15,1,1,14,1,21,1,0,0,1,0,0,0,1,ninguno,7,10,6,13.428571428571429,9,9,8,13.125,1,79.5,0,0,16.2,0.3,-0.92,Activo,0,25.0,1,0.0,12.890028278300608,0,0
2023,3,Ing. Comercio Internacional,2,1,6,1,1,1,18,1,0,0,1,0,1,0,1,ninguno,8,10,8,13.05375,8,10,8,13.05375,0,71.8,0,0,9.4,-0.8,-3.12,Activo,0,37.5,1,0.0,12.404301947526715,0,0
2024,1,Lic. en Administración de Empresas,3,1,5,1,1,1,18,1,0,0,1,0,1,0,0,ninguno,7,10,6,12.035714285714286,8,9,7,13.75,1,85.4,0,0,13.9,-0.3,0.79,Activo,0,12.5,0,1.0,12.356981791364362,0,0
2023,1,Ing. Financiera y de Riesgos,4,12,1,1,1,1,27,1,0,0,1,0,0,0,1,ninguno,6,6,6,14.166666666666666,6,7,6,13.833333333333334,0,72.5,0,0,11.1,0.6,2.02,Activo,0,12.5,0,0.0,13.492930646074049,0,0
2024,3,Lic. en Ciencia de Datos e Inteligencia de Negocios,5,12,1,1,12,1,38,2,0,0,0,0,0,0,0,ninguno,6,6,0,0.0,6,8,0,0.0,6,79.3,2,1,10.8,1.4,1.74,Abandono,1,37.5,0,3.0,0.0,1,1
2024,1,Ing. Comercial,1,9,1,1,1,1,18,1,0,0,1,0,0,0,0,ninguno,6,11,5,13.6,6,13,3,12.666666666666666,1,78.6,2,1,13.9,-0.3,0.79,Abandono,1,12.5,0,0.0,12.206329911009732,0,1
2024,7,Ing. Comercio Internacional,2,8,4,1,1,1,19,1,0,0,1,0,1,0,0,ninguno,6,7,5,12.2,6,12,2,12.0,1,71.8,0,0,7.6,2.6,0.32,Activo,0,87.5,0,0.0,11.315726989712465,0,0
2023,2,Lic. en Administración de Empresas,3,1,1,1,1,1,18,1,0,0,1,0,1,0,0,ninguno,6,8,6,13.714285714285714,6,7,5,13.333333333333334,0,79.5,2,1,15.5,2.8,-4.06,Abandono,1,25.0,0,0.0,13.138676814035769,0,1
2025,3,Ing. Financiera y de Riesgos,4,14,1,1,1,1,19,1,0,0,0,1,0,0,0,ninguno,6,10,3,11.666666666666666,6,11,2,10.0,3,79.5,0,0,16.2,0.3,-0.92,Abandono,1,37.5,0,1.0,10.487801162917334,1,0
2024,4,Lic. en Ciencia de Datos e Inteligencia de Negocios,5,12,1,1,1,1,44,1,0,0,0,1,0,0,0,ninguno,6,9,1,14.0,6,6,0,0.0,5,73.9,1,1,12.7,3.7,-1.7,Abandono,1,50.0,0,1.0,6.01758922659813,1,1
2024,6,Ing. Comercial,1,15,1,1,14,1,26,1,0,0,1,0,1,1,1,ninguno,6,20,4,12.5,6,16,3,10.0,2,69.7,1,1,15.5,2.8,-4.06,Abandono,1,75.0,1,1.0,10.473179214692347,1,1
2025,1,Ing. Comercio Internacional,2,14,1,1,1,1,24,1,0,0,0,1,0,0,0,ninguno,6,11,5,11.833333333333334,6,11,4,11.5,1,77.3,0,0,15.5,2.8,-4.06,Abandono,1,12.5,0,0.0,11.074447416901048,0,0
2024,5,Lic. en Administración de Empresas,3,12,1,1,1,1,27,1,0,0,0,0,1,0,0,ninguno,6,6,0,0.0,6,8,0,0.0,6,71.1,0,0,15.5,2.8,-4.06,Abandono,1,62.5,0,2.0,0.0,1,0
2024,3,Ing. Financiera y de Riesgos,4,12,1,1,1,1,27,1,0,0,0,1,0,0,0,ninguno,6,0,0,0.0,6,0,0,0.0,6,80.5,2,1,13.9,-0.3,0.79,Abandono,1,37.5,0,2.0,0.0,1,1
2025,1,Lic. en Ciencia de Datos e Inteligencia de Negocios,5,14,1,1,1,1,25,1,0,0,1,0,1,0,0,ninguno,17,18,13,11.538461538461538,15,15,10,12.4,4,75.7,2,1,12.7,3.7,-1.7,Abandono,1,12.5,0,2.0,11.123257227558623,1,1
2024,4,Ing. Comercial,1,15,1,1,1,1,21,1,0,0,1,0,1,0,0,ninguno,9,14,7,11.285714285714286,8,15,4,12.25,2,63.9,0,0,12.7,3.7,-1.7,Activo,0,50.0,0,1.0,11.133343028900002,1,0
2024,1,Ing. Comercio Internacional,2,1,1,1,1,1,19,1,0,1,1,0,1,0,0,mixto,0,0,0,0.0,0,0,0,0.0,0,79.7,2,1,13.9,-0.3,0.79,Activo,0,12.5,0,0.0,0.0,0,1
2023,3,Lic. en Administración de Empresas,3,8,2,1,1,1,20,1,0,0,1,0,1,0,0,ninguno,6,7,5,11.8,6,9,4,12.0,1,92.9,0,0,15.5,2.8,-4.06,Activo,0,37.5,0,0.0,11.59228034101177,0,0
2025,4,Ing. Financiera y de Riesgos,4,15,1,1,14,1,20,1,0,0,1,0,0,0,0,ninguno,5,16,0,0.0,5,12,2,10.5,5,64.7,0,0,12.7,3.7,-1.7,Activo,0,50.0,0,2.0,4.301410019400714,1,0
2025,2,Lic. en Ciencia de Datos e Inteligencia de Negocios,5,8,5,1,1,1,20,1,0,0,0,1,1,0,0,ninguno,5,5,0,0.0,5,5,0,0.0,5,95.0,1,1,8.9,1.4,3.51,Abandono,1,25.0,0,3.0,0.0,1,1
2023,4,Ing. Comercial,1,1,1,1,1,1,18,1,0,1,0,0,0,0,1,beca,5,5,5,14.2,5,5,5,14.2,0,79.2,0,0,8.9,1.4,3.51,Activo,0,50.0,0,0.0,13.757792243967021,0,0
2023,4,Ing. Comercio Internacional,2,8,1,1,1,1,19,1,0,0,1,1,0,0,0,ninguno,12,12,10,12.7,11,16,10,12.272727272727272,2,68.3,1,1,8.9,1.4,3.51,Activo,0,50.0,0,1.0,11.542641242768628,1,1
2023,8,Lic. en Administración de Empresas,3,15,1,1,14,0,22,1,0,0,0,0,1,0,1,ninguno,6,10,3,12.666666666666666,6,7,0,0.0,3,70.4,1,1,15.5,2.8,-4.06,Abandono,1,100.0,0,1.0,5.392881002094126,1,1
2025,6,Ing. Financiera y de Riesgos,4,1,4,1,1,0,19,1,0,0,1,0,1,0,0,ninguno,6,7,6,14.428571428571429,6,8,6,15.0,0,68.0,0,0,16.2,0.3,-0.92,Activo,0,75.0,1,0.0,13.721856799229448,0,0
2024,7,Lic. en Ciencia de Datos e Inteligencia de Negocios,5,1,4,1,1,0,18,1,0,1,1,0,1,0,0,beca,7,7,7,13.117142857142856,8,9,7,12.6,0,85.3,0,0,11.1,0.6,2.02,Activo,0,87.5,0,0.0,11.946731834374141,0,0
2025,1,Ing. Comercial,1,1,2,1,1,0,20,1,0,0,1,1,1,0,0,ninguno,6,7,6,12.666666666666666,6,7,6,11.833333333333334,0,85.0,1,1,8.9,1.4,3.51,Activo,0,12.5,0,0.0,11.251550928525955,0,1
2023,1,Ing. Comercio Internacional,2,8,1,1,1,0,18,1,1,1,1,0,1,0,0,credito,0,0,0,0.0,0,0,0,0.0,0,87.9,0,0,12.7,3.7,-1.7,Abandono,1,12.5,1,0.0,0.0,0,0
2024,1,Lic. en Administración de Empresas,3,12,1,1,1,1,36,1,0,0,1,0,0,0,0,ninguno,6,7,6,15.285714285714286,6,6,6,16.5,0,76.8,2,1,10.8,1.4,1.74,Activo,0,12.5,0,0.0,15.003282433217679,0,1
2023,2,Ing. Financiera y de Riesgos,4,6,1,1,1,1,19,1,1,0,1,1,0,0,1,ninguno,5,12,3,10.5,5,8,4,11.25,2,73.6,0,0,12.4,0.5,1.79,Activo,0,25.0,0,0.0,9.998880183842966,1,0
2024,3,Lic. en Ciencia de Datos e Inteligencia de Negocios,5,17,1,1,16,1,21,1,0,1,1,0,0,0,0,beca,11,11,11,12.636363636363637,9,11,9,12.6,0,68.8,1,1,8.9,1.4,3.51,Activo,0,37.5,0,0.0,12.156523566727303,0,1
2024,7,Ing. Comercial,1,1,1,1,1,0,26,1,0,0,1,0,1,0,0,ninguno,5,6,0,0.0,5,0,0,0.0,5,75.7,0,0,15.5,2.8,-4.06,Abandono,1,87.5,0,1.0,0.0,1,0
2024,3,Ing. Comercio Internacional,2,12,1,1,1,0,29,1,1,0,0,1,0,0,0,ninguno,9,9,3,14.333333333333334,7,8,1,14.0,6,68.1,0,0,15.5,2.8,-4.06,Abandono,1,37.5,0,3.0,13.181072307092348,1,0
2023,6,Lic. en Administración de Empresas,3,15,1,1,14,1,26,1,0,0,0,0,0,0,0,ninguno,8,14,8,15.125,6,12,6,13.666666666666666,0,85.3,3,1,11.1,0.6,2.02,Activo,0,75.0,1,0.0,13.888616147268905,0,1
2024,1,Ing. Financiera y de Riesgos,4,4,1,1,3,1,27,1,0,0,1,0,0,0,0,ninguno,7,0,0,0.0,8,0,0,0.0,7,79.0,0,0,12.4,0.5,1.79,Abandono,1,12.5,0,4.0,0.0,1,0
2023,1,Lic. en Ciencia de Datos e Inteligencia de Negocios,5,16,1,1,1,1,32,1,0,0,1,1,0,0,0,ninguno,7,16,3,12.0,8,10,3,10.333333333333334,4,71.8,0,0,8.9,1.4,3.51,Activo,0,12.5,1,1.0,10.863777658394445,1,0
2023,1,Ing. Comercial,1,7,3,1,1,0,23,1,0,1,1,0,1,0,0,mixto,6,10,4,14.25,6,8,5,12.0,2,87.5,1,1,7.6,2.6,0.32,Activo,0,12.5,0,1.0,12.810282634946278,1,1
2023,4,Ing. Comercio Internacional,2,12,1,1,1,0,24,1,1,0,1,0,0,0,1,ninguno,5,12,2,10.5,5,9,4,10.0,3,71.6,1,1,16.2,0.3,-0.92,Activo,0,50.0,0,1.0,9.623890083912542,1,1
2024,1,Lic. en Administración de Empresas,3,1,2,1,1,0,19,1,0,1,1,0,1,0,0,beca,6,7,6,13.5,6,7,6,14.428571428571429,0,90.0,0,0,16.2,0.3,-0.92,Activo,0,12.5,0,0.0,13.49718543553117,0,0
2023,4,Ing. Financiera y de Riesgos,4,13,1,1,1,1,25,1,0,0,1,0,1,0,0,ninguno,6,14,5,11.666666666666666,6,11,4,12.0,1,100.0,1,1,15.5,2.8,-4.06,Activo,0,50.0,0,0.0,11.050444434928156,0,1
2025,1,Lic. en Ciencia de Datos e Inteligencia de Negocios,5,8,6,1,1,1,19,1,0,0,1,0,1,0,0,ninguno,6,13,5,10.8,6,12,3,10.0,1,78.0,3,1,9.4,-0.8,-3.12,Activo,0,12.5,1,0.0,9.704104972102432,0,1
2024,2,Ing. Comercial,1,1,3,1,1,1,20,1,0,0,0,0,0,0,0,ninguno,4,4,0,0.0,4,8,0,0.0,4,100.0,0,0,10.8,1.4,1.74,Abandono,1,25.0,0,2.0,0.0,1,0
2024,6,Ing. Comercio Internacional,2,1,1,1,1,1,33,2,0,0,1,0,0,0,1,ninguno,9,11,9,12.8,7,9,7,11.428571428571429,0,73.9,0,0,12.7,3.7,-1.7,Activo,0,75.0,0,0.0,11.700445906864712,0,0
2023,3,Lic. en Administración de Empresas,3,12,1,0,1,1,35,2,0,0,1,1,0,0,0,ninguno,5,6,5,10.8,5,7,5,12.0,0,93.0,2,1,9.4,-0.8,-3.12,Abandono,1,37.5,2,0.0,10.82836551095911,0,1
2023,8,Ing. Financiera y de Riesgos,4,1,1,1,1,1,23,1,0,0,1,0,1,0,1,ninguno,5,8,4,11.4,5,7,4,11.0,1,66.2,0,0,11.1,0.6,2.02,Activo,0,100.0,0,1.0,10.770077155231196,0,0
2024,1,Lic. en Ciencia de Datos e Inteligencia de Negocios,5,1,1,1,1,1,19,1,0,0,1,0,1,0,0,ninguno,7,7,7,13.725714285714286,8,8,8,14.5,0,94.0,1,1,11.1,0.6,2.02,Activo,0,12.5,0,0.0,13.258301499786393,0,1
2023,4,Ing. Comercial,1,1,1,1,1,1,21,1,0,0,1,0,0,0,0,ninguno,6,6,5,12.8,6,9,5,12.25,1,84.7,1,1,10.8,1.4,1.74,Activo,0,50.0,0,0.0,11.933750835112704,0,1
2023,3,Ing. Comercio Internacional,2,1,5,1,1,1,21,1,0,1,1,0,1,0,0,credito,6,6,6,13.5,6,6,6,11.166666666666666,0,72.7,3,1,11.1,0.6,2.02,Activo,0,37.5,0,0.0,11.967931026543583,0,1
2025,3,Lic. en Administración de Empresas,3,12,1,1,1,1,27,1,0,0,1,0,0,0,0,ninguno,8,8,7,15.57,8,8,7,15.57,1,73.9,0,0,10.8,1.4,1.74,Abandono,1,37.5,0,1.0,14.930959968409512,0,0
2024,4,Ing. Financiera y de Riesgos,4,8,3,1,1,1,19,1,0,0,1,1,1,0,1,ninguno,5,10,4,11.0,5,13,2,12.0,1,76.6,2,1,8.9,1.4,3.51,Activo,0,50.0,0,0.0,11.136413273257011,0,1
2024,5,Lic. en Ciencia de Datos e Inteligencia de Negocios,5,4,2,1,3,1,28,1,0,0,1,0,0,0,1,ninguno,7,7,7,14.114285714285714,8,9,8,15.91111111111111,0,75.3,0,0,16.2,0.3,-0.92,Abandono,1,62.5,0,0.0,14.622442298904542,0,0
2023,8,Ing. Comercial,1,14,1,1,1,1,25,1,0,0,1,0,0,0,1,ninguno,5,12,3,11.0,5,12,4,11.5,2,89.6,2,1,9.4,-0.8,-3.12,Activo,0,100.0,0,1.0,10.782273117580257,1,1
2024,1,Ing. Comercio Internacional,2,12,1,1,12,1,42,2,0,0,1,0,0,0,0,ninguno,6,0,0,0.0,6,0,0,0.0,6,82.1,1,1,15.5,2.8,-4.06,Abandono,1,12.5,0,1.0,0.0,1,1
2025,3,Lic. en Administración de Empresas,3,4,1,0,3,1,27,1,0,0,1,0,0,0,1,ninguno,5,6,4,13.5,5,6,4,13.75,1,78.0,1,1,7.6,2.6,0.32,Activo,0,37.5,0,0.0,12.67777122736692,0,1
2023,5,Ing. Financiera y de Riesgos,4,1,1,1,1,1,23,1,0,0,1,0,1,0,0,ninguno,6,9,4,11.25,6,10,0,0.0,2,85.6,0,0,7.6,2.6,0.32,Abandono,1,62.5,0,1.0,4.746619589467551,1,0
2023,3,Lic. en Ciencia de Datos e Inteligencia de Negocios,5,8,3,1,1,1,18,1,0,1,1,0,1,0,1,credito,6,7,6,12.142857142857142,6,8,6,11.333333333333334,0,69.4,2,1,8.9,1.4,3.51,Activo,0,37.5,0,0.0,11.204241185902744,0,1
2025,3,Ing. Comercial,1,12,1,1,1,1,26,2,0,0,1,0,0,0,1,ninguno,8,8,7,13.075714285714286,8,8,7,13.075714285714286,1,68.4,0,0,10.8,1.4,1.74,Activo,0,37.5,0,0.0,12.585001776938103,0,0
2023,2,Ing. Comercio Internacional,2,1,4,1,1,1,18,1,0,0,1,0,0,0,0,ninguno,5,0,0,0.0,5,0,0,0.0,5,100.0,0,0,8.9,1.4,3.51,Abandono,1,25.0,1,2.0,0.0,1,0
2024,1,Lic. en Administración de Empresas,3,12,1,0,1,1,29,1,0,0,1,1,0,0,1,ninguno,5,9,3,11.0,5,11,2,13.5,2,89.6,0,0,12.7,3.7,-1.7,Abandono,1,12.5,0,1.0,11.444702787626822,1,0
2023,6,Ing. Financiera y de Riesgos,4,8,1,1,1,1,22,1,0,0,1,0,1,0,1,ninguno,6,16,0,0.0,6,7,0,0.0,6,74.2,1,1,16.2,0.3,-0.92,Abandono,1,75.0,0,3.0,0.0,1,1
2025,1,Lic. en Ciencia de Datos e Inteligencia de Negocios,5,14,1,1,1,0,21,1,0,0,1,0,1,0,0,ninguno,7,12,4,13.125,7,8,6,12.333333333333334,3,57.9,2,1,13.9,-0.3,0.79,Activo,0,12.5,1,1.0,12.33706716835142,1,1
2024,3,Ing. Comercial,1,1,3,1,1,0,19,1,0,1,1,0,1,0,0,credito,8,8,7,13.512857142857142,8,8,7,13.512857142857142,1,98.7,1,1,10.8,1.4,1.74,Activo,0,37.5,0,0.0,13.17835274354048,0,1
2024,3,Ing. Comercio Internacional,2,1,1,1,1,0,18,1,0,1,1,0,1,0,0,credito,6,7,6,12.833333333333334,6,6,6,12.166666666666666,0,96.0,2,1,10.8,1.4,1.74,Activo,0,37.5,0,0.0,11.71395087770331,0,1
2023,3,Lic. en Administración de Empresas,3,1,3,1,1,0,18,1,0,1,1,0,1,0,0,beca,5,8,3,15.0,5,9,3,11.666666666666666,2,100.0,0,0,9.4,-0.8,-3.12,Abandono,1,37.5,0,0.0,12.4507752848806,1,0
2024,8,Ing. Financiera y de Riesgos,4,12,1,1,12,0,40,1,0,0,0,1,0,0,1,ninguno,6,12,5,12.8,6,16,3,13.333333333333334,1,74.8,1,1,11.1,0.6,2.02,Abandono,1,100.0,0,0.0,12.17422252076017,0,1
2024,1,Lic. en Ciencia de Datos e Inteligencia de Negocios,5,8,3,1,1,0,20,1,1,0,0,1,1,0,1,ninguno,6,14,3,12.333333333333334,6,16,0,0.0,3,73.4,0,0,10.8,1.4,1.74,Abandono,1,12.5,0,1.0,5.391742182312655,1,0
2024,2,Ing. Comercial,1,1,3,1,1,1,18,1,0,0,1,0,1,0,1,ninguno,8,15,5,12.288,8,15,5,12.288,3,84.7,0,0,10.8,1.4,1.74,Abandono,1,25.0,1,1.0,11.32018893711657,1,0
2023,7,Ing. Comercio Internacional,2,14,2,0,3,1,31,1,0,0,1,0,0,0,1,ninguno,12,21,12,12.333333333333334,10,13,7,13.285714285714286,0,85.3,1,1,7.6,2.6,0.32,Activo,0,87.5,1,0.0,12.1518204750426,0,1
2023,2,Lic. en Administración de Empresas,3,1,2,1,1,1,18,1,0,1,1,0,0,0,0,beca,5,9,4,11.5,5,5,5,12.8,1,65.1,0,0,12.4,0.5,1.79,Activo,0,25.0,0,0.0,11.210329641164652,0,0
2024,2,Ing. Financiera y de Riesgos,4,14,2,1,1,1,22,1,0,0,1,0,1,0,0,ninguno,6,6,6,11.833333333333334,6,11,4,11.142857142857142,0,97.8,0,0,10.8,1.4,1.74,Abandono,1,25.0,1,0.0,10.510626742201172,0,0
2023,1,Lic. en Ciencia de Datos e Inteligencia de Negocios,5,16,1,1,12,1,38,1,0,0,0,1,0,0,0,ninguno,5,5,0,0.0,5,5,0,0.0,5,91.1,0,0,8.9,1.4,3.51,Abandono,1,12.5,0,2.0,0.0,1,0
2024,6,Ing. Comercial,1,14,1,0,3,1,33,1,0,0,1,0,0,0,0,ninguno,5,5,0,0.0,5,5,0,0.0,5,69.6,0,0,12.7,3.7,-1.7,Abandono,1,75.0,0,2.0,0.0,1,0
2024,4,Ing. Comercio Internacional,2,1,3,1,1,1,19,1,0,1,1,0,0,0,0,beca,5,10,5,11.8,5,12,3,11.5,0,68.0,0,0,11.1,0.6,2.02,Activo,0,50.0,0,0.0,11.212649044180793,0,0
2025,3,Lic. en Administración de Empresas,3,8,1,1,1,1,18,1,0,0,1,0,0,0,0,ninguno,6,0,0,0.0,6,0,0,0.0,6,80.2,0,0,15.5,2.8,-4.06,Abandono,1,37.5,0,2.0,0.0,1,0
2025,6,Ing. Financiera y de Riesgos,4,1,5,1,1,1,18,1,0,1,0,0,0,0,1,beca,5,6,5,12.2,5,8,4,12.0,0,79.9,1,1,8.9,1.4,3.51,Activo,0,75.0,0,0.0,11.482889674733867,0,1
2025,3,Lic. en Ciencia de Datos e Inteligencia de Negocios,5,16,1,0,1,1,27,1,0,0,1,0,1,0,1,ninguno,6,6,6,12.333333333333334,5,5,5,13.0,0,73.0,3,1,11.1,0.6,2.02,Activo,0,37.5,0,0.0,11.752235827131756,0,1
2025,7,Ing. Comercial,1,12,1,1,1,1,26,1,0,0,1,0,0,0,0,ninguno,6,7,6,12.428571428571429,6,6,6,12.833333333333334,0,61.5,2,1,7.6,2.6,0.32,Activo,0,87.5,0,0.0,12.260930211205373,1,1
2025,2,Ing. Comercio Internacional,2,1,6,1,1,0,19,1,0,1,1,0,1,0,1,beca,7,7,7,12.765714285714289,8,9,8,13.544444444444444,0,97.3,2,1,12.4,0.5,1.79,Activo,0,25.0,0,0.0,12.674661322161304,0,1
2024,6,Lic. en Administración de Empresas,3,16,1,1,1,1,44,2,0,0,1,0,0,0,0,ninguno,7,11,5,12.1,7,10,5,12.6,2,70.8,0,0,11.1,0.6,2.02,Abandono,1,75.0,0,0.0,11.523740738836903,1,0
2024,4,Ing. Financiera y de Riesgos,4,1,2,1,1,1,19,1,0,0,1,0,1,0,0,ninguno,5,10,5,12.0,5,9,5,11.5,0,90.6,0,0,13.9,-0.3,0.79,Activo,0,50.0,0,0.0,11.383509348515881,0,0
2025,1,Lic. en Ciencia de Datos e Inteligencia de Negocios,5,9,1,1,1,1,20,1,0,0,1,0,1,0,0,ninguno,6,6,0,0.0,6,6,0,0.0,6,62.6,0,0,9.4,-0.8,-3.12,Abandono,1,12.5,0,2.0,0.0,1,0
2024,2,Ing. Comercial,1,12,1,1,12,1,24,1,0,0,1,1,0,0,1,ninguno,6,10,6,14.88888888888889,6,11,6,13.727272727272728,0,80.9,0,0,16.2,0.3,-0.92,Activo,0,25.0,0,0.0,13.737072032243022,0,0
2025,3,Ing. Comercio Internacional,2,14,1,0,1,0,31,4,0,0,1,0,0,0,0,ninguno,14,19,13,11.357142857142858,14,14,13,12.0,1,82.0,1,1,9.4,-0.8,-3.12,Activo,0,37.5,0,0.0,10.942755770977545,0,1
2024,6,Lic. en Administración de Empresas,3,14,1,1,1,0,25,1,0,0,1,0,1,0,0,ninguno,6,6,6,13.5,6,6,6,12.5,0,74.9,0,0,9.4,-0.8,-3.12,Activo,0,75.0,1,0.0,12.589307147996445,0,0
2024,3,Ing. Financiera y de Riesgos,4,8,4,1,1,0,19,1,0,0,0,1,1,0,1,ninguno,6,6,0,0.0,6,0,0,0.0,6,68.5,0,0,8.9,1.4,3.51,Abandono,1,37.5,0,2.0,0.0,1,0
2025,1,Lic. en Ciencia de Datos e Inteligencia de Negocios,5,8,3,1,1,0,18,1,0,0,1,0,1,0,0,ninguno,7,7,7,13.884285714285712,8,9,8,14.75,0,87.7,0,0,11.1,0.6,2.02,Abandono,1,12.5,0,0.0,13.703863292316463,0,0
2023,1,Ing. Comercial,1,14,1,1,1,0,19,1,0,0,0,0,1,0,0,ninguno,6,12,5,13.0,6,12,3,11.666666666666666,1,100.0,1,1,13.9,-0.3,0.79,Activo,0,12.5,0,0.0,11.391418135016943,0,1
2024,2,Ing. Comercio Internacional,2,1,3,1,1,0,19,1,0,1,1,0,1,0,1,beca,7,11,4,12.65,7,9,5,11.1,3,79.0,0,0,12.4,0.5,1.79,Activo,0,25.0,0,1.0,11.247491060456248,1,0
2024,4,Lic. en Administración de Empresas,3,8,1,1,1,0,19,1,0,0,1,0,1,0,1,ninguno,5,10,1,11.0,5,13,0,0.0,4,76.4,0,0,12.7,3.7,-1.7,Activo,0,50.0,1,2.0,5.007471818741487,1,0
2023,4,Ing. Financiera y de Riesgos,4,12,1,1,1,0,24,1,0,0,1,0,0,0,0,ninguno,6,12,2,11.666666666666666,6,20,2,10.5,4,81.1,3,1,16.2,0.3,-0.92,Abandono,1,50.0,1,1.0,10.68405315325196,1,1
2023,8,Lic. en Ciencia de Datos e Inteligencia de Negocios,5,1,1,1,1,0,20,1,0,0,1,0,0,0,0,ninguno,6,6,6,14.5,6,6,6,12.666666666666666,0,78.3,1,1,12.4,0.5,1.79,Activo,0,100.0,2,0.0,13.280711767035433,0,1
2024,3,Ing. Comercial,1,8,1,1,1,0,18,1,0,0,1,0,0,0,1,ninguno,6,7,6,14.714285714285714,6,7,6,14.166666666666666,0,70.5,0,0,12.7,3.7,-1.7,Activo,0,37.5,0,0.0,13.767965950986804,0,0
2025,6,Ing. Comercio Internacional,2,1,1,1,1,0,18,1,0,1,1,0,0,0,0,credito,6,7,6,13.285714285714286,6,6,6,14.333333333333334,0,91.5,2,1,12.4,0.5,1.79,Activo,0,75.0,0,0.0,13.434514121674964,0,1
2024,1,Lic. en Administración de Empresas,3,8,1,1,1,0,21,1,0,0,1,0,1,0,1,ninguno,5,13,3,11.333333333333334,5,12,2,10.5,2,80.2,2,1,9.4,-0.8,-3.12,Activo,0,12.5,0,1.0,10.342457232124843,1,1
2025,6,Ing. Financiera y de Riesgos,4,4,1,1,3,0,28,1,0,0,0,1,0,0,0,ninguno,7,7,0,0.0,7,7,0,0.0,7,71.5,0,0,13.9,-0.3,0.79,Abandono,1,75.0,0,3.0,0.0,1,0
2024,1,Lic. en Ciencia de Datos e Inteligencia de Negocios,5,1,1,1,1,0,18,1,0,1,1,0,0,0,0,credito,5,11,4,11.571428571428571,5,9,5,12.0,1,84.6,0,0,13.9,-0.3,0.79,Activo,0,12.5,0,0.0,11.292734157882395,0,0
2023,2,Ing. Comercial,1,1,1,1,1,0,18,1,0,0,1,1,0,0,1,ninguno,6,10,5,13.0,6,10,4,11.5,1,89.1,0,0,12.7,3.7,-1.7,Abandono,1,25.0,0,0.0,11.82734299534372,0,0
2024,5,Ing. Comercio Internacional,2,1,1,1,1,0,18,1,0,1,1,0,0,0,0,mixto,6,9,6,11.5,6,11,5,14.0,0,100.0,3,1,11.1,0.6,2.02,Activo,0,62.5,0,0.0,11.907694864173461,0,1
2023,2,Lic. en Administración de Empresas,3,8,2,1,1,0,18,1,0,1,1,0,1,0,0,beca,5,8,5,11.8,5,10,5,11.6,0,91.1,1,1,16.2,0.3,-0.92,Activo,0,25.0,0,0.0,10.737246179402865,0,1
2024,1,Ing. Financiera y de Riesgos,4,1,1,1,1,0,19,1,0,1,0,0,1,0,1,credito,5,7,3,10.666666666666666,5,10,3,12.285714285714286,2,65.3,0,0,10.8,1.4,1.74,Abandono,1,12.5,0,1.0,11.1058821836871,1,0
2025,2,Lic. en Ciencia de Datos e Inteligencia de Negocios,5,8,1,1,1,0,19,1,0,1,1,0,0,0,1,beca,7,11,6,13.8875,8,9,8,14.864444444444445,1,86.0,0,0,15.5,2.8,-4.06,Activo,0,25.0,0,0.0,13.967058995152716,0,0
2025,2,Ing. Comercial,1,1,1,1,1,0,20,1,0,1,1,1,0,0,1,beca,6,7,5,11.4,6,9,6,11.5,1,84.0,3,1,8.9,1.4,3.51,Activo,0,25.0,1,1.0,10.477991139923096,0,1
2023,1,Ing. Comercio Internacional,2,14,1,0,1,0,34,2,0,0,1,0,0,0,1,ninguno,11,17,9,12.333333333333334,7,12,7,12.142857142857142,2,84.8,1,1,9.4,-0.8,-3.12,Activo,0,12.5,0,0.0,11.911646282826664,1,1
2024,2,Lic. en Administración de Empresas,3,12,1,1,1,0,39,2,0,0,1,0,1,0,1,ninguno,7,8,5,12.16,7,8,5,12.16,2,87.9,0,0,7.6,2.6,0.32,Activo,0,25.0,0,1.0,11.17565736441467,1,0
2023,3,Ing. Financiera y de Riesgos,4,8,3,1,1,0,19,1,0,0,1,0,1,0,1,ninguno,8,8,8,13.427499999999998,8,8,8,13.427499999999998,0,98.6,1,1,9.4,-0.8,-3.12,Activo,0,37.5,0,0.0,13.124248861840506,0,1
2025,7,Lic. en Ciencia de Datos e Inteligencia de Negocios,5,12,1,1,1,0,24,1,0,0,1,0,1,0,0,ninguno,6,6,6,15.166666666666666,6,6,2,15.5,0,88.9,0,0,15.5,2.8,-4.06,Activo,0,87.5,0,0.0,14.4217652743774,0,0
2023,1,Ing. Comercial,1,5,1,1,1,0,18,1,1,0,1,0,1,0,0,ninguno,6,12,0,0.0,6,0,0,0.0,6,84.5,0,0,9.4,-0.8,-3.12,Abandono,1,12.5,0,3.0,0.0,1,0
2025,7,Ing. Comercio Internacional,2,8,1,1,1,1,19,1,0,0,1,0,1,0,0,ninguno,5,11,2,10.5,5,9,0,0.0,3,77.5,0,0,10.8,1.4,1.74,Abandono,1,87.5,0,1.0,4.292987799275893,1,0
2023,3,Lic. en Administración de Empresas,3,1,1,1,1,1,18,1,0,1,1,0,0,0,0,beca,5,5,5,11.8,5,8,3,11.0,0,80.2,0,0,9.4,-0.8,-3.12,Activo,0,37.5,0,0.0,10.87813829795509,0,0
2024,2,Ing. Financiera y de Riesgos,4,1,2,1,1,1,20,1,0,0,1,1,1,1,0,ninguno,5,6,5,13.2,5,10,5,11.4,0,73.8,3,1,16.2,0.3,-0.92,Activo,0,25.0,0,0.0,11.541985574926162,0,1
2024,2,Lic. en Ciencia de Datos e Inteligencia de Negocios,5,1,6,1,1,1,19,1,0,0,1,1,1,1,1,ninguno,7,8,7,13.075,8,11,8,12.36111111111111,0,88.5,2,1,12.4,0.5,1.79,Activo,0,25.0,0,0.0,12.3620327567194,0,1
2023,1,Ing. Comercial,1,1,1,1,1,1,19,1,0,0,1,0,1,0,0,ninguno,6,8,4,11.6,6,14,2,13.0,2,99.8,0,0,11.1,0.6,2.02,Abandono,1,12.5,0,1.0,11.830369131982383,1,0
2023,1,Ing. Comercio Internacional,2,8,1,1,1,1,19,1,0,0,1,0,0,0,0,ninguno,6,10,6,13.666666666666666,6,10,4,12.25,0,97.0,0,0,13.9,-0.3,0.79,Abandono,1,12.5,0,0.0,12.116757790797857,0,0
2024,1,Lic. en Administración de Empresas,3,12,1,0,1,1,41,2,0,0,1,0,1,0,0,ninguno,5,9,4,10.75,5,7,2,10.0,1,79.7,1,1,9.4,-0.8,-3.12,Abandono,1,12.5,0,0.0,9.704919902424827,0,1
2023,8,Ing. Financiera y de Riesgos,4,1,2,1,1,1,19,1,0,0,1,0,0,0,0,ninguno,7,10,6,13.492857142857144,8,9,8,12.68888888888889,1,75.8,2,1,12.4,0.5,1.79,Activo,0,100.0,1,0.0,12.141294672622086,0,1
2024,7,Lic. en Ciencia de Datos e Inteligencia de Negocios,5,14,3,1,1,1,19,1,0,0,1,0,0,0,0,ninguno,6,14,3,12.5,6,9,4,11.0,3,70.3,0,0,12.7,3.7,-1.7,Activo,0,87.5,0,1.0,11.149874014161052,1,0
2024,7,Ing. Comercial,1,4,1,1,3,1,23,1,0,0,0,0,1,0,0,ninguno,7,0,0,0.0,8,0,0,0.0,7,79.0,0,0,12.7,3.7,-1.7,Abandono,1,87.5,0,2.0,0.0,1,0
2023,4,Ing. Comercio Internacional,2,1,1,1,1,1,18,1,0,0,1,0,0,0,0,ninguno,5,12,5,13.285714285714286,5,16,5,14.8,0,62.8,0,0,12.4,0.5,1.79,Abandono,1,50.0,0,0.0,13.428588336622377,1,0
2024,3,Lic. en Administración de Empresas,3,1,1,1,1,1,19,1,0,0,1,0,0,0,0,ninguno,5,6,5,12.6,5,13,5,11.8,0,86.5,2,1,16.2,0.3,-0.92,Activo,0,37.5,0,0.0,11.21452620490861,0,1
2025,3,Ing. Financiera y de Riesgos,4,15,1,1,14,1,20,1,0,0,1,0,1,0,0,ninguno,6,7,6,14.0,6,7,6,14.666666666666666,0,74.4,0,0,12.4,0.5,1.79,Activo,0,37.5,0,0.0,13.361449266354118,0,0
2024,3,Lic. en Ciencia de Datos e Inteligencia de Negocios,5,12,1,1,1,1,35,1,0,0,0,1,0,0,0,ninguno,5,7,2,11.5,5,8,2,10.5,3,61.4,0,0,7.6,2.6,0.32,Abandono,1,37.5,1,1.0,10.469604306110744,1,0
2024,5,Ing. Comercial,1,12,2,1,12,1,34,4,0,0,0,0,0,0,0,ninguno,6,6,0,0.0,6,9,0,0.0,6,88.4,2,1,10.8,1.4,1.74,Abandono,1,62.5,0,2.0,0.0,1,1
2025,5,Ing. Comercio Internacional,2,1,1,1,1,0,19,1,0,1,0,1,1,0,0,credito,6,6,6,11.833333333333334,6,8,6,12.875,0,72.8,0,0,10.8,1.4,1.74,Activo,0,62.5,0,0.0,11.460838704715714,0,0
2023,3,Lic. en Administración de Empresas,3,6,1,1,1,1,22,1,1,0,0,1,1,0,1,ninguno,6,10,5,11.5,6,8,5,12.4,1,72.6,0,0,13.9,-0.3,0.79,Activo,0,37.5,0,0.0,11.502523721870705,0,0
2025,1,Ing. Financiera y de Riesgos,4,8,3,1,1,1,20,1,0,0,1,0,0,0,0,ninguno,6,6,6,14.166666666666666,6,8,6,12.333333333333334,0,90.2,1,1,11.1,0.6,2.02,Activo,0,12.5,0,0.0,12.512996719451712,0,1
2024,6,Lic. en Ciencia de Datos e Inteligencia de Negocios,5,13,1,0,1,1,27,2,0,0,1,0,0,0,1,ninguno,2,2,2,12.5,5,6,2,12.5,0,89.8,1,1,12.7,3.7,-1.7,Activo,0,75.0,0,0.0,12.14912237908713,0,1
2025,4,Ing. Comercial,1,12,1,1,1,1,30,2,0,0,1,1,0,0,0,ninguno,5,5,0,0.0,5,5,0,0.0,5,75.9,0,0,7.6,2.6,0.32,Abandono,1,50.0,1,3.0,0.0,1,0
2025,1,Ing. Comercio Internacional,2,12,1,1,1,1,34,1,0,0,1,0,0,0,0,ninguno,5,7,0,0.0,5,8,1,11.0,5,70.2,0,0,10.8,1.4,1.74,Activo,0,12.5,0,1.0,5.077817881547553,1,0
2024,4,Lic. en Administración de Empresas,3,1,1,1,1,1,20,1,0,0,0,0,1,0,0,ninguno,6,14,2,10.5,6,16,0,0.0,4,74.1,2,1,10.8,1.4,1.74,Abandono,1,50.0,1,2.0,4.900429709029964,1,1
2024,6,Ing. Financiera y de Riesgos,4,8,1,1,1,1,18,1,0,0,1,0,1,0,1,ninguno,6,6,6,11.833333333333334,6,6,6,13.166666666666666,0,81.4,1,1,7.6,2.6,0.32,Activo,0,75.0,1,0.0,11.919846633122832,0,1
2024,4,Lic. en Ciencia de Datos e Inteligencia de Negocios,5,1,1,1,1,1,26,1,0,1,1,0,0,0,1,mixto,5,9,0,0.0,5,6,0,0.0,5,71.9,2,1,7.6,2.6,0.32,Abandono,1,50.0,1,1.0,0.0,1,1
2023,1,Ing. Comercial,1,12,1,0,1,1,26,1,0,0,1,0,0,0,0,ninguno,5,5,5,12.4,5,5,5,12.4,0,100.0,0,0,15.5,2.8,-4.06,Activo,0,12.5,2,0.0,11.50155812900816,0,0
2024,7,Ing. Comercio Internacional,2,12,2,1,1,1,26,1,0,0,0,0,0,0,0,ninguno,5,5,2,10.5,5,9,0,0.0,3,84.2,3,1,10.8,1.4,1.74,Abandono,1,87.5,1,1.0,4.268030232134785,1,1
2025,7,Lic. en Administración de Empresas,3,12,1,0,1,1,31,1,0,0,0,1,0,0,1,ninguno,5,9,0,0.0,5,6,0,0.0,5,77.7,1,1,12.4,0.5,1.79,Abandono,1,87.5,0,2.0,0.0,1,1
2024,3,Ing. Financiera y de Riesgos,4,1,3,1,1,1,20,1,0,1,1,0,1,0,1,beca,12,12,12,14.583333333333334,11,14,11,14.333333333333334,0,81.2,2,1,8.9,1.4,3.51,Activo,0,37.5,0,0.0,14.116020487243645,0,1
2023,3,Lic. en Ciencia de Datos e Inteligencia de Negocios,5,1,1,1,1,1,19,1,0,0,1,0,1,0,0,ninguno,6,6,6,11.666666666666666,6,10,3,12.666666666666666,0,63.3,1,1,7.6,2.6,0.32,Activo,0,37.5,0,0.0,11.342285761348556,1,1
2025,6,Ing. Comercial,1,8,1,1,1,1,23,1,0,0,0,1,1,0,1,ninguno,5,5,0,0.0,5,5,0,0.0,5,56.4,0,0,7.6,2.6,0.32,Abandono,1,75.0,0,3.0,0.0,1,0
2024,1,Ing. Comercio Internacional,2,1,6,1,1,1,20,1,0,1,1,0,1,0,0,mixto,7,14,1,13.0,7,15,0,0.0,6,92.1,0,0,11.1,0.6,2.02,Abandono,1,12.5,0,2.0,5.886476058608876,1,0
2023,4,Lic. en Administración de Empresas,3,16,1,1,1,1,20,1,0,0,1,0,0,0,0,ninguno,7,7,7,15.66,10,11,9,15.011111111111113,0,77.2,0,0,11.1,0.6,2.02,Activo,0,50.0,0,0.0,14.819067340401023,0,0
2025,1,Ing. Financiera y de Riesgos,4,12,1,0,1,1,29,1,0,0,1,0,1,0,1,ninguno,6,10,0,0.0,5,10,0,0.0,6,64.6,1,1,7.6,2.6,0.32,Abandono,1,12.5,1,2.0,0.0,1,1
2024,3,Lic. en Ciencia de Datos e Inteligencia de Negocios,5,1,4,1,1,1,20,1,0,1,1,0,1,0,1,beca,6,6,6,12.166666666666666,6,8,4,12.75,0,100.0,0,0,9.4,-0.8,-3.12,Activo,0,37.5,0,0.0,11.921257610213411,0,0
2024,2,Ing. Comercial,1,1,1,1,1,1,24,1,0,0,1,0,0,0,0,ninguno,7,7,6,13.3,7,7,6,13.3,1,67.7,0,0,7.6,2.6,0.32,Activo,0,25.0,0,0.0,12.47009169257685,0,0
2024,2,Ing. Comercio Internacional,2,12,1,1,12,1,37,1,0,0,1,0,0,0,0,ninguno,7,15,0,0.0,7,13,0,0.0,7,72.8,1,1,11.1,0.6,2.02,Abandono,1,25.0,0,2.0,0.0,1,1
2024,3,Lic. en Administración de Empresas,3,1,5,1,1,1,18,1,0,0,1,0,1,0,1,ninguno,7,0,0,0.0,8,0,0,0.0,7,100.0,0,0,7.6,2.6,0.32,Abandono,1,37.5,0,2.0,0.0,1,0
2023,8,Ing. Financiera y de Riesgos,4,1,2,1,1,1,18,1,0,1,0,1,1,0,1,beca,0,0,0,0.0,0,0,0,0.0,0,74.4,0,0,13.9,-0.3,0.79,Abandono,1,100.0,0,0.0,0.0,0,0
2024,2,Lic. en Ciencia de Datos e Inteligencia de Negocios,5,8,1,1,1,1,18,1,0,0,1,0,0,0,0,ninguno,8,8,7,13.55714285714286,8,8,7,13.55714285714286,1,67.5,2,1,12.7,3.7,-1.7,Activo,0,25.0,0,1.0,13.090359167804909,0,1
2024,8,Ing. Comercial,1,15,1,1,14,1,41,2,0,0,1,1,0,0,0,ninguno,7,15,5,14.333333333333334,6,16,6,14.636363636363637,2,81.0,0,0,12.4,0.5,1.79,Activo,0,100.0,0,1.0,13.589084167285984,1,0
2023,1,Ing. Comercio Internacional,2,12,1,1,1,1,35,1,0,0,1,0,0,0,1,ninguno,6,16,4,12.0,6,11,3,10.333333333333334,2,72.5,0,0,13.9,-0.3,0.79,Abandono,1,12.5,1,1.0,10.476613335215637,1,0
2024,2,Lic. en Administración de Empresas,3,8,1,1,1,0,19,1,0,0,1,0,0,0,0,ninguno,5,5,0,0.0,6,0,0,0.0,5,74.2,3,1,8.9,1.4,3.51,Abandono,1,25.0,0,2.0,0.0,1,1
2024,6,Ing. Financiera y de Riesgos,4,1,1,1,1,1,18,1,0,0,1,0,1,0,1,ninguno,0,0,0,0.0,0,0,0,0.0,0,100.0,0,0,10.8,1.4,1.74,Activo,0,75.0,0,0.0,0.0,0,0
2024,6,Lic. en Ciencia de Datos e Inteligencia de Negocios,5,12,1,1,1,0,48,2,0,0,1,0,0,0,0,ninguno,7,11,4,11.75,7,14,3,11.725,3,92.2,1,1,11.1,0.6,2.02,Activo,0,75.0,0,1.0,11.187098264540301,1,1
2025,7,Ing. Comercial,1,1,1,1,1,0,19,1,0,0,1,0,1,0,1,ninguno,7,7,6,12.183333333333332,7,7,6,12.183333333333332,1,55.7,0,0,7.6,2.6,0.32,Activo,0,87.5,0,1.0,11.292249404728885,1,0
2025,1,Ing. Comercio Internacional,2,15,1,1,14,1,30,1,0,0,0,0,1,0,0,ninguno,9,18,6,11.833333333333334,8,21,4,11.0,3,65.9,2,1,15.5,2.8,-4.06,Abandono,1,12.5,0,1.0,10.799356849614089,1,1
2025,1,Lic. en Administración de Empresas,3,14,1,1,1,1,51,2,0,0,0,1,0,0,1,ninguno,4,4,0,0.0,4,4,0,0.0,4,67.9,1,1,12.7,3.7,-1.7,Abandono,1,12.5,0,2.0,0.0,1,1
2024,3,Ing. Financiera y de Riesgos,4,5,1,1,1,0,18,1,1,0,1,0,0,0,1,ninguno,6,8,6,15.0,6,10,5,14.333333333333334,0,72.2,1,1,11.1,0.6,2.02,Activo,0,37.5,0,0.0,14.299791321321301,0,1
2024,1,Lic. en Ciencia de Datos e Inteligencia de Negocios,5,1,1,1,1,0,18,1,0,0,1,0,1,0,0,ninguno,0,0,0,0.0,0,0,0,0.0,0,67.1,0,0,10.8,1.4,1.74,Activo,0,12.5,2,0.0,0.0,0,0
2023,8,Ing. Comercial,1,1,1,1,1,0,18,1,0,0,1,0,1,0,0,ninguno,0,0,0,0.0,0,0,0,0.0,0,84.8,1,1,11.1,0.6,2.02,Activo,0,100.0,0,0.0,0.0,0,1
2024,2,Ing. Comercio Internacional,2,1,5,1,1,0,18,1,0,1,1,0,1,0,0,mixto,8,8,8,13.435,8,8,8,13.435,0,71.4,1,1,9.4,-0.8,-3.12,Activo,0,25.0,0,0.0,12.569077797365997,0,1
2025,3,Lic. en Administración de Empresas,3,1,1,1,1,0,18,1,0,0,1,0,1,0,0,ninguno,5,8,4,13.5,5,9,0,0.0,1,69.1,1,1,10.8,1.4,1.74,Abandono,1,37.5,0,0.0,6.33804143834315,0,1
2025,5,Ing. Financiera y de Riesgos,4,1,1,1,1,0,18,1,0,0,1,0,1,0,1,ninguno,0,0,0,0.0,0,0,0,0.0,0,80.9,1,1,12.4,0.5,1.79,Activo,0,62.5,0,0.0,0.0,0,1
2024,4,Lic. en Ciencia de Datos e Inteligencia de Negocios,5,9,1,1,1,0,23,1,0,0,1,0,1,0,0,ninguno,17,18,17,11.5,17,17,17,12.176470588235292,0,79.5,2,1,12.4,0.5,1.79,Activo,0,50.0,0,0.0,11.307364227918193,0,1
2024,1,Ing. Comercial,1,1,1,1,1,0,19,1,0,0,1,0,1,0,1,ninguno,6,10,2,10.5,6,6,3,11.0,4,84.8,0,0,7.6,2.6,0.32,Activo,0,12.5,0,2.0,9.994744107653188,1,0
2025,5,Ing. Comercio Internacional,2,1,1,1,1,0,21,1,0,0,1,0,0,1,0,ninguno,6,13,4,12.0,6,17,2,11.5,2,78.7,0,0,11.1,0.6,2.02,Activo,0,62.5,0,1.0,10.92010366835724,1,0
2023,5,Lic. en Administración de Empresas,3,1,1,1,1,0,18,1,0,0,0,1,1,0,1,ninguno,6,7,5,12.2,6,11,4,11.5,1,61.2,1,1,11.1,0.6,2.02,Abandono,1,62.5,0,0.0,11.025331373834463,1,1
2023,2,Ing. Financiera y de Riesgos,4,1,1,1,1,0,18,1,0,0,1,0,1,1,0,ninguno,0,0,0,0.0,0,0,0,0.0,0,83.0,1,1,11.1,0.6,2.02,Activo,0,25.0,2,0.0,0.0,0,1
2024,1,Lic. en Ciencia de Datos e Inteligencia de Negocios,5,17,1,1,16,0,21,1,0,0,1,0,1,0,0,ninguno,11,15,10,14.5,9,15,8,14.0,1,81.6,0,0,8.9,1.4,3.51,Activo,0,12.5,0,0.0,13.382425623513294,0,0
2025,3,Ing. Comercial,1,14,1,1,1,0,20,1,0,0,1,1,0,0,0,ninguno,6,7,6,13.333333333333334,6,8,6,12.666666666666666,0,81.3,0,0,12.4,0.5,1.79,Activo,0,37.5,1,0.0,12.394045342069768,0,0
2023,5,Ing. Comercio Internacional,2,13,1,1,1,0,24,1,0,0,1,0,0,0,0,ninguno,11,29,9,12.0,10,21,9,12.555555555555555,2,78.5,2,1,9.4,-0.8,-3.12,Activo,0,62.5,1,1.0,11.891061382070886,1,1
2024,6,Lic. en Administración de Empresas,3,1,1,1,1,0,18,1,0,0,1,0,1,0,1,ninguno,6,9,6,15.125,6,9,6,14.0,0,97.0,1,1,13.9,-0.3,0.79,Activo,0,75.0,1,0.0,13.867390710842331,0,1
2024,2,Ing. Financiera y de Riesgos,4,8,1,1,1,0,18,1,0,0,1,0,1,0,1,ninguno,7,7,6,13.116666666666667,7,7,6,13.116666666666667,1,81.4,0,0,7.6,2.6,0.32,Activo,0,25.0,2,0.0,12.150055697445893,0,0
2024,6,Lic. en Ciencia de Datos e Inteligencia de Negocios,5,1,1,1,1,0,19,1,0,0,1,0,1,0,0,ninguno,6,7,6,12.833333333333334,6,7,6,11.666666666666666,0,87.3,0,0,11.1,0.6,2.02,Activo,0,75.0,0,0.0,11.394904444025242,0,0
2025,1,Ing. Comercial,1,15,1,1,14,0,20,1,0,1,1,0,1,0,0,beca,6,6,6,13.333333333333334,6,6,6,14.166666666666666,0,90.7,1,1,13.9,-0.3,0.79,Activo,0,12.5,1,0.0,13.04490954661543,0,1
2024,4,Ing. Comercio Internacional,2,1,6,1,1,0,18,1,0,0,1,0,1,0,0,ninguno,7,7,7,13.877142857142855,8,8,8,15.6625,0,85.4,0,0,12.4,0.5,1.79,Activo,0,50.0,1,0.0,14.01705746632706,0,0
2024,3,Lic. en Administración de Empresas,3,1,6,1,1,0,18,1,0,0,1,0,1,0,1,ninguno,8,8,7,12.944285714285714,8,8,7,12.944285714285714,1,70.9,0,0,10.8,1.4,1.74,Activo,0,37.5,0,0.0,11.992892295360813,0,0
2024,1,Ing. Financiera y de Riesgos,4,8,1,1,1,0,19,1,0,0,1,0,1,0,0,ninguno,6,8,5,12.333333333333334,6,8,5,11.0,1,78.7,2,1,15.5,2.8,-4.06,Activo,0,12.5,0,0.0,11.066826710562196,0,1
2025,7,Lic. en Ciencia de Datos e Inteligencia de Negocios,5,1,1,1,1,0,19,1,0,0,1,0,1,0,1,ninguno,7,7,6,14.266666666666666,7,7,6,14.266666666666666,1,81.9,1,1,7.6,2.6,0.32,Activo,0,87.5,0,0.0,13.73469076940682,0,1
2024,1,Ing. Comercial,1,1,2,1,1,0,18,1,0,0,1,0,1,0,0,ninguno,6,8,5,13.0,6,8,5,14.0,1,86.0,0,0,13.9,-0.3,0.79,Activo,0,12.5,1,0.0,12.515930904499687,0,0
2025,3,Ing. Comercio Internacional,2,1,2,1,1,0,20,1,0,0,1,0,1,0,0,ninguno,8,8,8,12.48375,8,8,8,12.48375,0,73.4,0,0,9.4,-0.8,-3.12,Activo,0,37.5,0,0.0,11.579339806542768,0,0
2025,6,Lic. en Administración de Empresas,3,1,2,1,1,0,18,1,0,0,1,0,1,0,1,ninguno,7,8,7,13.428571428571429,8,8,8,15.3125,0,78.3,1,1,16.2,0.3,-0.92,Activo,0,75.0,0,0.0,13.844405205052693,0,1
2023,2,Ing. Financiera y de Riesgos,4,8,3,0,1,0,18,2,0,0,0,1,0,0,0,ninguno,6,9,3,10.666666666666666,6,12,0,0.0,3,76.5,0,0,7.6,2.6,0.32,Abandono,1,25.0,0,1.0,4.708686915180687,1,0
2025,6,Lic. en Ciencia de Datos e Inteligencia de Negocios,5,1,1,1,1,0,18,1,0,0,1,0,1,0,0,ninguno,6,8,5,15.4,6,7,5,12.2,1,67.4,1,1,7.6,2.6,0.32,Activo,0,75.0,2,0.0,13.20944530969454,0,1
2025,2,Ing. Comercial,1,1,4,1,1,0,18,1,0,0,1,0,1,0,0,ninguno,7,7,6,13.45,7,7,6,13.45,1,68.3,0,0,7.6,2.6,0.32,Activo,0,25.0,1,0.0,13.045633024929996,0,0
2024,5,Ing. Comercio Internacional,2,8,5,1,1,0,18,1,0,1,1,0,1,0,1,beca,7,7,6,12.6,7,7,6,12.6,1,81.5,3,1,7.6,2.6,0.32,Activo,0,62.5,0,0.0,11.629526473330719,0,1
2025,3,Lic. en Administración de Empresas,3,1,4,1,1,0,20,1,0,0,1,0,1,0,0,ninguno,7,7,7,12.485714285714286,8,12,8,12.9375,0,64.9,0,0,16.2,0.3,-0.92,Activo,0,37.5,1,0.0,12.128588441003313,1,0
2024,6,Ing. Financiera y de Riesgos,4,1,2,1,1,0,22,1,0,1,1,0,1,0,0,credito,6,10,5,10.8,6,7,5,12.8,1,61.3,1,1,12.7,3.7,-1.7,Activo,0,75.0,0,0.0,10.887269642153464,1,1
2023,2,Lic. en Ciencia de Datos e Inteligencia de Negocios,5,14,1,1,1,0,20,1,0,0,1,1,0,0,0,ninguno,6,12,5,12.2,6,8,5,14.6,1,64.1,1,1,13.9,-0.3,0.79,Activo,0,25.0,1,0.0,12.967450640623532,1,1
2023,1,Ing. Comercial,1,15,1,1,14,0,20,1,0,0,1,0,1,0,1,ninguno,6,11,5,14.2,6,12,2,13.5,1,84.8,1,1,13.9,-0.3,0.79,Activo,0,12.5,2,1.0,13.166490432553946,0,1
2023,5,Ing. Comercio Internacional,2,1,2,1,1,0,18,1,0,0,1,0,1,0,1,ninguno,6,7,6,13.833333333333334,6,6,6,14.0,0,87.3,1,1,9.4,-0.8,-3.12,Activo,0,62.5,1,0.0,13.599893697079679,0,1
2023,5,Lic. en Administración de Empresas,3,1,1,1,1,0,18,1,0,0,1,0,0,0,1,ninguno,6,8,5,12.8,6,14,3,10.0,1,76.8,2,1,9.4,-0.8,-3.12,Activo,0,62.5,0,1.0,10.565045661310384,0,1
2024,7,Ing. Financiera y de Riesgos,4,8,3,1,1,0,18,1,0,0,1,0,0,0,1,ninguno,5,5,5,13.2,5,6,4,12.5,0,90.8,3,1,9.4,-0.8,-3.12,Activo,0,87.5,0,0.0,12.143360271227605,0,1
2025,1,Lic. en Ciencia de Datos e Inteligencia de Negocios,5,8,1,1,1,0,18,1,0,1,1,1,0,0,0,beca,6,7,1,14.0,6,6,0,0.0,5,61.8,0,0,15.5,2.8,-4.06,Abandono,1,12.5,1,2.0,6.262087291571174,1,0
2024,4,Ing. Comercial,1,8,1,1,1,0,19,1,0,0,1,0,0,0,0,ninguno,8,8,8,13.875,6,8,5,14.0,0,92.0,2,1,11.1,0.6,2.02,Activo,0,50.0,0,0.0,13.601295382211742,0,1
2024,6,Ing. Comercio Internacional,2,1,1,1,1,0,19,1,0,1,1,0,1,0,0,beca,5,7,5,12.5,5,8,5,12.714285714285714,0,71.9,0,0,10.8,1.4,1.74,Activo,0,75.0,0,0.0,12.159416025996826,0,0
2024,4,Lic. en Administración de Empresas,3,8,2,1,1,0,18,1,0,1,1,0,0,0,0,mixto,6,7,6,13.428571428571429,6,6,6,12.5,0,71.7,3,1,13.9,-0.3,0.79,Activo,0,50.0,0,0.0,12.61225410363821,0,1
2025,7,Ing. Financiera y de Riesgos,4,1,1,1,1,0,18,1,0,1,0,0,0,0,0,beca,6,7,5,11.8,6,7,5,13.0,1,82.5,1,1,8.9,1.4,3.51,Activo,0,87.5,0,0.0,11.897759978937332,0,1
2025,5,Lic. en Ciencia de Datos e Inteligencia de Negocios,5,8,3,1,1,0,18,1,0,1,1,0,1,0,1,mixto,7,7,7,14.868571428571428,8,9,8,15.11111111111111,0,75.2,0,0,11.1,0.6,2.02,Activo,0,62.5,0,0.0,14.250633964463765,0,0
2025,4,Ing. Comercial,1,1,4,1,1,0,18,1,0,0,1,0,1,0,0,ninguno,7,10,7,13.03,8,8,8,13.21875,0,71.5,0,0,15.5,2.8,-4.06,Activo,0,50.0,0,0.0,12.428044810977838,0,0
2024,3,Ing. Comercio Internacional,2,8,1,1,1,0,19,1,0,0,1,0,1,0,1,ninguno,6,7,6,14.571428571428571,6,7,6,12.333333333333334,0,78.3,2,1,12.4,0.5,1.79,Activo,0,37.5,0,0.0,12.72387607725158,0,1
2024,2,Lic. en Administración de Empresas,3,8,2,1,1,0,18,1,0,0,1,0,1,0,0,ninguno,6,9,5,11.0,6,9,4,11.25,1,64.2,0,0,8.9,1.4,3.51,Activo,0,25.0,1,0.0,10.440524110035474,1,0
2024,6,Ing. Financiera y de Riesgos,4,12,1,1,12,0,25,1,0,1,1,0,0,0,0,beca,8,8,8,13.3675,8,8,8,13.3675,0,76.6,0,0,9.4,-0.8,-3.12,Activo,0,75.0,0,0.0,12.876379843026898,0,0
2024,6,Lic. en Ciencia de Datos e Inteligencia de Negocios,5,1,4,1,1,0,19,1,0,1,1,0,1,0,0,beca,7,7,6,12.808333333333332,8,11,7,12.825714285714286,1,64.7,0,0,12.4,0.5,1.79,Activo,0,75.0,1,0.0,12.34586856138271,1,0
2025,3,Ing. Comercial,1,8,6,1,1,0,18,1,0,0,1,0,1,0,1,ninguno,7,7,7,13.918571428571427,8,9,8,13.8875,0,78.4,1,1,11.1,0.6,2.02,Activo,0,37.5,1,0.0,13.507093935810108,0,1
2025,6,Ing. Comercio Internacional,2,8,1,1,1,0,19,1,0,0,1,0,1,0,1,ninguno,6,8,6,13.0,6,9,4,12.8,0,85.2,0,0,13.9,-0.3,0.79,Activo,0,75.0,1,0.0,12.005650387567556,0,0
2023,4,Lic. en Administración de Empresas,3,1,1,1,1,0,18,2,0,0,1,0,0,0,0,ninguno,7,7,6,13.683333333333332,7,7,6,13.683333333333332,1,80.8,0,0,7.6,2.6,0.32,Activo,0,50.0,0,1.0,12.951797782354461,0,0
2025,8,Ing. Financiera y de Riesgos,4,12,1,1,1,0,24,1,0,0,1,0,0,0,1,ninguno,6,11,5,13.0,6,12,1,12.0,1,68.2,0,0,13.9,-0.3,0.79,Abandono,1,100.0,0,0.0,12.069442291247158,0,0
2023,1,Lic. en Ciencia de Datos e Inteligencia de Negocios,5,1,2,1,1,0,21,1,0,0,1,0,1,0,0,ninguno,6,8,5,12.8,6,7,5,11.2,1,73.3,0,0,11.1,0.6,2.02,Activo,0,12.5,1,1.0,11.575953434125132,0,0
2025,1,Ing. Comercial,1,1,2,1,1,0,18,1,0,1,1,0,1,0,1,beca,6,9,6,13.571428571428571,6,6,6,12.166666666666666,0,89.6,0,0,8.9,1.4,3.51,Activo,0,12.5,0,0.0,11.957922697979322,0,0
2023,1,Ing. Comercio Internacional,2,1,1,1,1,0,18,1,0,0,1,0,1,0,0,ninguno,6,6,6,13.166666666666666,6,6,6,13.166666666666666,0,79.7,0,0,8.9,1.4,3.51,Activo,0,12.5,1,0.0,12.346755062032342,0,0
2025,2,Lic. en Administración de Empresas,3,1,1,1,1,0,20,2,0,1,1,0,0,0,0,beca,6,6,6,15.0,6,6,6,14.5,0,69.0,1,1,11.1,0.6,2.02,Activo,0,25.0,0,0.0,13.98842064406624,0,1
2023,2,Ing. Financiera y de Riesgos,4,1,1,1,1,0,19,1,0,0,1,0,1,0,0,ninguno,6,6,6,12.666666666666666,6,8,5,11.4,0,81.9,0,0,12.4,0.5,1.79,Activo,0,25.0,1,0.0,11.448528458055824,0,0
2025,1,Lic. en Ciencia de Datos e Inteligencia de Negocios,5,1,2,1,1,0,19,1,0,1,1,0,1,0,0,beca,6,7,6,13.857142857142858,6,7,6,13.142857142857142,0,87.9,0,0,13.9,-0.3,0.79,Abandono,1,12.5,0,0.0,13.016617105005038,0,0
2024,1,Ing. Comercial,1,1,4,1,1,0,30,1,0,0,1,0,1,0,0,ninguno,7,7,7,14.692857142857145,8,8,8,14.9625,0,80.8,0,0,12.4,0.5,1.79,Activo,0,12.5,0,0.0,13.842063037249597,0,0
2024,1,Ing. Comercio Internacional,2,1,1,1,1,0,18,1,0,0,1,0,0,0,1,ninguno,8,8,8,14.035,8,8,8,14.035,0,62.3,0,0,9.4,-0.8,-3.12,Activo,0,12.5,0,0.0,13.17693229748404,1,0
2025,2,Lic. en Administración de Empresas,3,8,1,1,1,0,18,1,0,0,1,0,1,0,0,ninguno,5,8,4,11.0,5,8,3,14.0,1,81.2,2,1,12.7,3.7,-1.7,Activo,0,25.0,0,1.0,11.988754543804607,0,1
2024,8,Ing. Financiera y de Riesgos,4,1,1,1,1,0,18,1,0,1,1,0,1,0,1,beca,6,6,6,13.333333333333334,6,6,6,13.333333333333334,0,77.9,0,0,9.4,-0.8,-3.12,Activo,0,100.0,0,0.0,12.440037975938388,0,0
2024,4,Lic. en Ciencia de Datos e Inteligencia de Negocios,5,9,1,1,1,0,20,1,0,0,1,0,0,0,1,ninguno,7,13,6,11.7725,8,9,7,12.33,1,79.9,1,1,15.5,2.8,-4.06,Activo,0,50.0,0,0.0,11.219997635969722,0,1
2024,4,Ing. Comercial,1,1,1,1,1,0,19,1,0,0,1,0,0,0,0,ninguno,6,0,0,0.0,6,0,0,0.0,6,91.4,0,0,11.1,0.6,2.02,Abandono,1,50.0,0,2.0,0.0,1,0
2025,1,Ing. Comercio Internacional,2,14,2,1,1,0,19,1,0,0,1,0,1,0,1,ninguno,6,0,0,0.0,6,12,0,0.0,6,92.4,0,0,10.8,1.4,1.74,Abandono,1,12.5,0,1.0,0.0,1,0
2025,8,Lic. en Administración de Empresas,3,1,1,1,1,0,19,1,0,0,0,0,1,0,0,ninguno,0,0,0,0.0,0,0,0,0.0,0,71.7,2,1,10.8,1.4,1.74,Abandono,1,100.0,0,0.0,0.0,0,1
2024,1,Ing. Financiera y de Riesgos,4,1,4,1,1,0,18,1,0,1,1,0,1,0,0,beca,6,7,6,12.285714285714286,6,6,6,12.0,0,90.7,1,1,8.9,1.4,3.51,Activo,0,12.5,2,0.0,11.765120431792466,0,1
2025,1,Lic. en Ciencia de Datos e Inteligencia de Negocios,5,1,4,1,1,0,17,1,0,0,1,0,1,0,0,ninguno,8,14,5,12.46,8,14,5,12.46,3,67.9,1,1,10.8,1.4,1.74,Activo,0,12.5,1,1.0,11.654066577012212,1,1
2023,3,Ing. Comercial,1,9,1,1,1,0,19,1,0,0,1,0,1,0,1,ninguno,7,10,6,12.166666666666666,7,9,6,13.166666666666666,1,82.4,0,0,12.4,0.5,1.79,Activo,0,37.5,0,0.0,12.17940836651896,0,0
2024,4,Ing. Comercio Internacional,2,1,4,1,1,0,18,1,0,0,1,0,1,1,0,ninguno,6,9,5,11.833333333333334,6,8,2,11.5,1,87.0,0,0,13.9,-0.3,0.79,Activo,0,50.0,0,1.0,10.792625110644291,0,0
2024,4,Lic. en Administración de Empresas,3,4,1,1,3,0,25,1,0,0,1,0,0,0,0,ninguno,8,8,7,14.805714285714286,8,8,7,14.805714285714286,1,75.6,0,0,10.8,1.4,1.74,Activo,0,50.0,0,0.0,13.808788187654187,0,0
2024,3,Ing. Financiera y de Riesgos,4,1,1,1,1,0,19,1,0,0,1,0,1,0,0,ninguno,6,11,5,10.6,6,10,6,11.714285714285714,1,83.2,0,0,11.1,0.6,2.02,Abandono,1,37.5,1,1.0,10.803508987392103,0,0
2024,1,Lic. en Ciencia de Datos e Inteligencia de Negocios,5,17,1,1,16,0,24,1,0,0,0,1,1,0,1,ninguno,9,9,8,13.125,9,13,6,13.0,1,75.4,0,0,8.9,1.4,3.51,Activo,0,12.5,0,0.0,12.43137541244141,0,0
2025,3,Ing. Comercial,1,1,1,1,1,0,19,1,0,1,1,1,1,0,0,mixto,6,6,6,12.833333333333334,6,6,6,12.666666666666666,0,73.1,0,0,9.4,-0.8,-3.12,Activo,0,37.5,0,0.0,11.888556208482438,0,0
2023,3,Ing. Comercio Internacional,2,9,1,1,1,0,20,1,0,1,1,0,0,0,1,credito,8,8,0,0.0,8,8,0,0.0,8,69.6,0,0,9.4,-0.8,-3.12,Activo,0,37.5,0,5.0,0.0,1,0
2023,2,Lic. en Administración de Empresas,3,1,1,1,1,0,20,1,0,1,1,0,1,0,0,beca,6,9,5,13.0,6,6,5,13.8,1,84.4,0,0,12.4,0.5,1.79,Activo,0,25.0,0,0.0,12.568001989168323,0,0
2024,2,Ing. Financiera y de Riesgos,4,1,2,1,1,0,20,1,0,1,1,0,1,0,1,credito,7,8,7,12.725,8,8,8,13.7125,0,69.7,0,0,13.9,-0.3,0.79,Activo,0,25.0,0,0.0,12.674453545288662,0,0
2025,3,Lic. en Ciencia de Datos e Inteligencia de Negocios,5,8,1,1,1,0,19,1,0,0,1,0,1,0,1,ninguno,5,10,4,11.25,5,10,3,10.333333333333334,1,82.8,2,1,12.7,3.7,-1.7,Activo,0,37.5,0,0.0,10.173969387687132,0,1
2023,8,Ing. Comercial,1,4,1,1,4,0,31,1,0,0,1,0,1,0,0,ninguno,12,12,11,13.818181818181818,12,16,12,13.461538461538462,1,77.3,0,0,15.5,2.8,-4.06,Activo,0,100.0,2,0.0,12.923382289721111,0,0
2024,6,Ing. Comercio Internacional,2,1,1,1,1,0,20,1,0,0,1,0,0,0,0,ninguno,5,12,3,12.333333333333334,5,8,3,13.0,2,66.9,1,1,9.4,-0.8,-3.12,Activo,0,75.0,1,1.0,11.684908258165388,1,1
2023,2,Lic. en Administración de Empresas,3,1,3,1,1,0,18,1,0,0,1,0,1,0,0,ninguno,5,14,3,12.333333333333334,5,8,5,11.6,2,83.4,0,0,9.4,-0.8,-3.12,Activo,0,25.0,0,1.0,11.437383577009722,1,0
2025,4,Ing. Financiera y de Riesgos,4,8,1,1,1,0,18,1,0,0,1,1,0,0,1,ninguno,6,8,4,13.25,6,10,3,10.666666666666666,2,72.9,3,1,12.7,3.7,-1.7,Activo,0,50.0,0,1.0,11.012132611931532,1,1
2023,6,Lic. en Ciencia de Datos e Inteligencia de Negocios,5,1,4,1,1,0,18,1,0,0,1,0,1,0,1,ninguno,6,7,6,13.666666666666666,6,9,5,15.4,0,82.2,2,1,13.9,-0.3,0.79,Activo,0,75.0,0,0.0,14.044783490606987,0,1
2024,3,Ing. Comercial,1,16,1,1,1,0,20,1,0,0,1,1,0,0,0,ninguno,11,18,8,12.625,10,10,3,11.0,3,84.9,0,0,11.1,0.6,2.02,Activo,0,37.5,1,1.0,10.820147874168407,1,0
2023,6,Ing. Comercio Internacional,2,8,1,1,1,0,20,1,0,1,1,0,1,0,1,credito,6,6,6,14.833333333333334,6,8,6,12.142857142857142,0,80.3,1,1,8.9,1.4,3.51,Activo,0,75.0,0,0.0,12.718910657315924,0,1
2025,4,Lic. en Administración de Empresas,3,8,2,1,1,0,19,1,0,1,1,0,0,0,0,beca,6,7,5,11.2,6,10,5,13.125,1,100.0,1,1,10.8,1.4,1.74,Abandono,1,50.0,0,0.0,11.538041963749015,0,1
2024,1,Ing. Financiera y de Riesgos,4,8,1,1,1,0,21,1,0,1,1,0,0,0,0,mixto,5,6,5,11.4,5,6,5,12.2,0,75.5,1,1,12.7,3.7,-1.7,Activo,0,12.5,0,0.0,11.070626700355477,0,1
2025,3,Lic. en Ciencia de Datos e Inteligencia de Negocios,5,1,4,1,1,0,18,1,0,0,1,0,1,0,0,ninguno,7,8,7,13.135,8,9,8,13.244444444444444,0,88.4,0,0,12.4,0.5,1.79,Activo,0,37.5,1,0.0,12.698950403894077,0,0
2024,5,Ing. Comercial,1,16,1,1,1,0,21,1,0,0,1,0,1,0,0,ninguno,10,10,10,13.0,11,11,10,11.4,0,69.7,0,0,11.1,0.6,2.02,Abandono,1,62.5,0,0.0,11.708078299741972,0,0
2023,3,Ing. Comercio Internacional,2,1,4,1,1,0,19,1,0,0,1,0,1,0,0,ninguno,7,12,4,12.85,7,7,7,12.62142857142857,3,88.4,0,0,11.1,0.6,2.02,Activo,0,37.5,0,2.0,12.356226105023838,1,0
2025,1,Lic. en Administración de Empresas,3,15,1,1,14,0,20,1,0,0,1,0,0,0,1,ninguno,6,6,6,13.5,6,9,5,12.5,0,70.2,1,1,13.9,-0.3,0.79,Activo,0,12.5,0,0.0,12.620164791606221,0,1
2023,5,Ing. Financiera y de Riesgos,4,15,1,1,1,0,20,1,0,0,1,0,0,0,0,ninguno,6,7,6,14.285714285714286,6,9,3,13.0,0,74.0,1,1,13.9,-0.3,0.79,Activo,0,62.5,0,0.0,13.099486923828904,0,1
2025,5,Lic. en Ciencia de Datos e Inteligencia de Negocios,5,1,1,1,1,0,18,1,0,1,1,0,1,0,0,beca,6,8,5,13.5,6,6,6,14.5,1,66.7,1,1,12.4,0.5,1.79,Activo,0,62.5,0,0.0,13.16600116547254,0,1
2024,1,Ing. Comercial,1,1,1,1,1,0,18,1,0,1,1,0,1,0,1,credito,5,8,4,10.75,5,5,5,13.0,1,69.6,0,0,12.4,0.5,1.79,Activo,0,12.5,0,0.0,11.149420182681286,0,0
2025,2,Ing. Comercio Internacional,2,8,1,1,1,0,18,1,0,1,1,0,1,0,0,beca,6,9,6,11.333333333333334,6,9,6,11.833333333333334,0,97.9,0,0,8.9,1.4,3.51,Activo,0,25.0,0,0.0,11.21152414110162,0,0
2025,8,Lic. en Administración de Empresas,3,14,1,1,14,0,21,1,0,1,1,0,1,0,0,credito,7,15,3,13.0,5,12,5,13.285714285714286,4,86.9,1,1,10.8,1.4,1.74,Activo,0,100.0,1,2.0,12.246291575374006,1,1
2025,4,Ing. Financiera y de Riesgos,4,1,1,1,1,0,18,1,0,0,1,0,0,0,0,ninguno,7,7,6,13.966666666666669,7,7,6,13.966666666666669,1,65.3,0,0,7.6,2.6,0.32,Activo,0,50.0,0,0.0,13.245709327773621,0,0
2025,5,Lic. en Ciencia de Datos e Inteligencia de Negocios,5,1,1,1,1,0,18,1,0,1,1,0,1,0,1,beca,8,8,8,14.14125,8,8,8,14.14125,0,86.3,0,0,9.4,-0.8,-3.12,Activo,0,62.5,0,0.0,13.168651096250654,0,0
2024,2,Ing. Comercial,1,8,2,1,1,0,20,1,0,1,1,0,1,0,1,beca,6,10,4,11.6,6,10,4,11.75,2,81.0,0,0,12.7,3.7,-1.7,Activo,0,25.0,0,1.0,10.905870172812156,1,0
2025,5,Ing. Comercio Internacional,2,13,1,1,2,0,32,2,0,1,1,0,0,0,0,mixto,8,8,8,14.6625,8,8,8,14.6625,0,70.3,2,1,9.4,-0.8,-3.12,Activo,0,62.5,1,0.0,14.239877595407073,0,1
2023,2,Lic. en Administración de Empresas,3,12,1,0,1,0,34,2,0,0,1,0,0,0,1,ninguno,5,5,0,0.0,5,5,0,0.0,5,92.5,0,0,9.4,-0.8,-3.12,Activo,0,25.0,0,2.0,0.0,1,0
2024,6,Ing. Financiera y de Riesgos,4,1,2,1,1,0,23,1,0,1,1,0,1,0,0,beca,7,8,6,12.993333333333334,8,9,8,12.66875,1,76.8,1,1,11.1,0.6,2.02,Activo,0,75.0,0,1.0,12.077093348383624,0,1
2024,4,Lic. en Ciencia de Datos e Inteligencia de Negocios,5,1,5,1,1,0,18,1,0,0,1,0,1,0,1,ninguno,6,10,4,11.25,6,11,5,12.2,2,72.5,2,1,8.9,1.4,3.51,Activo,0,50.0,0,0.0,11.405214709265016,1,1
2024,4,Ing. Comercial,1,8,1,0,1,0,18,1,0,0,1,0,0,0,1,ninguno,6,8,5,12.2,6,10,5,12.8,1,72.0,0,0,10.8,1.4,1.74,Activo,0,50.0,0,0.0,12.189562815091634,0,0
2024,5,Ing. Comercio Internacional,2,14,1,1,2,0,34,1,0,0,1,0,1,0,0,ninguno,0,0,0,0.0,0,0,0,0.0,0,92.7,0,0,10.8,1.4,1.74,Abandono,1,62.5,0,0.0,0.0,0,0
2023,3,Lic. en Administración de Empresas,3,12,1,0,1,0,25,1,1,0,1,1,0,0,1,ninguno,6,6,6,11.333333333333334,6,6,4,11.75,0,84.5,0,0,8.9,1.4,3.51,Activo,0,37.5,1,0.0,11.065501562134838,0,0
2024,3,Ing. Financiera y de Riesgos,4,1,1,1,1,0,21,1,0,0,1,0,0,0,0,ninguno,5,7,5,12.2,5,7,5,11.8,0,74.6,1,1,11.1,0.6,2.02,Activo,0,37.5,0,0.0,11.399315613535528,0,1
2025,4,Lic. en Ciencia de Datos e Inteligencia de Negocios,5,1,1,1,1,0,20,1,0,1,1,0,1,0,0,beca,6,12,0,0.0,6,12,0,0.0,6,84.1,1,1,7.6,2.6,0.32,Abandono,1,50.0,0,2.0,0.0,1,1
2025,7,Ing. Comercial,1,1,5,1,1,0,18,1,0,0,1,0,1,0,0,ninguno,6,8,6,11.333333333333334,6,6,6,11.666666666666666,0,78.7,3,1,7.6,2.6,0.32,Activo,0,87.5,0,0.0,11.103380673743473,0,1
2025,4,Ing. Comercio Internacional,2,8,1,1,1,0,18,1,0,0,1,0,1,0,0,ninguno,6,8,6,13.857142857142858,6,15,6,13.1,0,76.2,2,1,12.4,0.5,1.79,Activo,0,50.0,0,0.0,12.707197323190346,0,1
2023,3,Lic. en Administración de Empresas,3,8,1,1,1,0,18,1,0,0,1,0,0,0,0,ninguno,6,7,6,12.857142857142858,6,6,6,13.333333333333334,0,69.7,0,0,13.9,-0.3,0.79,Activo,0,37.5,0,0.0,12.377941452050521,0,0
2024,5,Ing. Financiera y de Riesgos,4,12,1,0,1,0,24,1,0,0,1,0,1,0,1,ninguno,6,10,1,10.0,6,12,0,0.0,5,90.3,0,0,9.4,-0.8,-3.12,Abandono,1,62.5,0,1.0,4.493875130811188,1,0
2025,1,Lic. en Ciencia de Datos e Inteligencia de Negocios,5,16,1,1,1,0,32,1,0,0,0,1,0,0,1,ninguno,15,17,14,10.214285714285714,13,13,13,11.384615384615383,1,59.5,0,0,16.2,0.3,-0.92,Activo,0,12.5,1,0.0,10.489888631045844,1,0
2025,3,Ing. Comercial,1,12,1,1,1,0,24,1,0,0,0,1,1,0,0,ninguno,6,14,6,11.285714285714286,6,16,3,10.333333333333334,0,70.0,3,1,8.9,1.4,3.51,Abandono,1,37.5,0,0.0,10.455170268776506,0,1
2023,1,Ing. Comercio Internacional,2,1,1,1,1,0,18,1,0,1,1,0,0,0,1,beca,6,6,6,13.833333333333334,6,7,0,0.0,0,91.8,0,0,15.5,2.8,-4.06,Abandono,1,12.5,1,0.0,6.342480323809079,0,0
2024,2,Lic. en Administración de Empresas,3,16,1,1,1,0,28,1,0,0,1,0,0,0,0,ninguno,6,8,6,12.857142857142858,6,8,5,12.6,0,83.5,1,1,8.9,1.4,3.51,Activo,0,25.0,0,0.0,12.320789382755448,0,1
2023,2,Ing. Financiera y de Riesgos,4,8,5,1,1,0,18,1,0,1,1,0,1,0,0,beca,6,8,6,11.666666666666666,6,9,4,12.0,0,80.5,3,1,10.8,1.4,1.74,Abandono,1,25.0,0,0.0,11.269559609029752,0,1
2025,7,Lic. en Ciencia de Datos e Inteligencia de Negocios,5,4,1,1,3,0,24,1,0,0,0,0,1,0,0,ninguno,6,12,0,0.0,5,10,0,0.0,6,81.5,0,0,9.4,-0.8,-3.12,Abandono,1,87.5,0,2.0,0.0,1,0
2025,2,Ing. Comercial,1,1,1,1,1,0,19,1,0,0,1,0,0,0,0,ninguno,5,7,5,14.4,5,6,5,13.2,0,76.3,3,1,7.6,2.6,0.32,Activo,0,25.0,1,0.0,13.116933800484503,0,1
2025,1,Ing. Comercio Internacional,2,12,1,0,1,0,44,2,0,0,1,0,0,0,0,ninguno,6,6,6,14.833333333333334,6,6,6,14.166666666666666,0,92.4,0,0,10.8,1.4,1.74,Activo,0,12.5,1,0.0,14.038176881803825,0,0
2024,2,Lic. en Administración de Empresas,3,7,3,1,1,0,18,1,0,1,1,0,1,0,0,credito,6,14,6,14.333333333333334,6,9,6,12.0,0,77.8,0,0,15.5,2.8,-4.06,Activo,0,25.0,0,0.0,12.62599092278554,0,0
2025,3,Ing. Financiera y de Riesgos,4,1,1,1,1,0,18,1,0,0,1,0,1,0,0,ninguno,0,0,0,0.0,0,0,0,0.0,0,83.0,0,0,7.6,2.6,0.32,Activo,0,37.5,1,0.0,0.0,0,0
2025,6,Lic. en Ciencia de Datos e Inteligencia de Negocios,5,1,6,1,1,0,22,1,0,0,1,0,0,0,0,ninguno,6,0,0,0.0,6,0,0,0.0,6,73.6,0,0,7.6,2.6,0.32,Abandono,1,75.0,1,3.0,0.0,1,0
2025,2,Ing. Comercial,1,9,1,1,1,0,18,1,0,1,1,0,0,0,0,beca,7,9,6,12.333333333333334,7,7,6,12.666666666666666,1,74.9,3,1,11.1,0.6,2.02,Activo,0,25.0,0,0.0,11.672750592882785,0,1
2023,3,Ing. Comercio Internacional,2,12,1,0,1,0,44,2,0,0,1,0,0,0,1,ninguno,5,5,5,11.8,5,5,5,12.4,0,70.1,0,0,15.5,2.8,-4.06,Activo,0,37.5,0,0.0,11.412619981216611,0,0
2025,5,Lic. en Administración de Empresas,3,12,1,1,12,0,33,5,0,0,1,1,0,0,0,ninguno,6,7,5,13.2,6,7,5,10.6,1,82.1,0,0,7.6,2.6,0.32,Abandono,1,62.5,0,0.0,11.346394901178458,0,0
2025,3,Ing. Financiera y de Riesgos,4,12,1,1,1,0,32,2,0,0,0,1,0,0,0,ninguno,6,6,0,0.0,5,10,0,0.0,6,87.3,1,1,10.8,1.4,1.74,Abandono,1,37.5,0,2.0,0.0,1,1
2025,6,Lic. en Ciencia de Datos e Inteligencia de Negocios,5,12,1,1,1,0,35,2,0,0,0,0,0,0,0,ninguno,6,0,0,0.0,6,0,0,0.0,6,76.6,0,0,15.5,2.8,-4.06,Abandono,1,75.0,0,3.0,0.0,1,0
2024,2,Ing. Comercial,1,1,1,1,1,0,20,1,0,0,1,0,1,0,0,ninguno,6,6,6,11.5,6,7,6,13.285714285714286,0,70.1,0,0,11.1,0.6,2.02,Activo,0,25.0,0,0.0,12.065386639628759,0,0
2024,4,Ing. Comercio Internacional,2,12,1,1,1,0,24,1,0,0,1,0,1,0,1,ninguno,6,8,5,12.6,6,7,5,12.2,1,94.6,1,1,9.4,-0.8,-3.12,Activo,0,50.0,0,0.0,11.408412148905816,0,1
2025,3,Lic. en Administración de Empresas,3,1,1,1,1,0,19,1,0,0,1,0,0,0,1,ninguno,7,7,7,13.542857142857144,8,9,8,14.22222222222222,0,72.2,0,0,16.2,0.3,-0.92,Activo,0,37.5,0,0.0,13.11747689494359,0,0
2023,4,Ing. Financiera y de Riesgos,4,1,1,1,1,0,21,1,0,0,1,0,1,0,0,ninguno,6,8,5,11.6,6,6,5,13.0,1,66.2,2,1,12.4,0.5,1.79,Activo,0,50.0,0,0.0,11.523203610649327,0,1
2025,1,Lic. en Ciencia de Datos e Inteligencia de Negocios,5,1,2,1,1,1,19,1,0,1,1,0,1,0,1,beca,6,7,6,13.666666666666666,6,6,6,13.833333333333334,0,79.4,0,0,12.7,3.7,-1.7,Activo,0,12.5,1,0.0,13.423401513886681,0,0
2025,7,Ing. Comercial,1,13,1,1,1,1,27,1,0,0,0,0,1,0,1,ninguno,6,10,0,0.0,6,8,0,0.0,6,90.5,3,1,15.5,2.8,-4.06,Abandono,1,87.5,1,2.0,0.0,1,1
2025,2,Ing. Comercio Internacional,2,12,1,1,1,0,30,1,0,0,0,0,0,0,0,ninguno,6,0,0,0.0,6,0,0,0.0,6,75.7,0,0,12.7,3.7,-1.7,Abandono,1,25.0,0,2.0,0.0,1,0
2023,2,Lic. en Administración de Empresas,3,8,4,1,1,1,21,1,0,0,1,0,1,0,1,ninguno,0,0,0,0.0,0,0,0,0.0,0,82.8,0,0,10.8,1.4,1.74,Abandono,1,25.0,0,0.0,0.0,0,0
2024,4,Ing. Financiera y de Riesgos,4,1,1,1,1,1,19,1,0,0,1,0,1,0,0,ninguno,6,6,6,11.5,6,8,6,12.285714285714286,0,84.2,1,1,8.9,1.4,3.51,Activo,0,50.0,1,0.0,11.398311735318591,0,1
2024,1,Lic. en Ciencia de Datos e Inteligencia de Negocios,5,12,1,0,1,0,34,2,0,0,1,0,0,0,1,ninguno,5,12,2,11.5,5,9,4,11.75,3,98.2,0,0,9.4,-0.8,-3.12,Activo,0,12.5,0,2.0,10.701779880650445,1,0
2024,7,Ing. Comercial,1,14,1,1,1,1,18,1,0,0,1,0,0,0,1,ninguno,7,7,7,11.828571428571427,8,10,7,12.9125,0,76.0,0,0,13.9,-0.3,0.79,Activo,0,87.5,0,0.0,11.685543823179547,0,0
2024,4,Ing. Comercio Internacional,2,1,1,1,1,1,21,1,0,0,1,0,1,0,0,ninguno,0,0,0,0.0,0,0,0,0.0,0,70.8,0,0,9.4,-0.8,-3.12,Activo,0,50.0,1,0.0,0.0,0,0
2025,8,Lic. en Administración de Empresas,3,1,2,1,1,1,17,1,0,0,1,0,1,0,0,ninguno,0,0,0,0.0,0,0,0,0.0,0,79.3,0,0,15.5,2.8,-4.06,Activo,0,100.0,0,0.0,0.0,0,0
2025,3,Ing. Financiera y de Riesgos,4,1,1,1,1,0,19,1,0,1,1,0,1,0,1,beca,7,7,6,12.966666666666669,7,7,6,12.966666666666669,1,94.8,1,1,7.6,2.6,0.32,Activo,0,37.5,0,0.0,12.166781597485055,0,1
2024,1,Lic. en Ciencia de Datos e Inteligencia de Negocios,5,1,1,1,1,1,18,1,0,0,1,0,1,0,0,ninguno,6,6,6,13.833333333333334,6,6,6,13.666666666666666,0,83.3,2,1,12.7,3.7,-1.7,Activo,0,12.5,0,0.0,12.958004423622777,0,1
2024,4,Ing. Comercial,1,8,2,1,1,0,19,1,0,0,1,0,1,0,1,ninguno,7,7,7,14.125714285714285,8,8,8,14.36875,0,93.7,1,1,11.1,0.6,2.02,Activo,0,50.0,0,0.0,13.517401617976349,0,1
2023,8,Ing. Comercio Internacional,2,12,1,1,1,0,45,4,0,0,1,1,0,0,0,ninguno,10,12,5,12.166666666666666,8,8,0,0.0,5,87.2,0,0,12.7,3.7,-1.7,Abandono,1,100.0,0,2.0,5.426149480978879,1,0
2025,3,Lic. en Administración de Empresas,3,12,1,1,1,0,26,1,0,0,1,0,1,0,1,ninguno,6,17,6,12.666666666666666,6,21,4,12.25,0,75.5,2,1,15.5,2.8,-4.06,Activo,0,37.5,0,0.0,11.854684251788171,0,1
2025,1,Ing. Financiera y de Riesgos,4,12,2,0,1,1,51,2,0,0,1,0,1,0,0,ninguno,4,4,0,0.0,5,0,0,0.0,4,85.9,2,1,12.7,3.7,-1.7,Abandono,1,12.5,1,1.0,0.0,1,1
2023,2,Lic. en Ciencia de Datos e Inteligencia de Negocios,5,12,1,1,12,1,49,2,0,1,1,1,0,0,0,beca,6,8,6,12.285714285714286,6,7,6,14.166666666666666,0,100.0,2,1,10.8,1.4,1.74,Activo,0,25.0,1,0.0,12.762813659980592,0,1
2024,2,Ing. Comercial,1,13,1,1,1,1,22,1,0,0,1,0,0,0,0,ninguno,6,7,3,14.5,7,8,4,14.375,3,81.5,0,0,15.5,2.8,-4.06,Activo,0,25.0,0,1.0,13.478618655075646,1,0
2024,6,Ing. Comercio Internacional,2,8,1,1,1,1,22,1,0,0,1,0,1,0,0,ninguno,5,8,2,10.0,5,7,1,10.0,3,89.9,2,1,7.6,2.6,0.32,Abandono,1,75.0,0,1.0,9.28784382957384,1,1
2024,2,Lic. en Administración de Empresas,3,4,1,1,3,0,33,2,0,0,1,0,0,0,1,ninguno,5,11,2,11.5,5,8,2,12.0,3,82.8,0,0,9.4,-0.8,-3.12,Abandono,1,25.0,0,1.0,11.232165288951936,1,0
2024,5,Ing. Financiera y de Riesgos,4,5,1,1,1,0,20,1,1,0,1,0,0,0,0,ninguno,5,6,5,11.6,5,6,4,11.5,0,58.8,0,0,9.4,-0.8,-3.12,Activo,0,62.5,1,0.0,10.93522410438039,1,0
2023,2,Lic. en Ciencia de Datos e Inteligencia de Negocios,5,1,4,1,1,0,18,1,0,1,1,0,1,0,0,mixto,6,6,6,12.5,6,6,6,11.666666666666666,0,65.4,0,0,10.8,1.4,1.74,Activo,0,25.0,0,0.0,11.219353981119507,0,0
2024,8,Ing. Comercial,1,1,5,1,1,0,20,1,0,0,0,1,1,0,0,ninguno,6,9,3,11.666666666666666,6,10,2,11.0,3,74.2,0,0,10.8,1.4,1.74,Abandono,1,100.0,0,1.0,10.920202090822125,1,0
2024,5,Ing. Comercio Internacional,2,18,1,0,1,0,37,2,1,0,1,0,0,0,0,ninguno,10,11,7,13.428571428571429,10,11,10,11.6,3,80.3,0,0,8.9,1.4,3.51,Activo,0,62.5,0,1.0,12.009300778563532,1,0
2024,4,Lic. en Administración de Empresas,3,1,1,1,1,1,18,1,1,0,1,0,1,0,0,ninguno,6,6,6,13.666666666666666,6,6,6,13.5,0,71.8,2,1,7.6,2.6,0.32,Activo,0,50.0,0,0.0,12.807677717417743,0,1
2025,4,Ing. Financiera y de Riesgos,4,1,3,1,1,0,19,1,0,0,1,0,1,0,0,ninguno,6,6,6,12.5,6,6,6,12.166666666666666,0,88.7,0,0,12.4,0.5,1.79,Activo,0,50.0,0,0.0,11.812490888795775,0,0
2025,6,Lic. en Ciencia de Datos e Inteligencia de Negocios,5,15,1,1,14,0,21,1,0,0,1,0,1,0,0,ninguno,6,7,6,13.0,6,15,4,12.8,0,83.3,0,0,12.4,0.5,1.79,Activo,0,75.0,0,0.0,12.045248822696974,0,0
2025,1,Ing. Comercial,1,1,2,1,1,0,20,1,0,0,1,0,0,0,0,ninguno,7,9,6,12.783333333333331,8,9,7,12.842857142857143,1,82.7,0,0,13.9,-0.3,0.79,Activo,0,12.5,0,1.0,12.421777797071083,0,0
2023,7,Ing. Comercio Internacional,2,1,2,1,1,0,19,1,0,0,1,0,1,0,0,ninguno,7,0,0,0.0,8,0,0,0.0,7,82.4,0,0,13.9,-0.3,0.79,Abandono,1,87.5,0,3.0,0.0,1,0
2023,8,Lic. en Administración de Empresas,3,8,2,1,1,0,20,1,0,0,1,0,1,0,0,ninguno,7,13,4,13.5,7,11,4,11.225,3,70.8,0,0,11.1,0.6,2.02,Abandono,1,100.0,0,1.0,12.014653799604604,1,0
2023,3,Ing. Financiera y de Riesgos,4,8,4,1,1,0,18,1,0,0,1,0,1,0,1,ninguno,7,7,7,13.457142857142856,8,8,8,15.125,0,93.2,0,0,13.9,-0.3,0.79,Activo,0,37.5,0,0.0,13.982256599704181,0,0
2025,8,Lic. en Ciencia de Datos e Inteligencia de Negocios,5,1,4,1,1,0,19,1,0,0,1,0,1,0,0,ninguno,8,8,7,13.44285714285714,8,8,7,13.44285714285714,1,82.6,1,1,12.7,3.7,-1.7,Activo,0,100.0,0,1.0,12.514100679674627,0,1
2025,2,Ing. Comercial,1,1,1,1,1,0,18,1,0,0,1,0,0,0,1,ninguno,6,13,4,11.0,6,12,5,10.833333333333334,2,71.3,0,0,15.5,2.8,-4.06,Activo,0,25.0,1,0.0,10.20972921481406,1,0
2024,2,Ing. Comercio Internacional,2,8,1,1,1,0,18,1,0,1,1,0,1,0,1,beca,6,6,6,11.333333333333334,6,7,6,12.285714285714286,0,62.2,2,1,15.5,2.8,-4.06,Activo,0,25.0,0,0.0,11.263244981563043,1,1
2025,2,Lic. en Administración de Empresas,3,1,2,1,1,0,18,1,0,0,1,0,1,0,1,ninguno,5,7,2,10.0,1,1,0,0.0,3,85.0,1,1,12.7,3.7,-1.7,Abandono,1,25.0,0,1.0,4.537183754125305,1,1
2024,6,Ing. Financiera y de Riesgos,4,1,6,1,1,0,19,1,0,0,1,0,1,0,0,ninguno,7,10,5,13.44,7,8,6,13.066666666666668,2,72.0,0,0,12.4,0.5,1.79,Activo,0,75.0,0,1.0,12.521513285050762,1,0
2025,2,Lic. en Ciencia de Datos e Inteligencia de Negocios,5,1,2,1,1,0,18,1,0,1,1,0,1,0,0,beca,7,8,7,12.214285714285714,8,8,8,14.0625,0,93.6,0,0,16.2,0.3,-0.92,Activo,0,25.0,0,0.0,12.48209132866714,0,0
2025,8,Ing. Comercial,1,1,1,1,1,0,19,1,1,1,1,0,1,0,0,beca,6,6,6,14.166666666666666,6,6,6,13.5,0,82.6,1,1,11.1,0.6,2.02,Activo,0,100.0,0,0.0,12.839214890462342,0,1
2024,2,Ing. Comercio Internacional,2,17,1,1,16,0,24,1,0,1,1,1,0,0,1,credito,12,13,12,12.846153846153848,11,13,11,12.636363636363637,0,77.3,2,1,8.9,1.4,3.51,Activo,0,25.0,1,0.0,11.753007550601122,0,1
2023,4,Lic. en Administración de Empresas,3,15,1,1,14,0,20,1,0,0,1,0,0,0,0,ninguno,6,8,6,13.0,6,18,2,12.0,0,83.0,1,1,12.4,0.5,1.79,Activo,0,50.0,0,0.0,11.755482803700874,0,1
2023,2,Ing. Financiera y de Riesgos,4,1,1,1,1,0,21,1,0,1,1,0,1,0,0,mixto,5,6,5,12.8,5,7,4,11.25,0,88.8,0,0,9.4,-0.8,-3.12,Activo,0,25.0,0,0.0,11.414990645725878,0,0
2023,8,Lic. en Ciencia de Datos e Inteligencia de Negocios,5,15,1,1,14,0,20,1,0,0,0,1,0,0,0,ninguno,6,13,4,13.0,6,11,5,12.0,2,92.7,0,0,16.2,0.3,-0.92,Abandono,1,100.0,0,1.0,11.856201321605736,1,0
2023,2,Ing. Comercial,1,8,6,1,1,0,19,1,0,1,1,0,1,0,1,credito,7,7,7,13.371428571428572,8,9,8,13.666666666666666,0,58.3,0,0,16.2,0.3,-0.92,Activo,0,25.0,0,0.0,12.741312272681816,1,0
2023,1,Ing. Comercio Internacional,2,8,5,1,1,0,19,1,0,1,1,0,1,0,0,beca,7,8,7,13.385714285714286,8,8,8,13.3875,0,68.3,0,0,10.8,1.4,1.74,Activo,0,12.5,0,0.0,13.015504961892375,0,0
2025,6,Lic. en Administración de Empresas,3,1,3,1,1,0,18,1,0,0,1,0,1,0,0,ninguno,8,8,7,13.328571428571427,8,8,7,13.328571428571427,1,97.5,0,0,12.7,3.7,-1.7,Activo,0,75.0,0,0.0,12.798724976903925,0,0
2024,1,Ing. Financiera y de Riesgos,4,1,1,1,1,0,19,1,0,0,1,0,1,0,0,ninguno,6,12,5,14.0,6,14,5,11.0,1,79.6,1,1,16.2,0.3,-0.92,Activo,0,12.5,0,1.0,12.147309431297478,0,1
2025,7,Lic. en Ciencia de Datos e Inteligencia de Negocios,5,8,4,1,1,0,21,1,0,0,1,0,1,0,0,ninguno,5,5,5,12.6,5,5,5,13.2,0,86.4,0,0,8.9,1.4,3.51,Activo,0,87.5,0,0.0,12.548647468338155,0,0
2025,8,Ing. Comercial,1,1,2,1,1,0,19,1,0,1,1,0,1,0,1,beca,6,7,6,14.0,6,6,6,15.0,0,86.6,0,0,15.5,2.8,-4.06,Activo,0,100.0,0,0.0,14.062912530674037,0,0
2025,1,Ing. Comercio Internacional,2,1,5,1,1,0,18,1,0,1,1,0,1,0,1,beca,6,7,6,13.428571428571429,6,6,6,12.666666666666666,0,87.0,1,1,8.9,1.4,3.51,Activo,0,12.5,0,0.0,12.407941769403788,0,1
2024,5,Lic. en Administración de Empresas,3,8,5,1,1,0,17,1,0,1,1,0,1,1,0,mixto,6,6,6,13.0,6,6,6,12.5,0,69.6,0,0,15.5,2.8,-4.06,Activo,0,62.5,0,0.0,11.900657975186048,0,0
2025,2,Ing. Financiera y de Riesgos,4,9,4,1,1,0,19,1,0,0,1,0,1,0,0,ninguno,6,8,5,12.666666666666666,6,8,5,11.0,1,78.7,1,1,15.5,2.8,-4.06,Activo,0,25.0,1,0.0,11.193486209517221,0,1
2023,2,Lic. en Ciencia de Datos e Inteligencia de Negocios,5,8,6,1,1,1,23,1,0,0,0,0,1,0,0,ninguno,5,9,3,10.0,5,9,3,12.333333333333334,2,94.3,1,1,9.4,-0.8,-3.12,Abandono,1,25.0,0,1.0,10.63183303927406,1,1
2023,5,Ing. Comercial,1,1,1,1,1,0,19,1,0,0,1,0,1,0,1,ninguno,6,7,6,12.833333333333334,6,10,6,11.77777777777778,0,86.6,0,0,8.9,1.4,3.51,Activo,0,62.5,0,0.0,11.947908462319827,0,0
2023,3,Ing. Comercio Internacional,2,1,1,1,1,0,18,1,0,0,1,0,1,0,0,ninguno,7,7,6,12.916666666666666,7,7,6,12.916666666666666,1,79.1,0,0,7.6,2.6,0.32,Activo,0,37.5,1,0.0,12.231459800438476,0,0
2025,7,Lic. en Administración de Empresas,3,1,1,1,1,0,20,1,0,0,1,0,1,0,1,ninguno,6,9,6,13.285714285714286,6,8,5,13.8,0,78.9,0,0,15.5,2.8,-4.06,Activo,0,87.5,0,0.0,13.052969132318921,0,0
2023,1,Ing. Financiera y de Riesgos,4,1,3,1,1,0,19,1,0,1,1,0,1,0,1,mixto,5,6,5,14.6,5,5,5,13.8,0,86.7,1,1,10.8,1.4,1.74,Activo,0,12.5,1,0.0,13.469546075457997,0,1
2025,8,Lic. en Ciencia de Datos e Inteligencia de Negocios,5,1,1,1,1,0,18,1,0,1,1,0,1,0,1,beca,6,6,6,14.0,6,6,6,13.666666666666666,0,95.9,0,0,12.4,0.5,1.79,Activo,0,100.0,0,0.0,12.84930191594064,0,0
2024,1,Ing. Comercial,1,8,2,1,1,0,19,1,0,1,1,0,0,0,0,credito,6,7,6,14.142857142857142,6,6,6,15.0,0,85.3,0,0,13.9,-0.3,0.79,Activo,0,12.5,1,0.0,14.193508546394286,0,0
2023,7,Ing. Comercio Internacional,2,1,4,1,1,0,19,1,0,0,1,0,1,0,0,ninguno,6,8,6,11.666666666666666,6,6,6,12.333333333333334,0,89.3,1,1,10.8,1.4,1.74,Activo,0,87.5,0,0.0,11.551512220894642,0,1
2024,7,Lic. en Administración de Empresas,3,8,1,1,1,0,18,1,0,0,1,0,1,0,1,ninguno,8,9,8,14.3775,8,9,8,14.3775,0,83.6,1,1,9.4,-0.8,-3.12,Activo,0,87.5,0,0.0,13.746333823330437,0,1
2023,3,Ing. Financiera y de Riesgos,4,8,2,1,1,0,18,1,0,0,1,0,1,0,1,ninguno,7,8,7,12.5,8,9,7,13.042857142857144,0,74.8,2,1,13.9,-0.3,0.79,Activo,0,37.5,0,0.0,11.793398900686421,0,1
2025,2,Lic. en Ciencia de Datos e Inteligencia de Negocios,5,1,5,1,1,0,19,1,0,1,1,0,1,0,0,beca,7,7,6,14.15,7,7,6,14.15,1,81.1,0,0,7.6,2.6,0.32,Activo,0,25.0,0,0.0,13.309733156611003,0,0
2023,7,Ing. Comercial,1,1,1,1,1,0,19,1,0,1,1,0,0,0,0,mixto,8,12,7,12.471428571428572,8,12,7,12.471428571428572,1,78.2,0,0,12.7,3.7,-1.7,Activo,0,87.5,1,0.0,11.54266813621459,0,0
2025,2,Ing. Comercio Internacional,2,1,1,1,1,0,19,1,0,0,1,0,0,0,0,ninguno,7,7,6,14.15,7,7,6,14.15,1,75.5,1,1,7.6,2.6,0.32,Activo,0,25.0,0,0.0,13.616399606066945,0,1
2025,7,Lic. en Administración de Empresas,3,1,2,1,1,0,21,1,0,0,1,0,1,0,0,ninguno,7,11,7,14.072222222222225,8,8,8,14.0475,0,90.5,0,0,15.5,2.8,-4.06,Activo,0,87.5,0,0.0,13.065434179466095,0,0
2025,6,Ing. Financiera y de Riesgos,4,1,3,1,1,0,18,1,0,0,1,0,1,0,0,ninguno,6,7,6,14.857142857142858,6,6,6,14.666666666666666,0,89.1,0,0,13.9,-0.3,0.79,Activo,0,75.0,0,0.0,14.389921790659853,0,0
2025,3,Lic. en Ciencia de Datos e Inteligencia de Negocios,5,1,1,1,1,0,19,1,0,1,1,0,0,0,0,beca,6,7,6,14.285714285714286,6,6,6,13.166666666666666,0,87.8,0,0,11.1,0.6,2.02,Activo,0,37.5,0,0.0,13.389109441958206,0,0
2023,7,Ing. Comercial,1,1,4,1,1,0,18,1,0,0,0,0,0,0,0,ninguno,4,4,0,0.0,4,4,0,0.0,4,71.0,0,0,12.7,3.7,-1.7,Abandono,1,87.5,0,2.0,0.0,1,0
2024,3,Ing. Comercio Internacional,2,4,1,0,3,0,30,1,0,0,1,0,0,0,1,ninguno,6,0,0,0.0,6,0,0,0.0,6,77.4,1,1,10.8,1.4,1.74,Abandono,1,37.5,2,3.0,0.0,1,1
2025,2,Lic. en Administración de Empresas,3,8,1,1,1,0,18,1,0,0,1,0,1,0,1,ninguno,6,8,6,15.0,6,8,5,15.166666666666666,0,79.1,1,1,13.9,-0.3,0.79,Abandono,1,25.0,1,0.0,14.719923583051061,0,1
2023,1,Ing. Financiera y de Riesgos,4,1,3,1,1,0,20,1,0,1,1,0,1,0,0,beca,7,7,6,12.633333333333333,7,7,6,12.633333333333333,1,74.4,1,1,7.6,2.6,0.32,Activo,0,12.5,1,0.0,12.253934134611244,0,1
2024,7,Lic. en Ciencia de Datos e Inteligencia de Negocios,5,12,1,1,12,0,25,1,0,0,0,1,0,0,1,ninguno,5,5,5,11.2,5,5,5,12.6,0,100.0,0,0,9.4,-0.8,-3.12,Abandono,1,87.5,0,0.0,11.576778089570958,0,0
2023,1,Ing. Comercial,1,1,5,1,1,0,18,1,0,0,1,0,1,0,0,ninguno,7,7,6,14.233333333333334,7,7,6,14.233333333333334,1,79.8,2,1,7.6,2.6,0.32,Activo,0,12.5,0,0.0,13.860178039483428,0,1
2024,2,Ing. Comercio Internacional,2,1,3,1,1,0,21,5,0,0,1,0,1,0,0,ninguno,5,13,5,12.2,5,10,3,11.333333333333334,0,83.3,1,1,9.4,-0.8,-3.12,Activo,0,25.0,0,0.0,11.32007279490647,0,1
2023,2,Lic. en Administración de Empresas,3,1,1,1,1,0,18,1,0,0,1,0,0,0,0,ninguno,8,8,7,15.7,8,8,7,15.7,1,93.6,0,0,12.7,3.7,-1.7,Activo,0,25.0,0,1.0,14.720946366762998,0,0
2024,1,Ing. Financiera y de Riesgos,4,1,1,1,1,0,18,1,0,0,1,0,1,0,1,ninguno,7,7,6,15.2,7,7,6,15.2,1,77.5,0,0,7.6,2.6,0.32,Activo,0,12.5,0,1.0,14.432497844432223,0,0
2025,5,Lic. en Ciencia de Datos e Inteligencia de Negocios,5,8,1,1,1,0,29,1,0,0,0,0,1,0,0,ninguno,6,9,6,16.333333333333332,6,8,5,15.6,0,100.0,0,0,12.7,3.7,-1.7,Abandono,1,62.5,0,0.0,15.121679548803685,0,0
2025,3,Ing. Comercial,1,14,1,1,1,0,20,1,0,0,1,0,0,0,1,ninguno,17,29,14,12.5625,12,24,12,12.857142857142858,3,89.8,3,1,15.5,2.8,-4.06,Activo,0,37.5,1,1.0,11.866523845987363,1,1
2025,5,Ing. Comercio Internacional,2,4,1,1,3,0,26,1,0,0,1,0,0,0,0,ninguno,7,0,0,0.0,8,0,0,0.0,7,56.5,0,0,13.9,-0.3,0.79,Abandono,1,62.5,0,2.0,0.0,1,0
2025,5,Lic. en Administración de Empresas,3,1,2,1,1,0,21,1,0,0,1,0,1,0,1,ninguno,6,8,5,12.4,6,6,6,12.0,1,70.6,0,0,12.4,0.5,1.79,Activo,0,62.5,2,0.0,11.341757715600888,0,0
2023,1,Ing. Financiera y de Riesgos,4,9,1,1,1,0,19,1,0,1,1,0,0,0,1,beca,8,9,8,13.78125,8,9,8,13.78125,0,47.2,0,0,9.4,-0.8,-3.12,Activo,0,12.5,1,0.0,13.06418472732702,1,0
2023,3,Lic. en Ciencia de Datos e Inteligencia de Negocios,5,8,2,1,1,0,19,1,0,0,1,1,1,0,0,ninguno,6,10,6,12.166666666666666,6,8,5,11.666666666666666,0,82.9,0,0,16.2,0.3,-0.92,Abandono,1,37.5,1,0.0,11.396484398344317,0,0
2025,3,Ing. Comercial,1,8,1,1,1,0,21,1,0,0,1,0,0,0,1,ninguno,6,8,5,11.8,6,8,5,11.833333333333334,1,82.3,0,0,15.5,2.8,-4.06,Activo,0,37.5,0,1.0,11.123889590528787,0,0
2024,1,Ing. Comercio Internacional,2,9,1,0,1,0,20,1,0,0,1,1,0,0,1,ninguno,6,13,4,10.8,6,15,4,12.0,2,43.0,0,0,16.2,0.3,-0.92,Activo,0,12.5,0,1.0,10.72654398970584,1,0
2024,2,Lic. en Administración de Empresas,3,1,6,1,1,0,18,1,0,1,1,0,1,0,0,credito,7,8,7,13.26,8,8,8,14.28625,0,73.8,0,0,15.5,2.8,-4.06,Activo,0,25.0,0,0.0,12.896707862368476,0,0
2024,4,Ing. Financiera y de Riesgos,4,1,2,1,1,0,20,1,0,0,0,0,1,0,1,ninguno,6,10,4,12.0,6,15,3,10.666666666666666,2,71.3,1,1,7.6,2.6,0.32,Abandono,1,50.0,0,1.0,10.346124281166171,1,1
2024,1,Lic. en Ciencia de Datos e Inteligencia de Negocios,5,1,1,1,1,0,20,1,0,1,1,0,0,1,0,credito,6,9,6,11.875,6,7,6,14.428571428571429,0,80.1,0,0,16.2,0.3,-0.92,Activo,0,12.5,0,0.0,12.564055918491064,0,0
2025,2,Ing. Comercial,1,14,1,1,1,0,18,1,0,1,1,0,0,0,0,credito,7,11,5,12.16,7,7,2,13.4,2,74.7,0,0,16.2,0.3,-0.92,Activo,0,25.0,1,1.0,11.945626525091049,1,0
2023,3,Ing. Comercio Internacional,2,7,1,1,1,0,18,1,0,0,1,0,1,0,0,ninguno,6,6,1,15.0,6,7,4,12.5,5,75.8,2,1,9.4,-0.8,-3.12,Activo,0,37.5,0,3.0,13.380165897173306,1,1
2025,1,Lic. en Administración de Empresas,3,1,1,1,1,0,18,1,0,0,1,0,1,0,1,ninguno,6,6,6,13.333333333333334,6,9,5,13.2,0,75.8,0,0,9.4,-0.8,-3.12,Activo,0,12.5,1,0.0,12.422884708052864,0,0
2025,7,Ing. Financiera y de Riesgos,4,8,1,1,1,0,18,1,0,0,1,0,1,0,1,ninguno,5,12,2,11.5,5,12,3,11.8,3,62.3,2,1,10.8,1.4,1.74,Activo,0,87.5,0,1.0,11.090008161604738,1,1
2023,2,Lic. en Ciencia de Datos e Inteligencia de Negocios,5,15,1,1,14,0,22,1,0,0,1,0,1,0,0,ninguno,6,7,6,14.428571428571429,6,9,5,13.0,0,100.0,0,0,13.9,-0.3,0.79,Activo,0,25.0,0,0.0,13.386712600262936,0,0
2024,1,Ing. Comercial,1,15,3,1,14,0,19,1,0,0,1,0,1,0,0,ninguno,5,10,1,13.0,5,8,3,15.333333333333334,4,92.5,1,1,12.7,3.7,-1.7,Activo,0,12.5,0,2.0,13.612394341673143,1,1
2024,7,Ing. Comercio Internacional,2,8,1,1,1,0,19,1,0,1,1,0,1,0,1,beca,6,7,6,15.0,6,8,6,14.333333333333334,0,96.0,0,0,12.4,0.5,1.79,Activo,0,87.5,0,0.0,13.939216741021516,0,0
2025,2,Lic. en Administración de Empresas,3,1,2,1,1,0,18,1,0,0,1,0,1,0,0,ninguno,7,9,7,15.155555555555557,8,8,8,16.8,0,92.8,0,0,12.7,3.7,-1.7,Activo,0,25.0,1,0.0,15.594302660400752,0,0
2025,3,Ing. Financiera y de Riesgos,4,1,1,1,1,0,20,1,0,0,1,1,1,0,0,ninguno,6,8,6,10.666666666666666,6,7,6,11.857142857142858,0,82.9,0,0,11.1,0.6,2.02,Activo,0,37.5,0,0.0,10.315080617203584,0,0
2025,4,Lic. en Ciencia de Datos e Inteligencia de Negocios,5,8,1,1,1,0,18,1,0,0,1,0,1,0,0,ninguno,6,9,5,11.0,6,9,4,11.25,1,84.3,0,0,10.8,1.4,1.74,Abandono,1,50.0,1,0.0,10.770629310709014,0,0
2024,3,Ing. Comercial,1,8,2,1,1,0,21,1,0,0,1,0,1,0,1,ninguno,6,0,0,0.0,6,0,0,0.0,6,62.9,0,0,8.9,1.4,3.51,Abandono,1,37.5,0,1.0,0.0,1,0
2024,5,Ing. Comercio Internacional,2,1,1,1,1,0,19,1,0,0,1,0,0,0,0,ninguno,6,7,6,12.285714285714286,6,7,6,12.0,0,90.1,0,0,12.4,0.5,1.79,Activo,0,62.5,0,0.0,11.347860880302163,0,0
2024,4,Lic. en Administración de Empresas,3,1,5,1,1,0,18,1,0,0,1,0,1,0,0,ninguno,8,8,8,12.82875,8,8,8,12.82875,0,76.2,1,1,9.4,-0.8,-3.12,Abandono,1,50.0,0,0.0,12.297951477210058,0,1
2025,6,Ing. Financiera y de Riesgos,4,1,4,1,1,0,18,1,1,0,1,0,1,0,0,ninguno,6,6,6,12.666666666666666,6,8,5,14.4,0,78.4,3,1,7.6,2.6,0.32,Activo,0,75.0,0,0.0,12.959808089936969,0,1
2025,7,Lic. en Ciencia de Datos e Inteligencia de Negocios,5,8,1,1,1,0,18,1,0,0,1,0,1,0,0,ninguno,0,0,0,0.0,0,0,0,0.0,0,78.6,1,1,12.4,0.5,1.79,Activo,0,87.5,0,0.0,0.0,0,1
2025,1,Ing. Comercial,1,8,1,1,1,0,21,1,0,1,0,1,1,0,0,beca,6,16,2,13.0,6,8,0,0.0,4,80.6,0,0,15.5,2.8,-4.06,Abandono,1,12.5,0,1.0,5.778970229383155,1,0
2025,3,Ing. Comercio Internacional,2,1,1,1,1,0,19,1,0,0,1,1,0,0,0,ninguno,5,10,5,10.875,5,8,4,12.4,0,86.1,1,1,13.9,-0.3,0.79,Activo,0,37.5,1,0.0,10.867349954981538,0,1
2023,2,Lic. en Administración de Empresas,3,1,1,1,1,0,19,1,0,1,1,0,1,0,0,beca,5,5,5,12.8,5,8,5,11.6,0,76.4,3,1,9.4,-0.8,-3.12,Activo,0,25.0,0,0.0,11.627584768440563,0,1
2025,6,Ing. Financiera y de Riesgos,4,8,3,1,1,0,19,1,0,0,1,0,1,0,0,ninguno,6,10,5,11.285714285714286,6,7,0,0.0,1,72.4,0,0,16.2,0.3,-0.92,Abandono,1,75.0,0,0.0,5.001387705591824,0,0
2025,2,Lic. en Ciencia de Datos e Inteligencia de Negocios,5,1,1,1,1,0,18,1,0,0,1,0,0,0,1,ninguno,0,0,0,0.0,0,0,0,0.0,0,87.8,0,0,13.9,-0.3,0.79,Activo,0,25.0,0,0.0,0.0,0,0
2024,7,Ing. Comercial,1,14,1,1,1,0,19,1,0,1,1,0,0,0,0,beca,6,0,0,0.0,6,11,1,10.0,6,86.4,0,0,10.8,1.4,1.74,Abandono,1,87.5,0,2.0,4.550253990650198,1,0
2024,8,Ing. Comercio Internacional,2,8,2,1,1,0,20,1,0,1,1,0,1,0,0,beca,7,9,6,13.766666666666666,8,9,8,13.744444444444444,1,81.0,0,0,16.2,0.3,-0.92,Abandono,1,100.0,0,0.0,13.163056224990063,0,0
2025,2,Lic. en Administración de Empresas,3,1,3,1,1,0,18,1,0,0,0,0,1,0,0,ninguno,8,9,6,12.758333333333333,8,9,6,12.758333333333333,2,67.2,0,0,9.4,-0.8,-3.12,Abandono,1,25.0,1,0.0,12.254057102031556,1,0
2023,8,Ing. Financiera y de Riesgos,4,1,1,1,1,0,19,1,0,1,1,0,1,0,0,beca,0,0,0,0.0,0,0,0,0.0,0,82.6,0,0,11.1,0.6,2.02,Abandono,1,100.0,0,0.0,0.0,0,0
2023,7,Lic. en Ciencia de Datos e Inteligencia de Negocios,5,1,1,1,1,0,18,1,0,0,1,0,1,0,0,ninguno,6,6,6,12.666666666666666,6,8,6,13.25,0,83.3,1,1,10.8,1.4,1.74,Activo,0,87.5,0,0.0,12.123524495367327,0,1
2025,7,Ing. Comercial,1,1,1,1,1,0,18,1,0,0,1,0,0,0,0,ninguno,6,13,6,12.0,6,16,4,12.75,0,73.5,2,1,11.1,0.6,2.02,Activo,0,87.5,0,0.0,11.870288177301823,0,1
2023,1,Ing. Comercio Internacional,2,1,1,1,1,0,19,1,0,1,1,0,0,0,0,beca,6,8,6,12.25,6,8,6,12.0,0,76.3,0,0,16.2,0.3,-0.92,Activo,0,12.5,0,0.0,11.768026778356912,0,0
2025,1,Lic. en Administración de Empresas,3,1,2,1,1,0,20,1,0,0,1,0,1,0,0,ninguno,5,8,3,11.333333333333334,5,8,5,12.2,2,68.9,1,1,7.6,2.6,0.32,Activo,0,12.5,0,1.0,11.458663792996123,1,1
2023,7,Ing. Financiera y de Riesgos,4,8,5,1,1,0,19,1,0,1,1,0,1,0,0,mixto,7,9,7,13.507142857142856,8,12,8,13.05,0,69.1,0,0,16.2,0.3,-0.92,Activo,0,87.5,0,0.0,12.679356055301689,0,0
2025,7,Lic. en Ciencia de Datos e Inteligencia de Negocios,5,1,3,1,1,0,18,1,0,0,1,0,1,0,0,ninguno,8,8,7,13.614285714285714,8,8,7,13.614285714285714,1,88.1,1,1,12.7,3.7,-1.7,Activo,0,87.5,0,0.0,13.027049398250675,0,1
2024,7,Ing. Comercial,1,12,1,1,1,0,25,1,0,0,1,1,0,0,0,ninguno,6,6,0,0.0,6,6,0,0.0,6,70.8,0,0,15.5,2.8,-4.06,Abandono,1,87.5,2,2.0,0.0,1,0
2023,2,Ing. Comercio Internacional,2,8,5,1,1,0,18,1,0,0,0,0,1,0,1,ninguno,6,9,4,11.5,6,6,6,12.166666666666666,2,91.8,0,0,7.6,2.6,0.32,Activo,0,25.0,1,0.0,11.204471880344956,1,0
2023,5,Lic. en Administración de Empresas,3,1,5,1,1,0,19,1,0,0,1,0,1,0,0,ninguno,6,7,6,12.333333333333334,6,7,6,12.5,0,85.4,0,0,8.9,1.4,3.51,Activo,0,62.5,1,0.0,11.937173807963873,0,0
2024,1,Ing. Financiera y de Riesgos,4,8,2,1,1,0,19,1,0,1,1,0,1,0,0,credito,7,7,7,11.971428571428572,8,8,8,14.4375,0,73.4,1,1,15.5,2.8,-4.06,Activo,0,12.5,2,0.0,12.280603676992259,0,1
2025,8,Lic. en Ciencia de Datos e Inteligencia de Negocios,5,1,1,1,1,0,20,1,0,1,0,1,0,0,0,credito,5,12,2,13.0,5,13,2,11.5,3,79.6,1,1,9.4,-0.8,-3.12,Abandono,1,100.0,1,2.0,11.606252435242496,1,1
2025,4,Ing. Comercial,1,8,5,1,1,0,18,1,0,0,1,0,1,0,1,ninguno,7,9,7,12.385714285714286,8,9,7,12.728571428571428,0,69.5,0,0,13.9,-0.3,0.79,Activo,0,50.0,0,0.0,11.837719912495453,0,0
2024,2,Ing. Comercio Internacional,2,8,4,1,1,0,20,1,0,0,1,0,1,0,0,ninguno,5,12,2,13.5,5,12,5,11.285714285714286,3,77.1,0,0,10.8,1.4,1.74,Activo,0,25.0,0,1.0,12.025889045557394,1,0
2024,7,Lic. en Administración de Empresas,3,8,1,1,1,0,21,1,0,0,1,0,1,0,0,ninguno,6,8,6,12.166666666666666,6,7,6,13.285714285714286,0,73.6,2,1,11.1,0.6,2.02,Activo,0,87.5,0,0.0,12.158148991059635,0,1
2024,7,Ing. Financiera y de Riesgos,4,1,2,1,1,0,19,1,0,0,1,0,1,0,1,ninguno,0,0,0,0.0,0,0,0,0.0,0,72.7,0,0,12.7,3.7,-1.7,Activo,0,87.5,0,0.0,0.0,0,0
2025,2,Lic. en Ciencia de Datos e Inteligencia de Negocios,5,12,1,0,9,0,42,2,0,0,1,0,0,0,1,ninguno,6,6,6,11.666666666666666,6,6,6,13.666666666666666,0,93.2,0,0,10.8,1.4,1.74,Activo,0,25.0,0,0.0,11.954012897743869,0,0
2025,8,Ing. Comercial,1,8,1,1,1,0,18,1,0,0,0,1,1,0,1,ninguno,6,9,5,12.4,6,12,5,14.166666666666666,1,89.7,1,1,8.9,1.4,3.51,Activo,0,100.0,1,0.0,12.74218203473361,0,1
2024,8,Ing. Comercio Internacional,2,1,1,1,1,0,19,1,0,1,1,0,0,0,0,credito,6,7,5,13.4,6,6,6,12.833333333333334,1,83.3,1,1,15.5,2.8,-4.06,Activo,0,100.0,1,0.0,12.378699640224552,0,1
2023,7,Lic. en Administración de Empresas,3,1,6,1,1,0,18,1,0,0,1,0,1,0,0,ninguno,6,11,6,12.0,6,11,4,12.5,0,72.6,2,1,8.9,1.4,3.51,Activo,0,87.5,2,0.0,11.312712237295319,0,1
2023,3,Ing. Financiera y de Riesgos,4,5,1,1,1,0,21,1,0,0,1,0,1,0,0,ninguno,5,6,5,14.2,5,5,5,14.8,0,83.4,0,0,10.8,1.4,1.74,Activo,0,37.5,1,0.0,14.008206579669187,0,0
2025,1,Lic. en Ciencia de Datos e Inteligencia de Negocios,5,1,1,1,1,0,20,1,0,1,1,0,0,0,0,mixto,6,8,6,12.125,6,7,6,14.428571428571429,0,87.1,1,1,16.2,0.3,-0.92,Activo,0,12.5,0,0.0,12.623204011356243,0,1
2024,1,Ing. Comercial,1,1,1,1,1,0,20,1,0,0,1,0,1,0,1,ninguno,7,7,7,13.857142857142858,7,7,7,13.285714285714286,0,83.8,0,0,11.1,0.6,2.02,Activo,0,12.5,0,0.0,12.600345113690345,0,0
2024,6,Ing. Comercio Internacional,2,15,1,1,14,0,21,1,0,0,1,0,1,0,0,ninguno,6,13,3,11.75,6,13,5,12.333333333333334,3,66.0,0,0,12.4,0.5,1.79,Activo,0,75.0,0,1.0,11.620989366357751,1,0
2023,5,Lic. en Administración de Empresas,3,1,4,1,1,0,19,1,0,0,1,0,1,0,1,ninguno,7,9,7,14.283333333333337,8,9,8,13.125555555555556,0,72.8,0,0,15.5,2.8,-4.06,Activo,0,62.5,0,0.0,12.900679696526748,0,0
2024,1,Ing. Financiera y de Riesgos,4,13,1,1,1,0,21,1,0,0,1,0,0,0,0,ninguno,13,21,11,13.272727272727272,11,13,9,13.0,2,82.4,1,1,7.6,2.6,0.32,Activo,0,12.5,0,1.0,12.40622693062155,1,1
2023,3,Lic. en Ciencia de Datos e Inteligencia de Negocios,5,1,1,1,1,0,19,1,0,0,1,0,1,1,1,ninguno,6,6,6,14.666666666666666,6,7,6,15.142857142857142,0,86.6,0,0,8.9,1.4,3.51,Activo,0,37.5,0,0.0,14.12898931296346,0,0
2024,3,Ing. Comercial,1,1,1,1,1,0,19,1,0,1,1,0,0,0,1,beca,7,10,7,15.114999999999998,8,10,8,15.092,0,56.3,0,0,15.5,2.8,-4.06,Activo,0,37.5,0,0.0,14.557646258532701,1,0
2023,1,Ing. Comercio Internacional,2,8,2,1,1,0,18,1,0,0,1,0,1,0,0,ninguno,0,0,0,0.0,0,0,0,0.0,0,72.1,0,0,9.4,-0.8,-3.12,Activo,0,12.5,0,0.0,0.0,0,0
2024,4,Lic. en Administración de Empresas,3,15,1,1,14,0,22,1,0,0,1,0,1,0,0,ninguno,6,13,6,15.0,6,7,6,13.142857142857142,0,76.2,1,1,16.2,0.3,-0.92,Activo,0,50.0,1,0.0,13.292481802016711,0,1
2025,3,Ing. Financiera y de Riesgos,4,1,2,1,1,0,21,1,0,0,1,0,0,0,0,ninguno,6,8,5,13.2,6,9,5,14.333333333333334,1,76.6,1,1,9.4,-0.8,-3.12,Activo,0,37.5,0,0.0,13.315786367093484,0,1
2025,3,Lic. en Ciencia de Datos e Inteligencia de Negocios,5,8,4,1,1,0,18,1,0,1,1,0,1,0,0,credito,6,14,2,11.0,6,14,3,10.333333333333334,4,82.9,2,1,7.6,2.6,0.32,Abandono,1,37.5,0,2.0,10.072908345265365,1,1
2024,7,Ing. Comercial,1,1,4,1,1,0,20,1,0,1,1,0,0,0,0,beca,8,8,7,14.565714285714288,8,8,7,14.565714285714288,1,73.3,1,1,10.8,1.4,1.74,Activo,0,87.5,0,0.0,14.133992033477245,0,1
2024,4,Ing. Comercio Internacional,2,8,2,1,1,0,18,1,0,0,0,1,1,0,0,ninguno,5,8,3,12.0,5,6,4,10.75,2,64.3,2,1,7.6,2.6,0.32,Abandono,1,50.0,1,1.0,11.06918661121367,1,1
2024,5,Lic. en Administración de Empresas,3,8,1,1,1,0,20,1,0,0,1,0,0,0,0,ninguno,6,6,0,0.0,5,5,0,0.0,6,87.4,0,0,8.9,1.4,3.51,Abandono,1,62.5,0,3.0,0.0,1,0
2025,2,Ing. Financiera y de Riesgos,4,8,4,1,1,0,23,1,0,0,1,0,1,0,0,ninguno,7,7,6,13.796666666666669,8,11,7,13.775,1,77.4,3,1,12.4,0.5,1.79,Activo,0,25.0,0,0.0,13.18364124827384,0,1
2024,1,Lic. en Ciencia de Datos e Inteligencia de Negocios,5,1,2,1,1,0,18,1,0,0,1,0,1,0,0,ninguno,6,6,6,14.833333333333334,6,6,6,15.333333333333334,0,51.5,0,0,12.7,3.7,-1.7,Activo,0,12.5,0,0.0,14.104788603239456,1,0
2025,2,Ing. Comercial,1,15,1,1,14,0,20,1,0,0,1,0,1,0,0,ninguno,6,6,6,12.833333333333334,6,6,6,13.833333333333334,0,88.1,0,0,12.4,0.5,1.79,Activo,0,25.0,1,0.0,12.935106869495856,0,0
2025,5,Ing. Comercio Internacional,2,8,1,1,1,0,18,1,0,1,1,0,1,0,0,credito,8,8,7,14.962857142857144,8,8,7,14.962857142857144,1,72.7,2,1,10.8,1.4,1.74,Activo,0,62.5,0,1.0,14.251700397236904,0,1
2024,2,Lic. en Administración de Empresas,3,1,6,1,1,0,20,1,0,0,1,0,1,0,1,ninguno,5,8,4,12.0,5,8,5,11.2,1,89.7,0,0,11.1,0.6,2.02,Activo,0,25.0,0,0.0,11.159318177046131,0,0
2025,8,Ing. Financiera y de Riesgos,4,9,2,1,1,0,18,1,0,0,1,0,1,0,0,ninguno,7,8,7,12.4,8,9,8,12.8,0,73.7,1,1,16.2,0.3,-0.92,Activo,0,100.0,0,0.0,11.74694811112571,0,1
2024,1,Lic. en Ciencia de Datos e Inteligencia de Negocios,5,8,1,1,1,0,20,1,0,0,1,0,1,0,0,ninguno,6,7,6,15.571428571428571,6,6,6,17.166666666666668,0,84.9,0,0,16.2,0.3,-0.92,Activo,0,12.5,0,0.0,15.520455526914938,0,0
2025,6,Ing. Comercial,1,1,5,1,1,0,19,1,0,0,1,0,1,0,1,ninguno,8,8,7,13.714285714285714,8,8,7,13.714285714285714,1,94.1,2,1,12.7,3.7,-1.7,Activo,0,75.0,0,1.0,13.335460709958195,0,1
2023,5,Ing. Comercio Internacional,2,15,1,1,14,0,21,1,0,0,1,0,0,0,0,ninguno,6,9,6,13.142857142857142,6,9,6,12.166666666666666,0,76.5,0,0,13.9,-0.3,0.79,Activo,0,62.5,0,0.0,11.716316787748433,0,0
2025,7,Lic. en Administración de Empresas,3,4,1,1,17,0,33,2,0,0,1,0,0,0,0,ninguno,6,7,6,15.0,6,8,3,11.0,0,82.5,3,1,11.1,0.6,2.02,Activo,0,87.5,0,0.0,12.563759246957742,0,1
2025,1,Ing. Financiera y de Riesgos,4,1,1,1,1,0,24,1,0,0,0,1,0,0,1,ninguno,5,6,1,13.0,5,5,0,0.0,4,84.9,3,1,7.6,2.6,0.32,Abandono,1,12.5,0,1.0,5.770915860887448,1,1
2023,8,Lic. en Ciencia de Datos e Inteligencia de Negocios,5,14,1,1,1,0,20,1,0,1,1,0,0,0,0,beca,11,12,11,12.0,11,14,11,12.75,0,93.2,2,1,13.9,-0.3,0.79,Activo,0,100.0,2,0.0,11.385056465938607,0,1
2025,1,Ing. Comercial,1,1,1,1,1,0,18,1,0,0,1,0,1,0,0,ninguno,0,0,0,0.0,0,0,0,0.0,0,77.3,0,0,9.4,-0.8,-3.12,Activo,0,12.5,1,0.0,0.0,0,0
2024,8,Ing. Comercio Internacional,2,1,4,1,1,0,18,1,0,0,1,0,1,0,1,ninguno,6,6,6,15.166666666666666,6,6,6,14.166666666666666,0,68.5,1,1,15.5,2.8,-4.06,Activo,0,100.0,0,0.0,13.697071916673847,0,1
2024,6,Lic. en Administración de Empresas,3,14,1,0,6,0,29,1,0,0,1,1,0,0,1,ninguno,6,9,4,12.0,6,13,2,10.5,2,87.2,2,1,7.6,2.6,0.32,Abandono,1,75.0,1,1.0,10.710180860147316,1,1
2024,8,Ing. Financiera y de Riesgos,4,8,1,1,1,0,18,1,0,0,1,0,0,1,0,ninguno,7,7,7,13.642857142857142,8,11,8,14.772727272727272,0,64.4,0,0,16.2,0.3,-0.92,Activo,0,100.0,1,0.0,13.833889258238582,1,0
2025,4,Lic. en Ciencia de Datos e Inteligencia de Negocios,5,1,3,1,1,0,19,1,0,0,1,0,1,0,0,ninguno,6,8,6,12.666666666666666,6,7,6,12.714285714285714,0,91.4,1,1,9.4,-0.8,-3.12,Activo,0,50.0,0,0.0,12.258633379173574,0,1
2024,1,Ing. Comercial,1,8,1,1,1,0,19,1,0,0,1,0,1,0,0,ninguno,0,0,0,0.0,0,0,0,0.0,0,82.1,0,0,15.5,2.8,-4.06,Abandono,1,12.5,1,0.0,0.0,0,0
2024,1,Ing. Comercio Internacional,2,8,1,1,1,0,18,1,0,1,1,0,0,0,0,beca,6,8,5,10.8,6,9,6,10.5,1,79.8,0,0,12.4,0.5,1.79,Activo,0,12.5,0,0.0,9.794739225208675,0,0
2024,7,Lic. en Administración de Empresas,3,14,1,1,1,0,19,1,0,1,1,0,0,0,0,beca,7,9,6,14.25,8,11,8,13.063636363636364,1,91.7,2,1,16.2,0.3,-0.92,Activo,0,87.5,0,0.0,13.251710630889468,0,1
2025,1,Ing. Financiera y de Riesgos,4,13,1,1,1,0,20,1,0,0,1,0,0,0,0,ninguno,14,22,12,12.153846153846152,12,18,10,12.9,2,76.2,0,0,10.8,1.4,1.74,Abandono,1,12.5,0,1.0,11.765111004340547,1,0
2025,3,Lic. en Ciencia de Datos e Inteligencia de Negocios,5,8,2,1,1,0,19,1,0,0,1,0,1,0,0,ninguno,6,14,1,11.5,6,12,2,10.5,5,87.3,0,0,7.6,2.6,0.32,Activo,0,37.5,0,1.0,10.473495677172341,1,0
2025,6,Ing. Comercial,1,8,1,1,1,0,19,1,0,1,1,0,1,0,0,beca,6,10,4,12.25,6,9,3,12.333333333333334,2,81.3,0,0,9.4,-0.8,-3.12,Activo,0,75.0,0,0.0,11.75282521599216,1,0
2024,2,Ing. Comercio Internacional,2,1,1,1,1,0,18,1,0,1,1,0,0,0,0,beca,6,8,6,12.0,6,12,5,11.142857142857142,0,76.7,2,1,13.9,-0.3,0.79,Activo,0,25.0,1,0.0,10.808086160318023,0,1
2024,6,Lic. en Administración de Empresas,3,1,6,1,1,0,18,1,0,1,1,0,1,0,0,beca,8,8,8,13.40375,8,8,8,13.40375,0,85.8,0,0,9.4,-0.8,-3.12,Activo,0,75.0,0,0.0,12.776850406326746,0,0
2025,5,Ing. Financiera y de Riesgos,4,8,1,1,1,0,19,1,0,1,1,0,0,0,1,mixto,6,15,6,11.333333333333334,6,9,3,12.666666666666666,0,92.4,1,1,9.4,-0.8,-3.12,Activo,0,62.5,0,0.0,11.131576694881804,0,1
2023,5,Lic. en Ciencia de Datos e Inteligencia de Negocios,5,8,4,1,1,1,20,1,0,0,1,1,0,0,0,ninguno,6,7,5,12.2,6,6,6,12.333333333333334,1,88.8,0,0,12.7,3.7,-1.7,Abandono,1,62.5,0,0.0,11.857523709902686,0,0
2025,8,Ing. Comercial,1,8,1,1,1,1,18,1,0,1,1,0,1,0,0,beca,0,0,0,0.0,0,0,0,0.0,0,74.0,1,1,7.6,2.6,0.32,Activo,0,100.0,0,0.0,0.0,0,1
2023,3,Ing. Comercio Internacional,2,1,6,1,1,1,18,1,0,0,1,0,1,0,0,ninguno,7,0,0,0.0,8,0,0,0.0,7,79.8,2,1,16.2,0.3,-0.92,Abandono,1,37.5,0,4.0,0.0,1,1
2025,2,Lic. en Administración de Empresas,3,12,1,1,1,1,35,1,0,0,0,1,0,0,0,ninguno,6,8,5,16.166666666666668,6,10,4,16.0,1,81.4,2,1,8.9,1.4,3.51,Abandono,1,25.0,1,0.0,15.647495617161413,0,1
2025,3,Ing. Financiera y de Riesgos,4,8,1,1,1,1,18,1,0,0,1,0,0,0,1,ninguno,5,10,3,11.0,5,6,3,11.0,2,84.8,0,0,16.2,0.3,-0.92,Activo,0,37.5,1,1.0,10.240695199847785,1,0
2023,1,Lic. en Ciencia de Datos e Inteligencia de Negocios,5,1,1,1,1,1,19,1,0,1,1,0,1,0,0,mixto,0,0,0,0.0,0,0,0,0.0,0,74.0,0,0,13.9,-0.3,0.79,Activo,0,12.5,0,0.0,0.0,0,0
2025,1,Ing. Comercial,1,1,2,1,1,1,19,1,0,1,1,0,1,0,0,credito,6,8,4,12.0,6,8,6,12.285714285714286,2,87.8,1,1,15.5,2.8,-4.06,Activo,0,12.5,0,1.0,11.665981403439599,1,1
2025,1,Ing. Comercio Internacional,2,8,2,1,1,1,20,1,0,0,1,0,1,0,0,ninguno,5,8,2,10.5,5,11,4,12.25,3,89.5,0,0,10.8,1.4,1.74,Activo,0,12.5,0,1.0,10.845965875919761,1,0
2024,2,Lic. en Administración de Empresas,3,14,1,1,1,1,19,1,0,0,1,0,1,0,1,ninguno,6,7,3,11.666666666666666,6,13,4,10.333333333333334,3,84.9,0,0,13.9,-0.3,0.79,Activo,0,25.0,1,2.0,10.324015476199282,1,0
2025,7,Ing. Financiera y de Riesgos,4,1,3,1,1,1,19,1,0,0,1,0,1,0,1,ninguno,5,8,3,11.0,5,7,2,10.0,2,72.7,0,0,12.7,3.7,-1.7,Abandono,1,87.5,0,1.0,10.051899035457488,1,0
2023,6,Lic. en Ciencia de Datos e Inteligencia de Negocios,5,12,2,1,1,1,24,1,0,0,1,0,0,0,0,ninguno,7,18,0,0.0,7,13,0,0.0,7,73.5,2,1,11.1,0.6,2.02,Abandono,1,75.0,3,3.0,0.0,1,1
2025,7,Ing. Comercial,1,12,1,0,1,1,29,1,0,0,0,1,1,0,1,ninguno,6,11,4,12.5,6,7,0,0.0,2,90.7,1,1,12.4,0.5,1.79,Abandono,1,87.5,1,1.0,5.408454348495967,1,1
2025,4,Ing. Comercio Internacional,2,12,1,1,1,1,24,1,0,0,1,0,0,0,0,ninguno,7,11,7,11.294444444444444,8,22,2,12.6,0,80.5,0,0,15.5,2.8,-4.06,Activo,0,50.0,0,0.0,11.545518023846176,0,0
2025,6,Lic. en Administración de Empresas,3,8,2,1,1,1,19,1,0,0,1,0,1,0,1,ninguno,6,8,5,11.2,6,11,4,12.5,1,92.4,0,0,15.5,2.8,-4.06,Activo,0,75.0,0,0.0,11.225319187728356,0,0
2025,1,Ing. Financiera y de Riesgos,4,4,1,1,3,1,37,2,0,0,1,0,1,0,0,ninguno,0,0,0,0.0,0,0,0,0.0,0,80.5,2,1,7.6,2.6,0.32,Abandono,1,12.5,0,0.0,0.0,0,1
2024,1,Lic. en Ciencia de Datos e Inteligencia de Negocios,5,3,2,1,1,1,18,1,0,0,1,0,1,0,0,ninguno,6,7,5,13.2,6,6,5,11.8,1,73.9,1,1,16.2,0.3,-0.92,Activo,0,12.5,0,0.0,11.96386932822761,0,1
2024,3,Ing. Comercial,1,15,1,1,14,1,20,1,0,1,1,0,0,0,0,beca,7,12,6,14.142857142857142,6,10,6,14.125,1,81.7,3,1,12.4,0.5,1.79,Activo,0,37.5,0,0.0,13.390753795526159,0,1
2025,2,Ing. Comercio Internacional,2,1,5,1,1,1,18,1,0,0,0,0,1,0,1,ninguno,5,0,0,0.0,5,0,0,0.0,5,67.4,2,1,11.1,0.6,2.02,Abandono,1,25.0,1,2.0,0.0,1,1
2024,3,Lic. en Administración de Empresas,3,14,1,1,1,1,22,1,0,0,1,0,0,0,0,ninguno,5,5,0,0.0,5,9,3,13.333333333333334,5,76.2,0,0,16.2,0.3,-0.92,Activo,0,37.5,0,2.0,5.9405845342961445,1,0
2025,2,Ing. Financiera y de Riesgos,4,8,2,1,1,1,22,1,0,1,1,0,1,0,0,credito,5,7,3,12.333333333333334,5,9,3,10.571428571428571,2,77.5,3,1,10.8,1.4,1.74,Activo,0,25.0,0,1.0,11.045523866380528,1,1
2024,6,Lic. en Ciencia de Datos e Inteligencia de Negocios,5,1,5,1,1,1,18,1,0,0,0,1,1,0,0,ninguno,6,6,0,0.0,6,0,0,0.0,6,94.8,0,0,11.1,0.6,2.02,Abandono,1,75.0,1,3.0,0.0,1,0
2024,1,Ing. Comercial,1,1,3,1,1,1,18,1,0,0,1,0,1,0,1,ninguno,8,8,7,13.1,8,8,7,13.1,1,75.1,0,0,12.7,3.7,-1.7,Activo,0,12.5,0,0.0,12.551185375493665,0,0
2025,4,Ing. Comercio Internacional,2,1,1,1,1,1,19,1,0,0,1,0,1,0,1,ninguno,6,6,6,13.5,6,6,6,13.166666666666666,0,78.7,0,0,9.4,-0.8,-3.12,Activo,0,50.0,1,0.0,12.836245629423596,0,0
2023,3,Lic. en Administración de Empresas,3,1,1,1,1,1,19,1,0,0,1,0,0,0,0,ninguno,5,7,5,10.2,5,8,3,12.0,0,87.2,0,0,10.8,1.4,1.74,Activo,0,37.5,0,0.0,10.21137771630196,0,0
2024,2,Ing. Financiera y de Riesgos,4,1,1,1,1,1,19,1,0,0,1,0,0,0,0,ninguno,6,10,5,11.571428571428571,6,10,3,13.0,1,85.3,3,1,16.2,0.3,-0.92,Abandono,1,25.0,0,0.0,11.950613469564018,0,1
2023,7,Lic. en Ciencia de Datos e Inteligencia de Negocios,5,15,1,1,14,1,21,1,0,0,1,1,1,0,0,ninguno,6,7,6,15.285714285714286,6,6,6,15.166666666666666,0,67.2,1,1,12.4,0.5,1.79,Activo,0,87.5,1,0.0,14.648564316656435,0,1
2025,2,Ing. Comercial,1,1,2,1,1,1,19,1,0,0,1,0,0,0,0,ninguno,6,9,5,12.6,10,16,8,11.0,1,85.7,0,0,8.9,1.4,3.51,Activo,0,25.0,0,1.0,11.240997521597478,0,0
2024,8,Ing. Comercio Internacional,2,9,2,1,1,1,18,1,0,0,1,0,0,0,1,ninguno,7,11,6,13.433333333333332,7,10,4,13.6,1,80.9,0,0,8.9,1.4,3.51,Activo,0,100.0,1,0.0,13.01730640469198,0,0
2023,5,Lic. en Administración de Empresas,3,7,2,1,1,1,19,1,0,0,1,0,1,0,0,ninguno,5,8,5,11.6,5,9,3,11.0,0,65.4,0,0,10.8,1.4,1.74,Abandono,1,62.5,0,0.0,10.361771967598967,0,0
2024,7,Ing. Financiera y de Riesgos,4,4,1,1,17,1,25,1,0,0,1,0,0,0,1,ninguno,6,6,6,14.666666666666666,6,6,6,13.5,0,77.0,1,1,11.1,0.6,2.02,Activo,0,87.5,0,0.0,13.257683457871627,0,1
2025,4,Lic. en Ciencia de Datos e Inteligencia de Negocios,5,1,1,1,1,1,22,1,0,0,1,0,1,0,1,ninguno,6,9,6,14.666666666666666,6,12,6,14.666666666666666,0,70.3,2,1,12.7,3.7,-1.7,Activo,0,50.0,0,0.0,14.321920451732309,0,1
2024,2,Ing. Comercial,1,12,1,1,1,1,24,1,0,0,1,0,0,0,0,ninguno,8,8,7,12.742857142857144,8,8,7,12.742857142857144,1,87.5,0,0,12.7,3.7,-1.7,Activo,0,25.0,0,0.0,11.942575928252676,0,0
2024,1,Ing. Comercio Internacional,2,1,2,1,1,1,19,1,0,0,1,0,1,0,0,ninguno,7,9,7,11.975,8,9,7,13.12857142857143,0,84.3,1,1,13.9,-0.3,0.79,Activo,0,12.5,1,0.0,11.882676321095559,0,1
2025,4,Lic. en Administración de Empresas,3,14,1,1,1,1,18,1,0,0,1,0,0,0,0,ninguno,5,9,4,12.25,5,11,3,11.666666666666666,1,72.5,0,0,13.9,-0.3,0.79,Activo,0,50.0,0,0.0,11.027725807252226,0,0
2023,4,Ing. Financiera y de Riesgos,4,8,1,1,1,1,20,1,0,0,0,0,0,0,0,ninguno,0,0,0,0.0,0,0,0,0.0,0,77.6,0,0,9.4,-0.8,-3.12,Abandono,1,50.0,0,0.0,0.0,0,0
2025,2,Lic. en Ciencia de Datos e Inteligencia de Negocios,5,1,2,1,1,1,19,1,0,1,1,0,1,0,1,credito,8,8,7,14.935714285714283,8,8,7,14.935714285714283,1,54.5,3,1,10.8,1.4,1.74,Activo,0,25.0,0,1.0,14.233800885987575,1,1
2023,6,Ing. Comercial,1,14,3,1,1,1,19,1,0,0,1,0,1,0,0,ninguno,6,16,2,10.5,6,15,4,10.0,4,77.3,0,0,7.6,2.6,0.32,Abandono,1,75.0,1,1.0,9.59947130768131,1,0
2025,2,Ing. Comercio Internacional,2,1,1,1,1,1,19,1,0,0,1,0,1,0,1,ninguno,6,9,5,13.333333333333334,6,6,5,13.0,1,74.2,3,1,12.4,0.5,1.79,Activo,0,25.0,0,0.0,12.523974032307343,0,1
2025,1,Lic. en Administración de Empresas,3,14,1,1,1,1,23,1,0,0,1,1,0,0,0,ninguno,6,6,0,0.0,6,8,0,0.0,6,87.9,0,0,15.5,2.8,-4.06,Abandono,1,12.5,0,3.0,0.0,1,0
2023,1,Ing. Financiera y de Riesgos,4,12,1,1,1,1,47,2,0,0,1,0,0,0,0,ninguno,6,12,5,13.8,6,13,4,14.0,1,70.9,0,0,12.7,3.7,-1.7,Abandono,1,12.5,0,0.0,13.456059367127404,0,0
2025,3,Lic. en Ciencia de Datos e Inteligencia de Negocios,5,1,1,1,1,1,19,1,0,0,1,0,0,0,0,ninguno,6,6,6,11.833333333333334,6,8,4,10.75,0,96.9,3,1,16.2,0.3,-0.92,Activo,0,37.5,0,0.0,10.462669720921992,0,1
2024,1,Ing. Comercial,1,1,4,1,1,1,19,1,0,0,1,0,1,0,0,ninguno,0,0,0,0.0,0,0,0,0.0,0,76.3,0,0,11.1,0.6,2.02,Activo,0,12.5,0,0.0,0.0,0,0
2024,1,Ing. Comercio Internacional,2,1,1,1,1,1,18,1,0,0,1,0,1,0,0,ninguno,0,0,0,0.0,0,0,0,0.0,0,96.8,2,1,16.2,0.3,-0.92,Abandono,1,12.5,1,0.0,0.0,0,1
2025,6,Lic. en Administración de Empresas,3,14,1,1,1,1,28,1,0,0,1,0,0,0,1,ninguno,5,9,2,10.0,5,9,0,0.0,3,88.0,0,0,15.5,2.8,-4.06,Abandono,1,75.0,0,1.0,4.5174341009650565,1,0
2025,2,Ing. Financiera y de Riesgos,4,14,1,1,6,1,20,1,0,0,1,0,1,0,0,ninguno,6,10,4,11.5,6,11,3,11.666666666666666,2,85.7,1,1,7.6,2.6,0.32,Abandono,1,25.0,1,1.0,10.805412645594403,1,1
2025,8,Lic. en Ciencia de Datos e Inteligencia de Negocios,5,8,2,1,1,1,18,1,0,1,1,0,0,0,1,credito,6,12,3,10.666666666666666,6,9,4,12.0,3,65.6,0,0,15.5,2.8,-4.06,Activo,0,100.0,0,1.0,10.374831377585956,1,0
2024,5,Ing. Comercial,1,1,1,1,1,1,21,1,0,1,1,0,1,0,0,beca,0,0,0,0.0,0,0,0,0.0,0,91.9,2,1,12.4,0.5,1.79,Activo,0,62.5,0,0.0,0.0,0,1
2023,5,Ing. Comercio Internacional,2,1,1,1,1,1,19,1,0,0,1,0,0,0,0,ninguno,6,10,4,12.75,6,12,2,13.0,2,70.9,0,0,10.8,1.4,1.74,Activo,0,62.5,0,1.0,11.965108964667824,1,0
2024,8,Lic. en Administración de Empresas,3,12,1,1,12,1,24,1,0,0,0,1,0,0,0,ninguno,6,7,0,0.0,6,7,0,0.0,6,87.0,1,1,16.2,0.3,-0.92,Abandono,1,100.0,0,4.0,0.0,1,1
2024,3,Ing. Financiera y de Riesgos,4,12,1,1,1,1,24,1,0,0,1,0,0,0,0,ninguno,6,11,6,11.333333333333334,6,12,3,11.333333333333334,0,82.6,0,0,16.2,0.3,-0.92,Activo,0,37.5,1,0.0,10.781250932491032,0,0
2024,2,Lic. en Ciencia de Datos e Inteligencia de Negocios,5,12,1,1,9,1,25,1,0,0,0,1,1,0,0,ninguno,6,6,0,0.0,6,6,0,0.0,6,61.0,0,0,8.9,1.4,3.51,Activo,0,25.0,0,2.0,0.0,1,0
2024,2,Ing. Comercial,1,12,1,1,1,1,28,1,0,0,1,0,0,0,1,ninguno,6,10,6,13.0,6,8,5,12.2,0,86.3,0,0,13.9,-0.3,0.79,Activo,0,25.0,1,0.0,12.19061706213205,0,0
2023,4,Ing. Comercio Internacional,2,12,1,0,1,1,37,2,0,0,1,0,0,0,0,ninguno,5,7,4,10.75,5,7,3,11.333333333333334,1,79.2,1,1,7.6,2.6,0.32,Activo,0,50.0,2,0.0,10.366798548779748,0,1
2025,3,Lic. en Administración de Empresas,3,14,1,1,1,1,19,1,0,0,1,0,0,0,0,ninguno,5,8,5,12.0,5,12,2,10.5,0,93.6,0,0,13.9,-0.3,0.79,Activo,0,37.5,0,0.0,10.788704619729964,0,0
2024,5,Ing. Financiera y de Riesgos,4,8,4,1,1,1,18,1,0,1,1,0,1,0,1,beca,7,7,7,13.462857142857144,8,8,8,13.90625,0,95.0,1,1,11.1,0.6,2.02,Activo,0,62.5,0,0.0,12.86393780096186,0,1
2023,1,Lic. en Ciencia de Datos e Inteligencia de Negocios,5,12,1,1,12,1,48,1,0,0,1,0,0,0,1,ninguno,6,13,3,10.0,6,15,1,10.0,3,70.4,0,0,7.6,2.6,0.32,Abandono,1,12.5,0,2.0,9.330359104675512,1,0
2023,8,Ing. Comercial,1,8,4,1,1,1,21,1,0,0,1,0,1,0,0,ninguno,6,6,6,12.333333333333334,6,7,6,13.666666666666666,0,92.7,0,0,8.9,1.4,3.51,Activo,0,100.0,0,0.0,12.412140846157838,0,0
2024,3,Ing. Comercio Internacional,2,8,1,1,1,1,19,1,0,1,1,0,0,0,0,beca,7,11,6,12.528571428571428,7,10,6,12.416666666666666,1,68.1,2,1,15.5,2.8,-4.06,Activo,0,37.5,0,0.0,11.984461080302165,0,1
2025,8,Lic. en Administración de Empresas,3,14,2,1,1,1,21,1,0,1,1,0,0,0,1,credito,8,8,0,0.0,8,8,0,0.0,8,70.9,2,1,9.4,-0.8,-3.12,Activo,0,100.0,0,2.0,0.0,1,1
2025,1,Ing. Financiera y de Riesgos,4,15,1,1,1,1,23,1,0,0,0,1,1,0,0,ninguno,5,6,0,0.0,5,7,0,0.0,5,96.8,2,1,13.9,-0.3,0.79,Abandono,1,12.5,1,1.0,0.0,1,1
2025,1,Lic. en Ciencia de Datos e Inteligencia de Negocios,5,1,1,1,1,1,18,1,0,0,1,0,1,0,0,ninguno,5,5,5,13.6,5,6,4,13.25,0,85.8,0,0,10.8,1.4,1.74,Activo,0,12.5,1,0.0,13.094507523599306,0,0
2024,5,Ing. Comercial,1,15,1,1,14,1,22,1,0,0,1,0,0,0,0,ninguno,6,7,6,12.333333333333334,6,6,2,14.0,0,83.5,0,0,13.9,-0.3,0.79,Abandono,1,62.5,0,0.0,12.714586486320963,0,0
2023,5,Ing. Comercio Internacional,2,7,1,1,1,1,25,1,0,0,1,0,1,0,0,ninguno,13,16,10,11.454545454545457,11,13,7,12.25,3,87.3,0,0,12.4,0.5,1.79,Abandono,1,62.5,0,1.0,10.872522006233254,1,0
2023,2,Lic. en Administración de Empresas,3,4,1,1,15,1,27,1,0,0,1,1,0,0,1,ninguno,13,13,8,13.5,11,12,5,14.4,5,97.0,0,0,11.1,0.6,2.02,Abandono,1,25.0,0,3.0,12.96453328217601,1,0
2024,1,Ing. Financiera y de Riesgos,4,12,1,1,9,1,49,1,0,0,0,0,0,0,1,ninguno,5,5,0,0.0,5,6,0,0.0,5,84.6,0,0,10.8,1.4,1.74,Abandono,1,12.5,0,3.0,0.0,1,0
2025,2,Lic. en Ciencia de Datos e Inteligencia de Negocios,5,12,1,0,1,1,31,1,0,0,0,0,0,0,1,ninguno,5,5,2,11.0,5,0,0,0.0,3,69.2,1,1,12.7,3.7,-1.7,Abandono,1,25.0,1,1.0,4.583925332955516,1,1
2025,2,Ing. Comercial,1,12,1,1,1,1,54,1,0,0,1,0,0,0,0,ninguno,6,9,6,13.714285714285714,6,13,5,14.333333333333334,0,100.0,0,0,16.2,0.3,-0.92,Abandono,1,25.0,0,0.0,13.574036312220967,0,0
2024,3,Ing. Comercio Internacional,2,4,1,1,15,1,25,1,0,0,0,1,1,0,1,ninguno,21,26,21,12.363636363636363,16,21,12,12.25,0,74.2,1,1,11.1,0.6,2.02,Abandono,1,37.5,0,0.0,11.326388715894545,0,1
2024,6,Lic. en Administración de Empresas,3,15,1,1,14,1,20,1,0,0,1,0,0,0,0,ninguno,7,13,3,10.666666666666666,6,14,2,11.5,4,82.7,1,1,15.5,2.8,-4.06,Activo,0,75.0,0,2.0,10.683383938235638,1,1
2023,3,Ing. Financiera y de Riesgos,4,4,1,1,3,1,28,1,0,0,1,0,0,0,0,ninguno,6,9,2,12.0,6,10,3,12.666666666666666,4,64.4,0,0,12.7,3.7,-1.7,Abandono,1,37.5,2,1.0,11.962545701606171,1,0
2023,6,Lic. en Ciencia de Datos e Inteligencia de Negocios,5,12,1,0,12,1,41,2,0,0,1,0,0,0,1,ninguno,7,7,7,12.857142857142858,6,6,6,13.166666666666666,0,66.6,0,0,12.7,3.7,-1.7,Activo,0,75.0,0,0.0,12.633356684431671,0,0
2025,2,Ing. Comercial,1,1,2,1,1,1,19,1,0,1,1,0,0,0,1,beca,6,10,6,13.125,6,9,6,12.714285714285714,0,72.6,3,1,11.1,0.6,2.02,Activo,0,25.0,0,0.0,12.218453310852063,0,1
2023,1,Ing. Comercio Internacional,2,14,1,1,1,1,22,1,0,0,1,0,0,0,0,ninguno,5,6,0,0.0,5,8,2,11.5,5,70.7,0,0,15.5,2.8,-4.06,Abandono,1,12.5,1,1.0,4.903317919497363,1,0
2023,3,Lic. en Administración de Empresas,3,1,1,1,1,1,34,1,0,0,1,0,0,0,0,ninguno,6,13,2,13.5,6,6,0,0.0,4,90.6,0,0,15.5,2.8,-4.06,Abandono,1,37.5,0,1.0,6.193332975487757,1,0
2023,1,Ing. Financiera y de Riesgos,4,12,1,1,1,1,28,1,0,0,0,1,0,0,0,ninguno,11,14,11,15.090909090909092,10,11,10,15.0,0,79.8,0,0,11.1,0.6,2.02,Abandono,1,12.5,1,0.0,14.060927354004258,0,0
2024,2,Lic. en Ciencia de Datos e Inteligencia de Negocios,5,1,1,1,1,1,42,1,0,0,1,0,1,0,0,ninguno,6,9,5,12.4,6,10,5,11.8,1,75.8,0,0,7.6,2.6,0.32,Activo,0,25.0,1,0.0,11.49590590331717,0,0
2024,6,Ing. Comercial,1,9,1,1,1,1,21,1,0,0,0,0,0,0,0,ninguno,6,10,5,14.0,6,11,4,14.8,1,93.9,0,0,11.1,0.6,2.02,Activo,0,75.0,0,1.0,13.994686014458749,0,0
2023,3,Ing. Comercio Internacional,2,4,1,1,3,1,50,1,0,0,1,0,0,0,0,ninguno,6,8,2,13.5,6,9,1,13.0,4,73.7,0,0,15.5,2.8,-4.06,Abandono,1,37.5,0,1.0,12.623823276269704,1,0
2025,1,Lic. en Administración de Empresas,3,1,4,1,1,1,19,1,0,0,1,0,1,0,1,ninguno,5,5,0,0.0,5,5,0,0.0,5,72.4,0,0,12.4,0.5,1.79,Abandono,1,12.5,2,2.0,0.0,1,0
2024,1,Ing. Financiera y de Riesgos,4,14,1,1,1,1,18,1,0,0,1,0,0,0,0,ninguno,7,12,4,12.65,7,10,3,10.666666666666666,3,65.4,0,0,16.2,0.3,-0.92,Abandono,1,12.5,0,1.0,10.775775286980268,1,0
2024,2,Lic. en Ciencia de Datos e Inteligencia de Negocios,5,12,1,0,1,1,59,2,0,0,1,0,0,0,0,ninguno,5,7,0,0.0,5,7,0,0.0,5,70.0,0,0,16.2,0.3,-0.92,Abandono,1,25.0,0,1.0,0.0,1,0
2023,3,Ing. Comercial,1,4,1,0,3,1,33,2,0,0,0,0,1,0,1,ninguno,5,5,0,0.0,5,5,0,0.0,5,66.9,0,0,7.6,2.6,0.32,Abandono,1,37.5,1,3.0,0.0,1,0
2025,2,Ing. Comercio Internacional,2,8,2,1,1,1,23,1,0,1,1,0,1,0,1,beca,6,8,6,13.333333333333334,6,7,5,12.8,0,76.3,0,0,9.4,-0.8,-3.12,Activo,0,25.0,0,0.0,12.579525368155469,0,0
2024,2,Lic. en Administración de Empresas,3,12,1,0,12,1,44,2,0,0,1,0,0,0,0,ninguno,5,9,3,11.333333333333334,5,8,5,11.142857142857142,2,75.3,2,1,13.9,-0.3,0.79,Abandono,1,25.0,0,1.0,10.485953669611378,1,1
2024,2,Ing. Financiera y de Riesgos,4,1,4,0,1,1,37,2,0,0,1,0,1,0,1,ninguno,6,0,0,0.0,6,0,0,0.0,6,82.7,0,0,9.4,-0.8,-3.12,Abandono,1,25.0,1,3.0,0.0,1,0
2024,2,Lic. en Ciencia de Datos e Inteligencia de Negocios,5,12,1,1,12,1,36,2,0,0,1,0,0,0,0,ninguno,0,0,0,0.0,0,0,0,0.0,0,96.7,2,1,10.8,1.4,1.74,Abandono,1,25.0,0,0.0,0.0,0,1
2023,4,Ing. Comercial,1,1,2,0,1,1,22,1,0,0,0,0,0,0,1,ninguno,5,7,3,11.666666666666666,5,8,2,10.5,2,76.5,0,0,7.6,2.6,0.32,Abandono,1,50.0,0,1.0,10.162761863839714,1,0
2023,7,Ing. Comercio Internacional,2,12,1,0,12,1,49,2,0,0,1,0,0,0,1,ninguno,6,8,6,12.166666666666666,6,8,6,14.428571428571429,0,67.9,0,0,12.4,0.5,1.79,Activo,0,87.5,1,0.0,12.60402129568178,0,0
2024,3,Lic. en Administración de Empresas,3,16,1,1,1,1,23,1,0,0,1,0,1,0,0,ninguno,6,7,6,13.333333333333334,6,6,4,12.75,0,83.5,0,0,11.1,0.6,2.02,Activo,0,37.5,0,0.0,12.565197604973058,0,0
2024,5,Ing. Financiera y de Riesgos,4,1,1,1,1,1,19,1,0,0,1,0,1,0,1,ninguno,6,7,5,11.4,6,10,3,11.0,1,72.0,2,1,7.6,2.6,0.32,Activo,0,62.5,1,0.0,10.231577202993519,0,1
2023,2,Lic. en Ciencia de Datos e Inteligencia de Negocios,5,14,1,0,1,1,47,2,0,0,1,0,0,0,1,ninguno,6,9,6,12.142857142857142,6,6,0,0.0,0,76.1,0,0,16.2,0.3,-0.92,Abandono,1,25.0,0,0.0,5.433080559287342,0,0
2025,3,Ing. Comercial,1,14,1,1,1,1,28,1,0,0,1,0,0,0,0,ninguno,18,36,17,13.058823529411764,12,15,12,12.307692307692308,1,76.1,1,1,15.5,2.8,-4.06,Activo,0,37.5,0,0.0,12.151074742380667,0,1
2025,4,Ing. Comercio Internacional,2,15,1,1,14,1,21,1,0,0,1,0,0,0,0,ninguno,6,13,4,11.75,6,15,4,10.5,2,77.8,1,1,15.5,2.8,-4.06,Activo,0,50.0,1,1.0,10.69795166021041,1,1
2023,4,Lic. en Administración de Empresas,3,1,1,1,1,1,21,1,0,0,0,1,0,0,0,ninguno,6,9,5,11.833333333333334,6,8,5,10.0,1,72.0,1,1,8.9,1.4,3.51,Abandono,1,50.0,1,1.0,10.445550119487004,0,1
2024,7,Ing. Financiera y de Riesgos,4,14,1,1,14,1,21,1,0,0,1,0,0,0,0,ninguno,11,14,10,12.4,10,13,10,11.8,1,71.3,1,1,13.9,-0.3,0.79,Activo,0,87.5,0,0.0,11.217005670885992,0,1
2023,2,Lic. en Ciencia de Datos e Inteligencia de Negocios,5,1,1,1,1,1,20,1,0,0,1,0,0,0,0,ninguno,6,8,6,13.428571428571429,6,12,4,11.5,0,70.7,0,0,13.9,-0.3,0.79,Activo,0,25.0,0,0.0,11.7341987077637,0,0
2023,3,Ing. Comercial,1,13,1,1,1,1,49,2,0,0,0,0,0,0,0,ninguno,5,5,0,0.0,5,9,0,0.0,5,89.0,1,1,10.8,1.4,1.74,Abandono,1,37.5,1,2.0,0.0,1,1
2025,2,Ing. Comercio Internacional,2,12,1,0,1,1,40,1,0,0,1,0,0,0,1,ninguno,5,5,5,11.0,5,5,5,13.4,0,64.7,0,0,15.5,2.8,-4.06,Activo,0,25.0,1,0.0,11.73762208348955,1,0
2024,5,Lic. en Administración de Empresas,3,8,1,1,1,1,22,1,0,1,1,0,0,0,0,beca,6,8,6,13.625,6,8,6,14.428571428571429,0,72.6,0,0,11.1,0.6,2.02,Activo,0,62.5,0,0.0,13.641988712591484,0,0
2023,1,Ing. Financiera y de Riesgos,4,13,1,1,1,1,19,1,0,0,1,0,0,0,1,ninguno,5,6,4,11.8,5,7,2,11.5,1,82.3,2,1,15.5,2.8,-4.06,Activo,0,12.5,0,1.0,11.345738728317087,0,1
2025,3,Lic. en Ciencia de Datos e Inteligencia de Negocios,5,12,1,0,1,1,31,1,0,0,1,0,0,0,1,ninguno,5,5,0,0.0,5,7,0,0.0,5,73.5,1,1,13.9,-0.3,0.79,Abandono,1,37.5,1,3.0,0.0,1,1
2025,1,Ing. Comercial,1,13,1,1,1,1,30,1,0,0,1,0,0,0,0,ninguno,6,9,2,15.0,6,7,2,13.5,4,70.0,0,0,15.5,2.8,-4.06,Abandono,1,12.5,0,1.0,13.251185148732608,1,0
2025,2,Ing. Comercio Internacional,2,1,1,1,1,1,19,1,0,0,1,0,0,0,1,ninguno,6,9,5,10.8,6,11,5,11.0,1,71.3,0,0,7.6,2.6,0.32,Activo,0,25.0,0,0.0,10.113524311826954,0,0
2023,3,Lic. en Administración de Empresas,3,9,1,1,1,1,22,1,0,0,1,0,0,0,0,ninguno,5,11,3,13.666666666666666,5,10,3,11.333333333333334,2,81.6,0,0,9.4,-0.8,-3.12,Abandono,1,37.5,1,1.0,11.984123785624398,1,0
2023,3,Ing. Financiera y de Riesgos,4,1,1,1,1,1,19,1,0,0,1,0,0,0,0,ninguno,6,8,6,12.833333333333334,6,8,6,13.333333333333334,0,87.3,0,0,15.5,2.8,-4.06,Activo,0,37.5,1,0.0,12.169532325215014,0,0
2025,3,Lic. en Ciencia de Datos e Inteligencia de Negocios,5,8,1,1,1,1,21,1,0,0,0,0,0,0,1,ninguno,0,0,0,0.0,0,0,0,0.0,0,91.8,1,1,7.6,2.6,0.32,Abandono,1,37.5,0,0.0,0.0,0,1
2023,2,Ing. Comercial,1,8,3,1,1,1,19,1,0,0,1,0,0,0,0,ninguno,6,8,6,15.125,6,7,6,13.428571428571429,0,77.9,0,0,11.1,0.6,2.02,Activo,0,25.0,0,0.0,13.965995098032138,0,0
2024,1,Ing. Comercio Internacional,2,14,2,1,1,1,22,1,0,0,1,0,1,0,1,ninguno,5,11,0,0.0,5,7,1,10.0,5,68.8,0,0,16.2,0.3,-0.92,Abandono,1,12.5,2,3.0,4.128197663621284,1,0
2024,1,Lic. en Administración de Empresas,3,1,1,1,1,1,22,1,0,0,1,0,0,0,0,ninguno,6,10,5,11.4,6,8,5,11.0,1,79.5,2,1,10.8,1.4,1.74,Activo,0,12.5,0,0.0,10.689631269933052,0,1
2024,1,Ing. Financiera y de Riesgos,4,1,1,1,1,1,19,1,0,0,1,0,0,0,0,ninguno,6,12,4,12.25,6,9,6,11.0,2,79.5,0,0,9.4,-0.8,-3.12,Activo,0,12.5,0,1.0,11.220228574791479,1,0
2025,6,Lic. en Ciencia de Datos e Inteligencia de Negocios,5,12,1,1,14,1,26,1,0,0,0,0,0,0,1,ninguno,6,0,0,0.0,6,0,0,0.0,6,97.6,0,0,16.2,0.3,-0.92,Abandono,1,75.0,0,2.0,0.0,1,0
2025,7,Ing. Comercial,1,15,1,1,14,1,23,1,0,0,1,0,0,0,0,ninguno,7,12,3,14.0,6,12,1,14.0,4,65.4,1,1,12.4,0.5,1.79,Activo,0,87.5,0,1.0,13.371994136937403,1,1
2024,7,Ing. Comercio Internacional,2,8,1,1,1,1,18,1,0,0,1,0,0,0,0,ninguno,6,7,6,12.333333333333334,6,10,5,10.8,0,86.5,1,1,16.2,0.3,-0.92,Activo,0,87.5,0,0.0,10.969259117719059,0,1
2024,1,Lic. en Administración de Empresas,3,1,1,1,1,1,22,1,0,1,1,1,0,0,1,beca,5,8,5,10.666666666666666,5,11,2,11.0,0,80.8,0,0,15.5,2.8,-4.06,Activo,0,12.5,0,0.0,10.331112223771374,0,0
2025,2,Ing. Financiera y de Riesgos,4,9,5,1,1,1,19,1,0,0,1,0,1,0,1,ninguno,5,9,5,11.833333333333334,5,9,5,14.714285714285714,0,72.3,2,1,12.4,0.5,1.79,Activo,0,25.0,0,0.0,12.853256698264602,0,1
2023,4,Lic. en Ciencia de Datos e Inteligencia de Negocios,5,8,1,1,1,1,20,1,0,0,1,0,0,0,1,ninguno,5,14,0,0.0,5,5,0,0.0,5,74.6,0,0,11.1,0.6,2.02,Abandono,1,50.0,0,3.0,0.0,1,0
2024,5,Ing. Comercial,1,1,3,1,1,1,22,1,0,1,1,0,1,0,1,credito,6,6,6,11.666666666666666,6,6,6,12.166666666666666,0,82.3,0,0,7.6,2.6,0.32,Activo,0,62.5,0,0.0,10.923589818052225,0,0
2024,3,Ing. Comercio Internacional,2,4,1,1,3,1,18,1,0,0,0,0,1,0,0,ninguno,5,7,2,13.0,5,5,0,0.0,3,100.0,2,1,12.7,3.7,-1.7,Abandono,1,37.5,0,2.0,5.655545893706217,1,1
2024,2,Lic. en Administración de Empresas,3,14,2,0,13,1,39,4,0,0,1,0,0,0,1,ninguno,2,5,0,0.0,4,4,0,0.0,2,90.3,0,0,10.8,1.4,1.74,Abandono,1,25.0,0,1.0,0.0,1,0
2025,2,Ing. Financiera y de Riesgos,4,1,1,1,1,1,18,1,0,0,1,0,0,0,0,ninguno,8,8,0,0.0,8,8,0,0.0,8,90.3,2,1,10.8,1.4,1.74,Abandono,1,25.0,1,2.0,0.0,1,1
2024,2,Lic. en Ciencia de Datos e Inteligencia de Negocios,5,8,3,1,1,1,18,1,0,1,1,0,0,0,0,beca,5,5,5,13.0,5,5,5,14.2,0,73.2,0,0,8.9,1.4,3.51,Activo,0,25.0,0,0.0,13.147633886753843,0,0
2024,6,Ing. Comercial,1,1,1,1,1,1,19,1,0,1,1,0,0,0,0,beca,6,7,6,13.857142857142858,6,6,6,14.0,0,81.7,3,1,13.9,-0.3,0.79,Activo,0,75.0,0,0.0,13.532884876429103,0,1
2025,6,Ing. Comercio Internacional,2,1,1,1,1,1,18,1,0,0,1,0,0,0,1,ninguno,7,7,6,13.391666666666666,8,8,8,12.4875,1,90.8,0,0,12.4,0.5,1.79,Activo,0,75.0,0,0.0,12.253651948548722,0,0
2023,4,Lic. en Administración de Empresas,3,1,1,1,1,1,18,1,0,1,1,0,1,0,0,beca,5,7,4,12.75,5,5,0,0.0,1,87.2,1,1,7.6,2.6,0.32,Abandono,1,50.0,0,0.0,5.651219739632659,0,1
2025,7,Ing. Financiera y de Riesgos,4,15,1,1,14,1,22,1,0,0,1,0,1,0,0,ninguno,5,7,4,14.5,5,5,5,14.6,1,75.8,0,0,10.8,1.4,1.74,Activo,0,87.5,0,0.0,13.756148137535805,0,0
2025,1,Lic. en Ciencia de Datos e Inteligencia de Negocios,5,1,1,1,1,1,19,1,0,0,1,0,0,0,0,ninguno,6,7,6,12.166666666666666,6,6,6,12.166666666666666,0,93.8,1,1,12.4,0.5,1.79,Activo,0,12.5,1,0.0,11.390517307013099,0,1
2023,2,Ing. Comercial,1,1,1,1,1,1,18,1,0,0,1,0,1,0,0,ninguno,5,5,5,15.4,5,5,5,15.6,0,84.3,0,0,12.7,3.7,-1.7,Abandono,1,25.0,0,0.0,14.995366682101633,0,0
2025,2,Ing. Comercio Internacional,2,12,1,1,12,1,31,1,0,0,0,1,0,0,0,ninguno,5,9,2,13.333333333333334,5,9,2,16.0,3,69.0,0,0,16.2,0.3,-0.92,Abandono,1,25.0,0,1.0,14.135448962888875,1,0
2024,6,Lic. en Administración de Empresas,3,12,1,0,1,1,28,1,0,0,1,0,0,0,0,ninguno,5,5,0,0.0,5,5,0,0.0,5,85.9,0,0,12.7,3.7,-1.7,Abandono,1,75.0,0,1.0,0.0,1,0
2024,2,Ing. Financiera y de Riesgos,4,1,1,1,1,1,19,1,0,0,1,0,0,0,1,ninguno,6,0,0,0.0,6,0,0,0.0,6,79.2,1,1,15.5,2.8,-4.06,Abandono,1,25.0,0,2.0,0.0,1,1
2023,2,Lic. en Ciencia de Datos e Inteligencia de Negocios,5,8,1,1,1,1,20,1,0,0,1,0,0,0,1,ninguno,6,7,6,13.714285714285714,6,8,6,14.714285714285714,0,88.4,0,0,16.2,0.3,-0.92,Activo,0,25.0,1,0.0,13.765449481552194,0,0
2023,1,Ing. Comercial,1,12,1,1,1,1,50,4,0,0,1,0,0,0,0,ninguno,6,7,4,12.25,6,7,0,0.0,2,79.4,1,1,8.9,1.4,3.51,Abandono,1,12.5,0,1.0,5.562964692412282,1,1
2025,1,Ing. Comercio Internacional,2,14,1,1,1,1,38,1,0,0,1,0,0,0,0,ninguno,6,9,5,16.0,6,11,4,16.5,1,87.7,0,0,13.9,-0.3,0.79,Activo,0,12.5,0,1.0,15.759541089695416,0,0
2025,2,Lic. en Administración de Empresas,3,12,1,0,1,1,31,2,0,0,1,0,1,0,1,ninguno,5,8,1,11.0,5,5,1,13.0,4,100.0,2,1,9.4,-0.8,-3.12,Abandono,1,25.0,0,1.0,11.638181095146996,1,1
2023,3,Ing. Financiera y de Riesgos,4,12,1,1,1,1,27,1,0,0,1,0,1,0,0,ninguno,7,7,7,14.085714285714284,7,7,7,14.085714285714284,0,92.4,0,0,7.6,2.6,0.32,Activo,0,37.5,1,0.0,13.204617054120627,0,0
2023,3,Lic. en Ciencia de Datos e Inteligencia de Negocios,5,9,1,1,1,1,21,1,0,0,1,0,1,0,0,ninguno,6,9,6,10.166666666666666,6,10,6,10.5,0,73.6,0,0,12.7,3.7,-1.7,Activo,0,37.5,0,0.0,9.436155360923406,0,0
2025,1,Ing. Comercial,1,12,1,1,1,1,34,2,0,0,1,0,0,0,0,ninguno,5,8,1,10.0,5,9,0,0.0,4,81.1,0,0,8.9,1.4,3.51,Abandono,1,12.5,0,2.0,4.546174789883184,1,0
2023,3,Ing. Comercio Internacional,2,16,1,1,1,1,19,1,0,0,1,0,1,0,1,ninguno,5,10,0,0.0,5,7,1,10.0,5,73.8,0,0,7.6,2.6,0.32,Activo,0,37.5,1,2.0,4.654659460332359,1,0
2024,6,Lic. en Administración de Empresas,3,12,1,0,1,1,40,2,0,0,0,0,1,0,1,ninguno,5,10,2,10.5,5,5,3,10.666666666666666,3,64.1,2,1,9.4,-0.8,-3.12,Abandono,1,75.0,0,1.0,9.766154127187507,1,1
2024,4,Ing. Financiera y de Riesgos,4,1,1,1,1,1,18,1,0,1,1,0,1,0,0,beca,0,0,0,0.0,0,0,0,0.0,0,79.9,0,0,12.7,3.7,-1.7,Activo,0,50.0,0,0.0,0.0,0,0
2023,3,Lic. en Ciencia de Datos e Inteligencia de Negocios,5,12,1,1,9,1,46,2,0,1,0,1,0,0,0,mixto,6,6,0,0.0,6,6,0,0.0,6,95.2,1,1,15.5,2.8,-4.06,Abandono,1,37.5,0,3.0,0.0,1,1
2025,1,Ing. Comercial,1,14,5,0,1,1,37,1,0,0,1,0,0,0,1,ninguno,6,12,0,0.0,5,10,0,0.0,6,75.0,0,0,7.6,2.6,0.32,Abandono,1,12.5,0,2.0,0.0,1,0
2023,4,Ing. Comercio Internacional,2,12,1,1,1,1,31,1,0,0,1,0,1,0,0,ninguno,6,8,0,0.0,6,10,0,0.0,6,76.2,2,1,16.2,0.3,-0.92,Abandono,1,50.0,0,4.0,0.0,1,1
2024,4,Lic. en Administración de Empresas,3,12,1,1,1,1,34,1,0,0,1,0,0,0,1,ninguno,6,15,5,13.333333333333334,6,15,5,12.4,1,89.9,0,0,12.4,0.5,1.79,Activo,0,50.0,0,0.0,12.011635071835922,0,0
2025,3,Ing. Financiera y de Riesgos,4,1,6,1,1,1,18,1,0,1,1,0,1,0,0,credito,0,0,0,0.0,0,0,0,0.0,0,74.6,0,0,9.4,-0.8,-3.12,Abandono,1,37.5,0,0.0,0.0,0,0
2023,1,Lic. en Ciencia de Datos e Inteligencia de Negocios,5,1,1,1,1,1,18,1,0,1,1,0,0,0,0,credito,6,7,6,13.571428571428571,6,6,6,14.333333333333334,0,90.2,0,0,12.4,0.5,1.79,Activo,0,12.5,0,0.0,13.507421574959555,0,0
2023,1,Ing. Comercial,1,8,4,1,1,1,19,1,0,1,1,0,1,0,0,beca,6,6,6,12.833333333333334,6,7,6,11.166666666666666,0,79.6,0,0,11.1,0.6,2.02,Activo,0,12.5,0,0.0,11.464860308425317,0,0
2025,6,Ing. Comercio Internacional,2,14,1,0,1,1,40,1,0,0,1,0,0,0,0,ninguno,5,6,4,10.25,8,18,5,11.2,1,81.5,1,1,15.5,2.8,-4.06,Abandono,1,75.0,0,0.0,10.33103310663438,0,1
2024,7,Lic. en Administración de Empresas,3,12,1,1,1,1,25,1,0,0,1,0,0,0,0,ninguno,6,6,0,0.0,6,6,0,0.0,6,76.4,1,1,12.4,0.5,1.79,Abandono,1,87.5,0,2.0,0.0,1,1
2024,3,Ing. Financiera y de Riesgos,4,8,5,1,1,1,20,1,0,0,1,1,1,0,0,ninguno,5,5,4,14.5,6,8,3,13.333333333333334,1,79.2,1,1,11.1,0.6,2.02,Abandono,1,37.5,0,0.0,12.922146466552782,0,1
2023,1,Lic. en Ciencia de Datos e Inteligencia de Negocios,5,8,1,1,1,1,20,1,0,0,1,0,0,0,1,ninguno,5,6,5,15.8,5,8,5,13.714285714285714,0,78.7,1,1,11.1,0.6,2.02,Activo,0,12.5,1,0.0,13.998227091271469,0,1
2023,1,Ing. Comercial,1,12,1,1,1,1,43,1,0,0,0,0,1,0,1,ninguno,6,0,0,0.0,6,0,0,0.0,6,71.5,0,0,15.5,2.8,-4.06,Abandono,1,12.5,0,3.0,0.0,1,0
2025,3,Ing. Comercio Internacional,2,8,4,1,1,1,18,1,0,0,1,0,1,0,1,ninguno,5,8,4,12.5,5,7,3,14.666666666666666,1,74.5,1,1,7.6,2.6,0.32,Activo,0,37.5,0,1.0,12.747484383049622,0,1
2024,2,Lic. en Administración de Empresas,3,14,1,1,1,1,35,1,0,0,1,0,0,0,0,ninguno,18,22,18,11.666666666666666,13,13,12,11.5,0,80.0,0,0,15.5,2.8,-4.06,Activo,0,25.0,1,0.0,10.695279321551926,0,0
2023,1,Ing. Financiera y de Riesgos,4,8,2,0,1,1,23,1,0,0,1,0,0,0,1,ninguno,5,6,4,13.0,5,5,5,13.0,1,72.7,1,1,7.6,2.6,0.32,Activo,0,12.5,0,0.0,12.135299662368691,0,1
2023,2,Lic. en Ciencia de Datos e Inteligencia de Negocios,5,8,1,1,1,1,19,1,0,0,1,0,0,0,1,ninguno,7,8,7,12.12142857142857,9,12,8,11.50625,0,72.2,0,0,12.4,0.5,1.79,Activo,0,25.0,0,0.0,11.50226167121137,0,0
2024,3,Ing. Comercial,1,17,1,1,16,1,21,1,0,1,1,0,1,0,0,beca,11,15,9,14.22222222222222,9,15,7,13.75,2,76.8,1,1,8.9,1.4,3.51,Activo,0,37.5,0,1.0,13.555345582377761,1,1
2025,2,Ing. Comercio Internacional,2,14,1,1,1,1,19,1,0,0,1,0,0,0,0,ninguno,6,17,4,12.5,6,8,4,13.25,2,84.7,1,1,13.9,-0.3,0.79,Activo,0,25.0,0,1.0,12.116566288517518,1,1
2024,1,Lic. en Administración de Empresas,3,9,1,1,1,1,20,1,0,0,1,0,1,0,0,ninguno,5,7,5,12.166666666666666,5,7,5,15.285714285714286,0,71.3,2,1,12.4,0.5,1.79,Activo,0,12.5,0,0.0,13.163158932727702,0,1
2024,4,Ing. Financiera y de Riesgos,4,12,1,1,1,1,30,1,0,1,1,0,0,1,1,beca,6,0,0,0.0,6,0,0,0.0,6,86.9,2,1,12.4,0.5,1.79,Abandono,1,50.0,0,2.0,0.0,1,1
2023,1,Lic. en Ciencia de Datos e Inteligencia de Negocios,5,12,1,1,1,1,44,4,0,0,1,0,1,0,0,ninguno,6,6,6,12.666666666666666,6,6,6,11.5,0,67.0,2,1,12.4,0.5,1.79,Activo,0,12.5,1,0.0,11.317549978486554,0,1
2023,3,Ing. Comercial,1,9,1,1,1,1,19,1,0,0,1,0,0,0,0,ninguno,8,8,7,13.614285714285714,8,8,7,13.614285714285714,1,78.8,0,0,12.7,3.7,-1.7,Activo,0,37.5,0,0.0,12.64470147817527,0,0
2023,6,Ing. Comercio Internacional,2,15,1,1,14,1,22,1,0,0,1,0,1,0,0,ninguno,18,32,12,12.857142857142858,12,15,10,14.3,6,98.7,1,1,16.2,0.3,-0.92,Activo,0,75.0,0,3.0,13.137558891419374,1,1
2024,7,Lic. en Administración de Empresas,3,1,1,1,1,1,18,1,0,0,1,0,0,0,1,ninguno,5,7,4,14.0,5,5,5,14.2,1,70.5,2,1,7.6,2.6,0.32,Activo,0,87.5,0,0.0,13.195230080319483,0,1
2024,1,Ing. Financiera y de Riesgos,4,8,1,1,1,1,21,1,0,1,1,0,1,0,0,beca,6,8,4,14.75,6,6,5,11.8,2,78.5,0,0,12.7,3.7,-1.7,Activo,0,12.5,0,1.0,12.750053385929343,1,0
2023,7,Lic. en Ciencia de Datos e Inteligencia de Negocios,5,1,2,1,1,1,18,1,0,0,1,0,0,0,0,ninguno,6,0,0,0.0,6,0,0,0.0,6,63.6,1,1,7.6,2.6,0.32,Abandono,1,87.5,0,3.0,0.0,1,1
2025,4,Ing. Comercial,1,8,4,1,1,1,18,1,0,0,1,0,1,0,1,ninguno,6,8,6,13.625,6,7,6,14.285714285714286,0,71.1,0,0,11.1,0.6,2.02,Activo,0,50.0,0,0.0,13.54497507240594,0,0
2025,3,Ing. Comercio Internacional,2,1,1,1,1,1,19,1,0,0,1,0,0,0,0,ninguno,0,0,0,0.0,0,0,0,0.0,0,83.2,1,1,7.6,2.6,0.32,Activo,0,37.5,2,0.0,0.0,0,1
2023,5,Lic. en Administración de Empresas,3,15,1,1,14,1,21,1,0,0,1,0,1,0,0,ninguno,6,12,4,11.8,6,11,4,11.875,2,51.8,3,1,16.2,0.3,-0.92,Abandono,1,62.5,0,1.0,10.982508826314016,1,1
2024,8,Ing. Financiera y de Riesgos,4,12,1,1,1,1,31,1,0,0,1,0,0,0,0,ninguno,6,8,6,15.125,6,10,6,14.6,0,62.8,1,1,16.2,0.3,-0.92,Activo,0,100.0,1,0.0,14.259650263577175,1,1
2024,2,Lic. en Ciencia de Datos e Inteligencia de Negocios,5,8,5,1,1,1,21,1,0,0,1,0,1,0,0,ninguno,6,10,4,11.5,6,10,2,10.5,2,79.4,0,0,9.4,-0.8,-3.12,Abandono,1,25.0,1,1.0,10.372341157868647,1,0
2025,7,Ing. Comercial,1,12,1,1,1,1,24,1,0,0,1,1,0,0,1,ninguno,5,12,1,10.0,5,11,1,11.0,4,96.2,1,1,8.9,1.4,3.51,Activo,0,87.5,0,2.0,9.509550943145982,1,1
2025,2,Ing. Comercio Internacional,2,13,1,1,1,1,27,1,0,0,1,0,0,0,1,ninguno,4,8,0,0.0,5,10,0,0.0,4,68.3,0,0,9.4,-0.8,-3.12,Abandono,1,25.0,0,2.0,0.0,1,0
2024,8,Lic. en Administración de Empresas,3,1,5,1,1,1,20,1,0,0,1,0,1,0,1,ninguno,5,9,3,10.333333333333334,5,6,5,12.8,2,60.2,1,1,12.4,0.5,1.79,Activo,0,100.0,0,1.0,10.843816196247323,1,1
2024,2,Ing. Financiera y de Riesgos,4,15,1,1,14,1,22,1,0,0,1,0,1,0,0,ninguno,5,9,0,0.0,5,6,2,11.666666666666666,5,78.6,0,0,10.8,1.4,1.74,Activo,0,25.0,0,1.0,5.495155570860728,1,0
2025,3,Lic. en Ciencia de Datos e Inteligencia de Negocios,5,1,1,1,1,1,19,1,0,1,1,0,0,0,0,credito,6,9,4,12.0,6,10,4,12.5,2,78.9,0,0,15.5,2.8,-4.06,Activo,0,37.5,0,1.0,11.360452943852819,1,0
2025,5,Ing. Comercial,1,9,1,1,1,1,19,1,0,0,1,0,1,0,1,ninguno,6,6,6,13.833333333333334,6,6,6,14.5,0,84.5,1,1,8.9,1.4,3.51,Activo,0,62.5,0,0.0,13.412949032380988,0,1
2024,2,Ing. Comercio Internacional,2,1,1,1,1,1,23,1,0,0,1,1,1,0,0,ninguno,17,19,13,12.153846153846152,17,28,11,11.909090909090908,4,96.1,0,0,11.1,0.6,2.02,Activo,0,25.0,0,2.0,11.44865445946456,1,0
2025,3,Lic. en Administración de Empresas,3,8,1,1,1,1,18,1,0,0,1,0,1,0,1,ninguno,6,7,6,14.0,6,8,6,13.666666666666666,0,80.3,2,1,12.4,0.5,1.79,Activo,0,37.5,0,0.0,13.522014655365169,0,1
2024,6,Ing. Financiera y de Riesgos,4,1,1,1,1,1,29,1,0,0,0,0,1,0,0,ninguno,6,8,6,16.5,6,6,5,13.8,0,78.9,0,0,11.1,0.6,2.02,Activo,0,75.0,1,0.0,14.435831825584547,0,0
2023,2,Lic. en Ciencia de Datos e Inteligencia de Negocios,5,12,1,1,1,1,29,1,0,0,1,0,1,0,0,ninguno,5,11,1,18.0,5,10,3,13.333333333333334,4,81.2,0,0,10.8,1.4,1.74,Abandono,1,25.0,1,1.0,15.357806186727755,1,0
2025,3,Ing. Comercial,1,15,1,1,1,1,20,1,0,0,1,0,0,0,0,ninguno,6,11,6,11.285714285714286,6,12,5,11.77777777777778,0,71.8,0,0,16.2,0.3,-0.92,Activo,0,37.5,0,0.0,11.23090350200972,0,0
2024,2,Ing. Comercio Internacional,2,1,5,1,1,1,19,1,0,1,1,0,1,0,1,beca,0,0,0,0.0,0,0,0,0.0,0,88.4,0,0,9.4,-0.8,-3.12,Activo,0,25.0,1,0.0,0.0,0,0
2025,3,Lic. en Administración de Empresas,3,8,3,1,1,1,22,1,0,0,1,0,1,1,0,ninguno,0,0,0,0.0,0,0,0,0.0,0,94.7,0,0,10.8,1.4,1.74,Activo,0,37.5,0,0.0,0.0,0,0
2023,1,Ing. Financiera y de Riesgos,4,1,2,1,1,1,20,1,0,0,1,0,1,0,0,ninguno,6,10,5,14.0,6,10,6,12.0,1,80.8,1,1,11.1,0.6,2.02,Activo,0,12.5,0,0.0,12.565678715197333,0,1
2024,7,Lic. en Ciencia de Datos e Inteligencia de Negocios,5,12,1,1,1,1,24,1,0,0,1,0,1,0,1,ninguno,5,13,4,13.75,5,9,3,12.0,1,78.4,0,0,9.4,-0.8,-3.12,Activo,0,87.5,0,0.0,12.11770990391708,0,0
2025,5,Ing. Comercial,1,1,1,1,1,1,21,1,0,0,0,0,0,0,1,ninguno,6,9,4,13.25,6,6,5,11.0,2,85.9,1,1,12.7,3.7,-1.7,Abandono,1,62.5,1,1.0,11.787411968442438,1,1
2024,3,Ing. Comercio Internacional,2,12,1,1,1,1,25,1,0,1,1,0,0,0,1,mixto,5,7,4,14.25,5,7,4,14.75,1,77.6,0,0,12.7,3.7,-1.7,Activo,0,37.5,0,1.0,13.98061610696781,0,0
2024,4,Lic. en Administración de Empresas,3,12,1,1,1,1,32,1,0,0,0,0,0,0,0,ninguno,5,9,0,0.0,5,5,0,0.0,5,78.2,1,1,9.4,-0.8,-3.12,Abandono,1,50.0,0,2.0,0.0,1,1
2025,4,Ing. Financiera y de Riesgos,4,14,1,0,1,1,26,1,0,0,0,0,0,0,0,ninguno,12,12,8,11.25,8,8,3,11.333333333333334,4,78.1,0,0,7.6,2.6,0.32,Abandono,1,50.0,0,1.0,10.585543207809094,1,0
2024,4,Lic. en Ciencia de Datos e Inteligencia de Negocios,5,1,1,1,1,1,18,1,0,1,1,0,1,0,0,beca,6,7,6,13.5,6,8,6,12.5,0,86.4,1,1,12.4,0.5,1.79,Activo,0,50.0,0,0.0,12.236764391690823,0,1
2025,2,Ing. Comercial,1,8,1,1,1,1,19,1,0,1,1,0,0,0,0,beca,6,8,5,12.666666666666666,6,10,6,12.857142857142858,1,65.2,0,0,16.2,0.3,-0.92,Activo,0,25.0,0,0.0,11.957109664385433,0,0
2024,1,Ing. Comercio Internacional,2,1,3,1,1,1,19,1,0,1,1,0,1,0,0,beca,6,6,6,15.166666666666666,6,6,6,12.333333333333334,0,69.5,0,0,12.4,0.5,1.79,Activo,0,12.5,0,0.0,13.271338148157005,0,0
2024,6,Lic. en Administración de Empresas,3,4,1,1,15,1,27,1,0,0,1,0,0,0,1,ninguno,6,6,6,13.166666666666666,5,7,5,15.142857142857142,0,73.0,0,0,11.1,0.6,2.02,Abandono,1,75.0,0,0.0,13.792287078616296,0,0
2023,1,Ing. Financiera y de Riesgos,4,17,1,1,1,1,21,1,0,0,1,1,0,0,1,ninguno,12,20,10,11.8,12,15,9,11.444444444444445,2,78.0,0,0,8.9,1.4,3.51,Activo,0,12.5,0,1.0,11.267143662362894,1,0
2023,1,Lic. en Ciencia de Datos e Inteligencia de Negocios,5,8,1,1,1,1,20,1,0,0,1,0,0,0,0,ninguno,5,10,4,11.5,5,11,0,0.0,1,76.1,0,0,13.9,-0.3,0.79,Activo,0,12.5,0,0.0,5.1516939160844935,0,0
2024,4,Ing. Comercial,1,15,1,1,14,1,21,1,0,0,1,0,1,0,0,ninguno,6,6,6,14.5,6,8,6,11.333333333333334,0,80.1,0,0,12.4,0.5,1.79,Activo,0,50.0,0,0.0,11.954575580322768,0,0
2025,2,Ing. Comercio Internacional,2,1,5,1,1,1,22,1,0,0,1,0,1,0,1,ninguno,6,10,5,13.4,6,12,3,10.666666666666666,1,83.5,0,0,9.4,-0.8,-3.12,Activo,0,25.0,0,0.0,11.580923009360417,0,0
2023,6,Lic. en Administración de Empresas,3,1,1,1,1,1,19,1,0,0,0,1,1,0,0,ninguno,0,0,0,0.0,0,0,0,0.0,0,80.4,0,0,12.7,3.7,-1.7,Activo,0,75.0,0,0.0,0.0,0,0
2023,4,Ing. Financiera y de Riesgos,4,8,4,1,1,1,18,1,0,1,1,0,1,0,0,beca,5,8,4,10.8,5,10,2,12.5,1,88.1,2,1,11.1,0.6,2.02,Abandono,1,50.0,1,0.0,11.2793778385259,0,1
2025,8,Lic. en Ciencia de Datos e Inteligencia de Negocios,5,12,2,1,1,1,28,1,0,0,1,0,0,0,1,ninguno,5,6,0,0.0,5,5,0,0.0,5,69.5,2,1,13.9,-0.3,0.79,Abandono,1,100.0,0,1.0,0.0,1,1
2023,7,Ing. Comercial,1,12,1,1,1,1,25,2,0,0,0,1,0,0,0,ninguno,10,23,6,11.428571428571429,7,15,4,12.0,4,93.4,0,0,15.5,2.8,-4.06,Abandono,1,87.5,0,2.0,10.938374702522694,1,0
2025,7,Ing. Comercio Internacional,2,14,1,1,1,1,25,1,0,0,1,0,0,0,1,ninguno,14,24,8,12.5,13,23,10,11.6,6,74.0,2,1,15.5,2.8,-4.06,Abandono,1,87.5,0,2.0,11.299948154287469,1,1
2023,6,Lic. en Administración de Empresas,3,1,1,1,1,1,18,1,0,0,1,0,0,0,0,ninguno,5,11,2,13.5,5,11,3,12.333333333333334,3,69.6,0,0,8.9,1.4,3.51,Activo,0,75.0,0,1.0,12.01387549653532,1,0
2023,3,Ing. Financiera y de Riesgos,4,1,1,1,1,1,26,1,0,0,1,0,0,0,1,ninguno,6,6,0,0.0,6,12,0,0.0,6,72.4,0,0,10.8,1.4,1.74,Abandono,1,37.5,0,2.0,0.0,1,0
2025,5,Lic. en Ciencia de Datos e Inteligencia de Negocios,5,8,3,1,1,1,18,1,0,1,1,0,1,0,0,beca,5,8,5,12.75,5,7,5,11.5,0,75.1,1,1,13.9,-0.3,0.79,Activo,0,62.5,0,0.0,11.730880071463055,0,1
2023,3,Ing. Comercial,1,14,1,1,1,1,22,1,0,0,1,0,1,0,1,ninguno,6,17,3,11.333333333333334,6,14,3,12.333333333333334,3,71.2,0,0,15.5,2.8,-4.06,Activo,0,37.5,0,2.0,11.330749741840245,1,0
2023,4,Ing. Comercio Internacional,2,12,1,1,1,1,25,1,0,0,1,0,0,0,1,ninguno,6,8,0,0.0,6,10,0,0.0,6,85.0,0,0,16.2,0.3,-0.92,Abandono,1,50.0,0,2.0,0.0,1,0
2025,3,Lic. en Administración de Empresas,3,1,2,1,1,1,19,1,0,0,1,0,1,0,0,ninguno,6,9,5,11.4,6,13,5,12.4,1,92.2,1,1,8.9,1.4,3.51,Activo,0,37.5,0,1.0,11.17081461838091,0,1
2025,2,Ing. Financiera y de Riesgos,4,8,2,1,1,1,19,1,0,0,1,0,1,0,1,ninguno,6,7,6,14.428571428571429,6,7,6,14.571428571428571,0,83.4,2,1,13.9,-0.3,0.79,Activo,0,25.0,0,0.0,13.828297809179926,0,1
2023,7,Lic. en Ciencia de Datos e Inteligencia de Negocios,5,8,1,1,1,1,19,1,0,0,1,0,0,0,0,ninguno,7,9,7,12.492857142857144,8,10,8,11.7125,0,67.5,1,1,16.2,0.3,-0.92,Activo,0,87.5,0,0.0,11.324603478346493,0,1
2025,1,Ing. Comercial,1,12,1,0,12,1,45,4,0,0,1,0,0,0,1,ninguno,8,10,4,11.5,8,13,4,11.0,4,71.3,3,1,10.8,1.4,1.74,Abandono,1,12.5,2,1.0,10.50382640473869,1,1
2023,3,Ing. Comercio Internacional,2,12,1,0,1,1,52,2,0,0,1,0,0,0,1,ninguno,5,7,5,11.2,5,6,5,12.8,0,63.8,0,0,7.6,2.6,0.32,Activo,0,37.5,2,0.0,11.083072577374534,1,0
2023,8,Lic. en Administración de Empresas,3,1,1,1,1,1,20,1,0,0,0,0,1,0,0,ninguno,5,9,3,12.0,5,7,3,11.0,2,87.2,1,1,9.4,-0.8,-3.12,Abandono,1,100.0,0,0.0,10.789788535765192,1,1
2023,5,Ing. Financiera y de Riesgos,4,1,1,1,1,1,19,1,0,0,1,0,1,0,1,ninguno,8,8,7,15.885714285714286,8,8,7,15.885714285714286,1,75.4,2,1,10.8,1.4,1.74,Activo,0,62.5,0,0.0,15.040693334623896,0,1
2025,5,Lic. en Ciencia de Datos e Inteligencia de Negocios,5,1,1,1,1,1,21,1,0,0,0,1,0,0,0,ninguno,7,12,4,12.94,7,12,4,11.58,3,81.5,0,0,12.4,0.5,1.79,Abandono,1,62.5,1,2.0,11.785904990823472,1,0
2025,3,Ing. Comercial,1,12,1,0,1,1,35,2,0,0,0,0,0,0,1,ninguno,6,6,6,14.0,6,6,6,14.166666666666666,0,83.3,0,0,9.4,-0.8,-3.12,Activo,0,37.5,0,0.0,13.308605524120985,0,0
2024,4,Ing. Comercio Internacional,2,12,1,1,9,1,36,2,0,0,1,0,1,0,0,ninguno,0,0,0,0.0,0,0,0,0.0,0,79.5,0,0,7.6,2.6,0.32,Activo,0,50.0,0,0.0,0.0,0,0
2024,3,Lic. en Administración de Empresas,3,12,1,1,12,1,47,4,0,0,0,1,0,0,0,ninguno,7,7,0,0.0,8,8,0,0.0,7,72.1,1,1,15.5,2.8,-4.06,Abandono,1,37.5,0,2.0,0.0,1,1
2025,1,Ing. Financiera y de Riesgos,4,9,1,0,1,1,22,1,0,0,1,0,0,0,1,ninguno,5,0,0,0.0,5,0,0,0.0,5,72.5,1,1,8.9,1.4,3.51,Abandono,1,12.5,1,2.0,0.0,1,1
2023,6,Lic. en Ciencia de Datos e Inteligencia de Negocios,5,12,1,0,1,1,41,2,0,0,1,0,1,0,1,ninguno,5,8,4,11.25,5,8,3,11.0,1,77.2,0,0,7.6,2.6,0.32,Abandono,1,75.0,0,0.0,10.317647489163196,0,0
2023,2,Ing. Comercial,1,4,1,1,3,1,26,1,0,0,1,0,0,0,0,ninguno,5,5,0,0.0,5,6,0,0.0,5,79.9,2,1,10.8,1.4,1.74,Abandono,1,25.0,0,2.0,0.0,1,1
2023,1,Ing. Comercio Internacional,2,12,1,0,1,0,51,2,0,0,0,0,0,0,0,ninguno,6,13,4,11.25,6,12,0,0.0,2,71.9,0,0,10.8,1.4,1.74,Abandono,1,12.5,0,1.0,4.917944183263149,1,0
2025,2,Lic. en Administración de Empresas,3,12,2,0,1,0,43,2,0,0,1,0,0,0,1,ninguno,5,11,3,10.666666666666666,5,10,4,12.5,2,73.2,1,1,9.4,-0.8,-3.12,Activo,0,25.0,1,0.0,11.192200788892771,1,1
2024,6,Ing. Financiera y de Riesgos,4,12,2,0,1,0,41,2,0,0,1,0,1,0,1,ninguno,6,9,5,11.8,6,10,3,10.666666666666666,1,84.6,0,0,7.6,2.6,0.32,Activo,0,75.0,1,0.0,10.25620991277192,0,0
2023,1,Lic. en Ciencia de Datos e Inteligencia de Negocios,5,14,2,1,1,1,23,1,0,0,1,0,1,0,0,ninguno,10,19,8,11.625,10,16,10,11.181818181818182,2,74.2,0,0,7.6,2.6,0.32,Activo,0,12.5,0,1.0,10.53542383901863,1,0
2024,6,Ing. Comercial,1,14,2,1,1,1,22,1,0,0,1,0,1,0,0,ninguno,6,11,0,0.0,5,10,0,0.0,6,78.3,0,0,9.4,-0.8,-3.12,Abandono,1,75.0,0,2.0,0.0,1,0
2023,2,Ing. Comercio Internacional,2,8,2,1,1,1,25,1,0,1,1,0,1,1,0,credito,6,8,4,10.25,6,6,4,11.25,2,77.7,2,1,12.7,3.7,-1.7,Abandono,1,25.0,0,1.0,10.364773601646625,1,1
2023,3,Lic. en Administración de Empresas,3,14,1,0,1,1,25,1,0,0,1,0,1,0,1,ninguno,15,16,15,10.8,14,14,14,11.357142857142858,0,84.4,0,0,9.4,-0.8,-3.12,Activo,0,37.5,0,0.0,10.362439730132596,0,0
2025,4,Ing. Financiera y de Riesgos,4,17,1,1,16,1,22,1,0,1,0,0,1,0,1,beca,12,15,11,12.545454545454543,11,16,11,12.666666666666666,1,78.3,2,1,8.9,1.4,3.51,Activo,0,50.0,0,1.0,12.064638184139378,0,1
2024,5,Lic. en Ciencia de Datos e Inteligencia de Negocios,5,12,1,1,1,1,24,1,1,0,1,0,0,0,1,ninguno,7,7,7,13.571428571428571,6,9,5,13.4,0,80.6,0,0,8.9,1.4,3.51,Activo,0,62.5,0,0.0,13.16128018436311,0,0
2025,1,Ing. Comercial,1,12,1,1,2,1,47,1,0,0,1,0,0,0,1,ninguno,6,0,0,0.0,6,0,0,0.0,6,70.3,0,0,16.2,0.3,-0.92,Abandono,1,12.5,1,3.0,0.0,1,0
2024,1,Ing. Comercio Internacional,2,12,1,0,12,1,41,2,0,0,1,0,1,0,0,ninguno,5,5,0,0.0,5,5,0,0.0,5,88.4,2,1,7.6,2.6,0.32,Abandono,1,12.5,1,3.0,0.0,1,1
2024,6,Lic. en Administración de Empresas,3,12,1,1,1,1,43,1,0,0,1,0,1,0,1,ninguno,6,9,6,14.77777777777778,6,11,5,12.2,0,88.8,2,1,13.9,-0.3,0.79,Activo,0,75.0,0,0.0,13.118135344228671,0,1
2023,4,Ing. Financiera y de Riesgos,4,12,1,1,1,1,29,1,0,0,1,0,0,0,1,ninguno,3,4,0,0.0,4,8,0,0.0,3,73.2,1,1,16.2,0.3,-0.92,Abandono,1,50.0,0,1.0,0.0,1,1
2024,5,Lic. en Ciencia de Datos e Inteligencia de Negocios,5,12,2,1,1,1,30,1,0,0,1,0,0,0,1,ninguno,2,2,0,0.0,2,2,0,0.0,2,69.8,0,0,7.6,2.6,0.32,Abandono,1,62.5,0,1.0,0.0,1,0
2025,8,Ing. Comercial,1,12,2,1,13,1,26,1,0,0,0,0,0,0,1,ninguno,4,4,0,0.0,5,0,0,0.0,4,76.4,1,1,12.7,3.7,-1.7,Abandono,1,100.0,0,1.0,0.0,1,1
2025,8,Ing. Comercio Internacional,2,12,2,0,1,1,27,1,0,0,0,0,0,0,1,ninguno,5,10,0,0.0,5,5,0,0.0,5,80.8,0,0,15.5,2.8,-4.06,Abandono,1,100.0,0,3.0,0.0,1,0
2025,2,Lic. en Administración de Empresas,3,12,2,1,1,1,36,2,0,1,1,0,0,0,1,credito,5,5,5,11.4,5,7,5,11.6,0,80.5,1,1,9.4,-0.8,-3.12,Activo,0,25.0,0,0.0,11.048456602913717,0,1
2025,4,Ing. Financiera y de Riesgos,4,12,1,1,12,1,29,1,0,0,1,0,0,0,1,ninguno,9,13,6,11.666666666666666,7,10,6,10.857142857142858,3,75.5,0,0,15.5,2.8,-4.06,Abandono,1,50.0,1,1.0,10.777403696261743,1,0
2023,5,Lic. en Ciencia de Datos e Inteligencia de Negocios,5,13,1,1,1,1,35,1,0,0,1,0,1,0,0,ninguno,10,12,7,11.285714285714286,8,8,5,13.0,3,83.3,0,0,9.4,-0.8,-3.12,Abandono,1,62.5,1,1.0,11.69688786464771,1,0
2025,4,Ing. Comercial,1,1,1,1,1,1,18,1,0,1,1,0,0,0,0,beca,6,12,4,11.5,6,10,5,12.6,2,84.6,0,0,10.8,1.4,1.74,Activo,0,50.0,0,1.0,11.214455598044106,1,0
2025,4,Ing. Comercio Internacional,2,1,1,0,1,1,24,1,0,1,1,0,0,0,0,beca,5,5,5,16.0,5,5,5,16.0,0,87.3,1,1,8.9,1.4,3.51,Activo,0,50.0,0,0.0,15.036458044745853,0,1
2024,1,Lic. en Administración de Empresas,3,1,3,1,1,1,18,1,0,1,1,0,1,0,0,beca,6,6,6,12.5,6,7,6,12.666666666666666,0,95.1,0,0,10.8,1.4,1.74,Abandono,1,12.5,0,0.0,11.7815472886196,0,0
2024,5,Ing. Financiera y de Riesgos,4,8,4,1,1,1,18,1,0,0,1,0,1,0,1,ninguno,5,7,4,12.0,5,10,3,13.0,1,78.5,1,1,7.6,2.6,0.32,Activo,0,62.5,0,0.0,11.58297326458431,0,1
2024,1,Lic. en Ciencia de Datos e Inteligencia de Negocios,5,14,1,1,1,1,21,2,0,0,1,0,0,0,0,ninguno,5,11,0,0.0,5,11,3,11.666666666666666,5,83.2,0,0,9.4,-0.8,-3.12,Activo,0,12.5,0,2.0,5.086243966915112,1,0
2025,2,Ing. Comercial,1,13,1,1,1,1,21,1,0,0,1,0,1,0,0,ninguno,5,10,5,13.0,5,10,5,12.6,0,91.0,0,0,9.4,-0.8,-3.12,Activo,0,25.0,0,0.0,12.228638069608841,0,0
2024,2,Ing. Comercio Internacional,2,12,1,1,1,1,32,1,0,0,1,0,0,0,1,ninguno,18,27,13,13.714285714285714,12,18,12,12.083333333333334,5,64.1,0,0,15.5,2.8,-4.06,Activo,0,25.0,0,1.0,12.30077639335831,1,0
2024,1,Lic. en Administración de Empresas,3,1,4,1,1,1,22,1,0,1,1,0,1,0,1,credito,5,9,3,12.333333333333334,6,14,3,12.5,2,78.7,2,1,11.1,0.6,2.02,Abandono,1,12.5,1,1.0,12.063941664149484,1,1
2025,1,Ing. Financiera y de Riesgos,4,4,1,1,3,1,32,1,0,0,0,0,1,0,0,ninguno,17,31,11,12.727272727272728,12,24,10,12.7,6,82.9,1,1,15.5,2.8,-4.06,Abandono,1,12.5,0,3.0,12.391616326964147,1,1
2024,4,Lic. en Ciencia de Datos e Inteligencia de Negocios,5,14,1,1,6,1,35,1,0,0,1,0,0,0,0,ninguno,5,5,1,14.0,5,5,0,0.0,4,83.4,1,1,9.4,-0.8,-3.12,Abandono,1,50.0,0,2.0,6.213167077067646,1,1
2023,3,Ing. Comercial,1,9,3,1,1,1,23,1,0,0,0,0,1,0,0,ninguno,5,0,0,0.0,5,0,0,0.0,5,73.7,2,1,8.9,1.4,3.51,Abandono,1,37.5,0,2.0,0.0,1,1
2024,1,Ing. Comercio Internacional,2,12,1,0,1,1,39,1,0,0,1,0,0,0,1,ninguno,6,8,5,11.4,6,12,3,11.0,1,73.8,0,0,7.6,2.6,0.32,Activo,0,12.5,0,0.0,10.513449452361758,0,0
2023,2,Lic. en Administración de Empresas,3,14,1,1,1,1,35,2,0,0,1,0,0,0,0,ninguno,5,5,0,0.0,5,5,1,10.0,5,85.1,0,0,9.4,-0.8,-3.12,Abandono,1,25.0,0,2.0,4.309637126664309,1,0
2023,7,Ing. Financiera y de Riesgos,4,12,1,1,3,1,32,2,0,0,1,0,0,0,0,ninguno,6,8,6,18.875,12,14,12,17.692307692307693,0,72.4,0,0,16.2,0.3,-0.92,Activo,0,87.5,0,0.0,17.789490776820536,0,0
2023,4,Lic. en Ciencia de Datos e Inteligencia de Negocios,5,1,1,1,1,1,20,1,0,0,1,0,0,0,0,ninguno,6,12,0,0.0,6,12,0,0.0,6,83.2,2,1,7.6,2.6,0.32,Abandono,1,50.0,0,3.0,0.0,1,1
2024,8,Ing. Comercial,1,12,1,1,1,1,34,1,0,0,1,0,0,0,0,ninguno,7,15,6,11.333333333333334,7,16,4,12.6,1,89.1,1,1,16.2,0.3,-0.92,Activo,0,100.0,0,0.0,11.337134511499276,0,1
2024,4,Ing. Comercio Internacional,2,4,1,0,15,1,44,1,0,0,1,0,1,0,1,ninguno,7,9,7,13.5,5,6,5,16.2,0,75.4,1,1,8.9,1.4,3.51,Abandono,1,50.0,0,0.0,14.2781009451405,0,1
2024,1,Lic. en Administración de Empresas,3,12,1,1,12,1,53,2,0,0,1,0,0,0,0,ninguno,11,12,2,15.0,9,10,3,10.0,9,82.0,0,0,16.2,0.3,-0.92,Activo,0,12.5,1,2.0,11.62552723161925,1,0
2023,8,Ing. Financiera y de Riesgos,4,12,1,1,12,1,28,1,0,0,0,1,0,0,0,ninguno,5,10,0,0.0,5,7,0,0.0,5,74.7,0,0,12.4,0.5,1.79,Abandono,1,100.0,0,1.0,0.0,1,0
2024,7,Lic. en Ciencia de Datos e Inteligencia de Negocios,5,4,1,0,3,1,31,1,0,0,1,0,0,0,1,ninguno,9,9,9,14.22222222222222,5,5,5,12.8,0,85.3,0,0,12.7,3.7,-1.7,Abandono,1,87.5,2,0.0,12.788559943956917,0,0
2023,1,Ing. Comercial,1,1,1,1,1,1,18,1,0,0,0,1,0,0,0,ninguno,0,0,0,0.0,0,0,0,0.0,0,96.6,1,1,9.4,-0.8,-3.12,Activo,0,12.5,0,0.0,0.0,0,1
2024,8,Ing. Comercio Internacional,2,12,1,1,1,1,44,1,0,0,0,1,0,0,1,ninguno,7,14,4,12.0,6,16,0,0.0,3,78.8,0,0,15.5,2.8,-4.06,Abandono,1,100.0,0,1.0,5.093636463998754,1,0
2025,1,Lic. en Administración de Empresas,3,1,1,1,1,1,19,1,0,0,1,0,1,0,0,ninguno,5,9,5,12.6,5,8,4,12.0,0,86.2,0,0,12.7,3.7,-1.7,Activo,0,12.5,2,0.0,11.376704457354585,0,0
2023,3,Ing. Financiera y de Riesgos,4,6,1,1,1,1,21,1,1,0,1,0,0,0,0,ninguno,12,12,12,15.083333333333334,11,15,11,13.083333333333334,0,79.7,0,0,8.9,1.4,3.51,Activo,0,37.5,0,0.0,13.594329835807825,0,0
2025,2,Lic. en Ciencia de Datos e Inteligencia de Negocios,5,9,1,1,1,1,18,1,0,1,1,0,0,0,0,credito,5,5,0,0.0,5,5,0,0.0,5,70.8,2,1,9.4,-0.8,-3.12,Abandono,1,25.0,0,3.0,0.0,1,1
2025,1,Ing. Comercial,1,15,1,1,14,1,20,1,0,0,1,0,1,0,0,ninguno,6,8,6,14.5,6,10,6,15.3,0,71.5,1,1,16.2,0.3,-0.92,Activo,0,12.5,0,0.0,14.41725324007327,0,1
2025,2,Ing. Comercio Internacional,2,12,1,1,1,1,55,1,0,0,1,0,0,0,0,ninguno,6,6,6,14.5,6,6,6,13.5,0,67.1,0,0,11.1,0.6,2.02,Activo,0,25.0,0,0.0,13.504904858065505,0,0
2025,3,Lic. en Administración de Empresas,3,1,1,1,1,1,27,1,0,0,1,0,0,0,1,ninguno,5,12,3,10.0,5,12,1,13.0,2,75.2,1,1,7.6,2.6,0.32,Activo,0,37.5,1,1.0,10.563447771292523,1,1
2024,3,Ing. Financiera y de Riesgos,4,8,2,1,1,1,19,1,0,0,1,0,0,0,0,ninguno,5,0,0,0.0,5,0,0,0.0,5,92.9,0,0,12.4,0.5,1.79,Abandono,1,37.5,1,2.0,0.0,1,0
2023,3,Lic. en Ciencia de Datos e Inteligencia de Negocios,5,1,1,1,1,1,18,1,0,0,1,0,0,0,0,ninguno,5,5,5,11.6,5,5,5,13.2,0,71.8,0,0,12.4,0.5,1.79,Activo,0,37.5,1,0.0,12.042807228278438,0,0
2023,7,Ing. Comercial,1,12,1,1,1,1,43,2,0,0,1,0,0,0,0,ninguno,6,10,4,11.75,6,7,0,0.0,2,96.7,0,0,15.5,2.8,-4.06,Abandono,1,87.5,0,1.0,5.480234982792229,1,0
2023,3,Ing. Comercio Internacional,2,9,3,1,1,1,18,1,0,0,1,0,1,0,0,ninguno,6,0,0,0.0,6,0,0,0.0,6,100.0,0,0,13.9,-0.3,0.79,Abandono,1,37.5,0,2.0,0.0,1,0
2024,2,Lic. en Administración de Empresas,3,1,1,1,1,1,18,1,0,0,1,0,1,0,1,ninguno,0,0,0,0.0,0,0,0,0.0,0,76.6,1,1,9.4,-0.8,-3.12,Abandono,1,25.0,0,0.0,0.0,0,1
2023,2,Ing. Financiera y de Riesgos,4,8,5,1,1,1,20,1,0,1,1,1,1,0,1,beca,6,7,0,0.0,6,6,0,0.0,6,83.7,1,1,8.9,1.4,3.51,Abandono,1,25.0,0,3.0,0.0,1,1
2025,6,Lic. en Ciencia de Datos e Inteligencia de Negocios,5,12,1,0,1,1,29,2,0,0,0,1,0,0,1,ninguno,5,7,4,11.25,5,8,4,11.8,1,70.3,1,1,10.8,1.4,1.74,Abandono,1,75.0,0,0.0,10.623249262604222,0,1
2023,3,Ing. Comercial,1,12,1,1,12,1,44,1,0,0,1,1,1,0,0,ninguno,6,9,5,11.571428571428571,6,11,0,0.0,1,93.4,1,1,13.9,-0.3,0.79,Abandono,1,37.5,0,0.0,4.827268700149915,0,1
2023,4,Ing. Comercio Internacional,2,1,1,1,1,1,18,1,0,0,1,0,1,0,0,ninguno,5,7,4,10.0,5,8,1,16.0,1,64.0,0,0,10.8,1.4,1.74,Activo,0,50.0,0,0.0,12.558806809829491,1,0
2025,4,Lic. en Administración de Empresas,3,15,1,1,14,1,20,1,0,1,1,0,0,0,1,beca,6,11,5,13.833333333333334,6,13,6,12.3,1,90.9,0,0,15.5,2.8,-4.06,Activo,0,50.0,0,0.0,12.549825927359832,0,0
2024,5,Ing. Financiera y de Riesgos,4,14,1,1,1,1,20,1,0,0,1,0,1,0,0,ninguno,6,6,4,12.75,9,12,3,12.666666666666666,2,88.4,1,1,12.4,0.5,1.79,Abandono,1,62.5,0,1.0,12.240107316811951,1,1
2023,1,Lic. en Ciencia de Datos e Inteligencia de Negocios,5,12,2,1,1,1,36,2,0,0,1,0,1,0,1,ninguno,4,4,0,0.0,5,9,0,0.0,4,97.0,0,0,10.8,1.4,1.74,Abandono,1,12.5,0,2.0,0.0,1,0
2023,1,Ing. Comercial,1,15,1,1,14,1,19,1,0,0,1,0,1,0,0,ninguno,6,13,5,11.6,6,12,2,11.0,1,75.3,0,0,13.9,-0.3,0.79,Activo,0,12.5,0,0.0,10.359734424803376,0,0
2023,1,Ing. Comercio Internacional,2,12,1,1,12,1,29,2,0,0,0,0,0,0,0,ninguno,5,5,0,0.0,5,5,0,0.0,5,66.1,0,0,12.7,3.7,-1.7,Abandono,1,12.5,0,2.0,0.0,1,0
2023,6,Lic. en Administración de Empresas,3,1,1,1,1,1,18,1,0,0,1,0,1,0,0,ninguno,6,6,4,11.25,6,10,3,10.333333333333334,2,83.3,0,0,10.8,1.4,1.74,Abandono,1,75.0,0,1.0,9.974932338539519,1,0
2025,7,Ing. Financiera y de Riesgos,4,12,1,1,1,1,24,1,0,0,0,0,0,0,0,ninguno,6,0,0,0.0,6,0,0,0.0,6,69.4,1,1,13.9,-0.3,0.79,Abandono,1,87.5,0,2.0,0.0,1,1
2025,3,Lic. en Ciencia de Datos e Inteligencia de Negocios,5,1,1,1,1,1,20,1,0,0,1,0,0,0,0,ninguno,6,6,6,14.333333333333334,6,7,6,15.0,0,84.7,0,0,15.5,2.8,-4.06,Activo,0,37.5,0,0.0,14.34646612733138,0,0
2024,2,Ing. Comercial,1,12,1,0,12,1,45,2,0,0,0,1,0,0,1,ninguno,6,7,0,0.0,5,5,0,0.0,6,74.4,1,1,16.2,0.3,-0.92,Abandono,1,25.0,0,2.0,0.0,1,1
2025,1,Ing. Comercio Internacional,2,14,2,1,1,1,28,1,0,1,1,0,1,0,0,credito,23,23,20,13.5,23,23,20,13.5,3,84.3,1,1,7.6,2.6,0.32,Activo,0,12.5,1,1.0,12.82345387811248,1,1
2023,2,Lic. en Administración de Empresas,3,1,1,1,1,1,23,1,0,0,1,0,1,0,0,ninguno,6,8,6,12.666666666666666,6,10,5,12.2,0,84.8,0,0,7.6,2.6,0.32,Activo,0,25.0,0,0.0,11.630181008959315,0,0
2024,2,Ing. Financiera y de Riesgos,4,1,1,1,1,1,18,1,0,0,1,0,1,0,0,ninguno,7,7,7,12.444285714285714,8,11,7,11.347142857142858,0,88.5,1,1,12.4,0.5,1.79,Activo,0,25.0,0,0.0,11.444982916444173,0,1
2025,5,Lic. en Ciencia de Datos e Inteligencia de Negocios,5,1,2,1,1,1,23,1,0,0,1,0,1,0,0,ninguno,5,7,3,10.666666666666666,5,7,3,11.333333333333334,2,70.9,2,1,9.4,-0.8,-3.12,Abandono,1,62.5,0,0.0,10.194663298205388,1,1
2024,8,Ing. Comercial,1,14,1,1,1,1,22,1,0,0,1,0,1,0,0,ninguno,0,0,0,0.0,0,0,0,0.0,0,82.0,2,1,7.6,2.6,0.32,Activo,0,100.0,0,0.0,0.0,0,1
2025,8,Ing. Comercio Internacional,2,1,1,1,1,1,22,1,0,1,1,0,0,0,0,mixto,6,6,6,12.666666666666666,6,6,5,12.4,0,63.9,2,1,12.4,0.5,1.79,Activo,0,100.0,0,0.0,11.945005098479855,1,1
2024,5,Lic. en Administración de Empresas,3,12,1,0,9,1,33,1,0,0,1,0,0,0,1,ninguno,5,5,5,13.2,5,6,5,14.833333333333334,0,75.8,1,1,10.8,1.4,1.74,Activo,0,62.5,0,0.0,13.194173203675792,0,1
2025,2,Ing. Financiera y de Riesgos,4,17,1,1,16,1,21,1,0,0,1,0,0,0,1,ninguno,12,20,10,12.7,12,14,11,12.181818181818182,2,75.1,2,1,8.9,1.4,3.51,Activo,0,25.0,0,1.0,11.858088125679169,1,1
2024,8,Lic. en Ciencia de Datos e Inteligencia de Negocios,5,12,1,1,1,1,45,2,0,0,1,0,0,0,1,ninguno,5,6,5,14.833333333333334,5,5,5,14.8,0,92.8,0,0,15.5,2.8,-4.06,Activo,0,100.0,0,0.0,14.041821226048153,0,0
2023,1,Ing. Comercial,1,12,1,1,1,1,44,2,0,0,0,0,0,0,0,ninguno,10,10,4,11.5,7,8,1,12.0,6,79.4,1,1,15.5,2.8,-4.06,Abandono,1,12.5,0,2.0,10.91520206547632,1,1
2023,1,Ing. Comercio Internacional,2,12,1,1,1,1,42,4,0,0,1,0,0,0,1,ninguno,6,0,0,0.0,6,0,0,0.0,6,99.4,0,0,12.7,3.7,-1.7,Abandono,1,12.5,0,3.0,0.0,1,0
2025,4,Lic. en Administración de Empresas,3,9,1,1,1,1,20,1,0,0,1,0,1,0,0,ninguno,5,0,0,0.0,5,0,0,0.0,5,74.6,2,1,12.4,0.5,1.79,Abandono,1,50.0,1,3.0,0.0,1,1
2023,2,Ing. Financiera y de Riesgos,4,8,6,1,1,1,20,1,0,0,1,0,1,0,0,ninguno,5,7,3,12.666666666666666,5,12,2,12.5,2,72.3,1,1,9.4,-0.8,-3.12,Activo,0,25.0,0,1.0,11.995604786931104,1,1
2025,1,Lic. en Ciencia de Datos e Inteligencia de Negocios,5,1,2,1,1,1,20,1,0,1,1,0,1,0,0,beca,6,7,6,14.714285714285714,6,6,6,12.5,0,68.5,0,0,8.9,1.4,3.51,Activo,0,12.5,0,0.0,13.191208815555738,0,0
2025,5,Ing. Comercial,1,8,2,1,1,1,20,1,0,0,1,0,1,0,0,ninguno,6,11,3,13.666666666666666,6,13,4,10.25,3,97.8,0,0,9.4,-0.8,-3.12,Activo,0,62.5,0,2.0,11.515482192452067,1,0
2024,2,Ing. Comercio Internacional,2,1,2,1,1,1,19,1,0,0,1,0,0,0,0,ninguno,5,9,5,10.8,5,13,2,13.5,0,73.7,2,1,8.9,1.4,3.51,Activo,0,25.0,0,0.0,11.364623498181135,0,1
2023,5,Lic. en Administración de Empresas,3,16,1,0,1,1,26,1,0,0,0,1,0,0,1,ninguno,8,13,4,10.5,10,16,7,10.428571428571429,4,77.7,0,0,12.4,0.5,1.79,Abandono,1,62.5,0,2.0,9.522353801177582,1,0
2025,5,Ing. Financiera y de Riesgos,4,12,1,1,1,1,31,2,0,0,1,0,0,0,1,ninguno,6,10,6,15.0,6,11,5,12.5,0,59.0,0,0,13.9,-0.3,0.79,Activo,0,62.5,0,0.0,13.173776533837131,1,0
2024,4,Lic. en Ciencia de Datos e Inteligencia de Negocios,5,1,1,1,1,1,19,1,0,1,1,1,0,0,0,credito,6,6,6,12.666666666666666,6,6,6,14.0,0,88.4,0,0,16.2,0.3,-0.92,Activo,0,50.0,0,0.0,12.907442220548454,0,0
2023,6,Ing. Comercial,1,12,1,1,12,1,28,1,0,0,1,0,1,0,0,ninguno,6,7,6,13.166666666666666,6,6,6,13.666666666666666,0,77.3,1,1,7.6,2.6,0.32,Activo,0,75.0,0,0.0,12.91709701709857,0,1
2024,1,Ing. Comercio Internacional,2,1,1,1,1,1,20,1,0,1,1,0,1,0,0,beca,0,0,0,0.0,0,0,0,0.0,0,86.8,1,1,10.8,1.4,1.74,Activo,0,12.5,0,0.0,0.0,0,1
2024,4,Lic. en Administración de Empresas,3,1,2,0,1,0,43,2,0,0,1,0,1,0,0,ninguno,6,6,6,13.0,6,6,6,12.5,0,77.9,2,1,9.4,-0.8,-3.12,Activo,0,50.0,1,0.0,12.246544769444242,0,1
2025,1,Ing. Financiera y de Riesgos,4,12,1,1,12,1,25,1,1,1,1,0,0,0,0,credito,0,0,0,0.0,0,0,0,0.0,0,86.4,1,1,15.5,2.8,-4.06,Abandono,1,12.5,0,0.0,0.0,0,1
2024,6,Lic. en Ciencia de Datos e Inteligencia de Negocios,5,12,1,1,12,0,40,1,0,0,1,1,0,1,1,ninguno,6,13,2,10.0,6,10,1,15.0,4,80.6,1,1,16.2,0.3,-0.92,Abandono,1,75.0,0,2.0,11.684810857870044,1,1
2025,6,Ing. Comercial,1,15,1,1,14,0,20,1,1,0,1,0,0,0,1,ninguno,6,7,6,13.333333333333334,6,16,5,13.375,0,79.1,1,1,12.4,0.5,1.79,Activo,0,75.0,0,0.0,13.048675221798232,0,1
2023,2,Ing. Comercio Internacional,2,12,1,0,9,0,46,2,0,0,1,0,0,0,1,ninguno,6,13,3,12.333333333333334,6,6,6,13.333333333333334,3,65.7,1,1,11.1,0.6,2.02,Activo,0,25.0,0,1.0,12.155871964197797,1,1
2025,8,Lic. en Administración de Empresas,3,16,1,1,1,0,26,1,0,0,1,0,0,0,0,ninguno,21,23,20,13.181818181818182,14,18,14,11.642857142857142,1,79.8,1,1,8.9,1.4,3.51,Activo,0,100.0,0,0.0,11.556700897416835,0,1
2023,1,Ing. Financiera y de Riesgos,4,12,1,1,1,0,34,2,0,1,1,0,0,0,1,mixto,7,7,6,12.513333333333334,8,9,7,13.071428571428571,1,83.4,0,0,12.4,0.5,1.79,Activo,0,12.5,0,0.0,12.306021151958724,0,0
2025,3,Lic. en Ciencia de Datos e Inteligencia de Negocios,5,9,3,1,1,0,19,1,0,0,1,0,1,0,0,ninguno,6,0,0,0.0,6,0,0,0.0,6,77.7,1,1,10.8,1.4,1.74,Abandono,1,37.5,0,3.0,0.0,1,1
2024,7,Ing. Comercial,1,1,6,1,1,0,18,1,0,1,1,0,1,0,0,credito,8,8,7,13.585714285714284,8,8,7,13.585714285714284,1,83.1,0,0,12.7,3.7,-1.7,Activo,0,87.5,0,0.0,12.81748421178125,0,0
2025,1,Ing. Comercio Internacional,2,1,1,1,1,0,18,1,0,0,1,0,1,0,0,ninguno,7,9,7,11.155555555555557,8,10,8,11.425,0,90.0,1,1,12.7,3.7,-1.7,Activo,0,12.5,0,0.0,10.531760490294214,0,1
2025,8,Lic. en Administración de Empresas,3,12,1,0,1,1,37,1,0,1,1,0,0,0,1,beca,7,9,6,11.857142857142858,6,7,5,12.0,1,67.6,0,0,13.9,-0.3,0.79,Activo,0,100.0,1,0.0,11.316476684632326,0,0
2025,2,Ing. Financiera y de Riesgos,4,8,1,1,1,1,23,1,0,1,1,0,0,0,1,beca,0,0,0,0.0,0,0,0,0.0,0,81.6,1,1,9.4,-0.8,-3.12,Activo,0,25.0,0,0.0,0.0,0,1
2024,7,Lic. en Ciencia de Datos e Inteligencia de Negocios,5,14,1,1,1,1,26,1,0,0,1,0,0,0,1,ninguno,14,14,14,14.0,13,13,13,13.615384615384617,0,87.8,0,0,15.5,2.8,-4.06,Activo,0,87.5,0,0.0,12.92254545657284,0,0
2025,4,Ing. Comercial,1,5,2,1,1,0,18,1,1,0,0,0,1,0,1,ninguno,6,8,5,12.0,6,0,0,0.0,1,78.1,0,0,10.8,1.4,1.74,Abandono,1,50.0,0,0.0,5.169087830100095,0,0
2024,6,Ing. Comercio Internacional,2,6,1,1,1,0,18,1,1,0,1,0,1,0,1,ninguno,7,15,4,11.575,7,10,5,12.419999999999998,3,77.9,1,1,12.4,0.5,1.79,Activo,0,75.0,1,1.0,11.47262137861026,1,1
2023,4,Lic. en Administración de Empresas,3,8,4,1,1,0,19,1,0,0,1,0,1,0,0,ninguno,7,8,7,13.198571428571428,8,8,8,13.0625,0,95.1,0,0,11.1,0.6,2.02,Activo,0,50.0,0,0.0,12.75842227817617,0,0
2023,2,Ing. Financiera y de Riesgos,4,5,2,1,1,0,18,1,1,0,1,0,0,0,1,ninguno,6,10,6,13.5,6,12,6,12.0,0,90.8,0,0,12.4,0.5,1.79,Activo,0,25.0,0,0.0,12.39973471818817,0,0
2025,1,Lic. en Ciencia de Datos e Inteligencia de Negocios,5,1,1,1,1,0,19,1,0,0,1,0,1,0,0,ninguno,6,6,6,13.333333333333334,6,8,5,12.8,0,71.3,1,1,8.9,1.4,3.51,Abandono,1,12.5,0,0.0,12.700673482137411,0,1
2024,2,Ing. Comercial,1,8,4,1,1,1,20,1,1,0,1,0,1,0,0,ninguno,5,10,4,14.25,5,14,1,10.0,1,61.1,0,0,8.9,1.4,3.51,Activo,0,25.0,0,1.0,11.41699144716557,1,0
2023,5,Ing. Comercio Internacional,2,8,1,1,1,0,22,1,0,1,1,0,0,0,0,credito,6,7,6,12.166666666666666,6,9,4,12.0,0,85.9,1,1,9.4,-0.8,-3.12,Activo,0,62.5,0,0.0,11.74716981025304,0,1
2024,7,Lic. en Administración de Empresas,3,1,3,1,1,0,18,1,0,1,1,0,1,0,1,beca,8,8,7,12.214285714285714,8,8,7,12.214285714285714,1,81.0,1,1,12.7,3.7,-1.7,Activo,0,87.5,0,1.0,11.678436901810887,0,1
2025,6,Ing. Financiera y de Riesgos,4,8,1,1,1,0,18,1,0,1,1,0,0,0,1,beca,6,8,6,12.666666666666666,6,6,6,13.0,0,73.9,0,0,13.9,-0.3,0.79,Activo,0,75.0,0,0.0,12.006093541993371,0,0
2025,5,Lic. en Ciencia de Datos e Inteligencia de Negocios,5,1,3,1,1,0,18,1,0,1,1,0,1,0,0,beca,6,7,6,12.285714285714286,6,6,6,13.5,0,83.8,2,1,8.9,1.4,3.51,Activo,0,62.5,0,0.0,12.386813426296378,0,1
2025,7,Ing. Comercial,1,1,6,1,1,0,18,1,0,1,1,0,1,0,0,credito,6,7,6,13.0,6,6,6,13.0,0,74.3,1,1,12.4,0.5,1.79,Activo,0,87.5,1,0.0,12.16568434597391,0,1
2025,1,Ing. Comercio Internacional,2,1,2,1,1,0,18,1,0,0,1,0,1,0,1,ninguno,6,8,6,12.142857142857142,6,6,6,11.166666666666666,0,72.6,1,1,8.9,1.4,3.51,Activo,0,12.5,1,0.0,10.832934978016967,0,1
2024,2,Lic. en Administración de Empresas,3,8,6,1,1,0,19,1,0,1,1,0,1,0,0,beca,7,8,7,13.875714285714285,8,9,7,13.085714285714284,0,71.4,0,0,11.1,0.6,2.02,Activo,0,25.0,0,0.0,13.008635292871034,0,0
2024,7,Ing. Financiera y de Riesgos,4,8,1,1,1,0,20,1,0,0,1,0,0,0,1,ninguno,6,0,0,0.0,6,0,0,0.0,6,75.0,0,0,15.5,2.8,-4.06,Abandono,1,87.5,1,2.0,0.0,1,0
2025,6,Lic. en Ciencia de Datos e Inteligencia de Negocios,5,8,4,1,1,0,19,1,0,1,1,0,1,0,0,beca,6,12,6,11.666666666666666,6,7,0,0.0,0,81.9,0,0,15.5,2.8,-4.06,Abandono,1,75.0,0,0.0,5.009889686542863,0,0
2025,2,Ing. Comercial,1,1,2,1,1,0,18,1,0,0,1,0,1,0,1,ninguno,6,13,6,13.153846153846152,6,12,3,11.0,0,86.5,0,0,15.5,2.8,-4.06,Activo,0,25.0,2,0.0,11.498705328956158,0,0
2024,7,Ing. Comercio Internacional,2,1,4,1,1,0,18,1,0,1,1,0,1,0,1,beca,6,6,6,14.5,6,6,6,12.833333333333334,0,77.8,2,1,12.4,0.5,1.79,Abandono,1,87.5,0,0.0,13.219372328047605,0,1
2025,7,Lic. en Administración de Empresas,3,8,6,1,1,0,18,1,0,1,1,0,1,0,1,credito,7,7,7,14.44142857142857,8,8,8,13.65625,0,84.6,0,0,11.1,0.6,2.02,Activo,0,87.5,0,0.0,13.383949720889976,0,0
2023,1,Ing. Financiera y de Riesgos,4,8,2,1,1,0,18,1,0,0,1,0,1,0,1,ninguno,6,6,6,15.166666666666666,6,7,6,14.285714285714286,0,71.4,0,0,12.4,0.5,1.79,Activo,0,12.5,1,0.0,13.78121216459034,0,0
2023,1,Lic. en Ciencia de Datos e Inteligencia de Negocios,5,8,1,1,1,0,18,1,0,1,1,0,0,0,0,credito,5,5,5,11.6,5,12,4,12.625,0,61.9,1,1,10.8,1.4,1.74,Activo,0,12.5,0,0.0,11.364768287297558,1,1
2024,2,Ing. Comercial,1,8,1,1,1,0,18,1,0,0,1,1,1,0,0,ninguno,6,6,6,11.666666666666666,6,6,6,12.333333333333334,0,84.2,2,1,16.2,0.3,-0.92,Activo,0,25.0,0,0.0,11.578954251660917,0,1
2023,6,Ing. Comercio Internacional,2,15,1,1,14,0,20,1,0,1,1,0,0,0,0,credito,6,8,6,12.625,6,10,6,13.2,0,78.0,2,1,16.2,0.3,-0.92,Activo,0,75.0,1,0.0,12.134570152686535,0,1
2024,1,Lic. en Administración de Empresas,3,7,2,1,1,0,19,1,0,1,1,0,1,0,0,beca,6,14,3,12.666666666666666,6,7,6,11.0,3,100.0,1,1,9.4,-0.8,-3.12,Activo,0,12.5,0,1.0,11.234291214236048,1,1
2025,8,Ing. Financiera y de Riesgos,4,8,1,1,1,0,18,1,0,1,1,0,1,0,1,mixto,6,7,6,12.833333333333334,6,8,6,13.0,0,73.1,1,1,8.9,1.4,3.51,Activo,0,100.0,1,0.0,12.202596508517907,0,1
2023,6,Lic. en Ciencia de Datos e Inteligencia de Negocios,5,1,1,1,1,0,19,1,0,1,1,0,1,0,0,beca,6,7,6,11.857142857142858,6,8,6,13.142857142857142,0,97.3,0,0,12.4,0.5,1.79,Activo,0,75.0,0,0.0,11.686155175483824,0,0
2024,7,Ing. Comercial,1,8,2,1,1,0,19,1,0,0,1,0,1,0,0,ninguno,6,8,5,11.4,6,7,4,10.75,1,90.5,0,0,12.7,3.7,-1.7,Activo,0,87.5,0,0.0,10.414536853939888,0,0
2023,3,Ing. Comercio Internacional,2,14,1,1,1,0,19,1,1,0,1,0,0,0,0,ninguno,5,10,5,14.857142857142858,5,7,5,15.142857142857142,0,83.4,0,0,9.4,-0.8,-3.12,Activo,0,37.5,0,0.0,14.130211217798685,0,0
2023,2,Lic. en Administración de Empresas,3,1,1,1,1,0,19,1,0,0,1,0,0,0,1,ninguno,6,7,6,14.714285714285714,6,6,6,15.833333333333334,0,79.8,1,1,12.4,0.5,1.79,Activo,0,25.0,1,0.0,14.468300618287884,0,1
2025,1,Ing. Financiera y de Riesgos,4,6,1,1,1,0,20,1,1,0,1,1,0,1,0,ninguno,6,6,6,13.5,6,9,5,13.0,0,84.0,0,0,8.9,1.4,3.51,Activo,0,12.5,1,0.0,12.519448661987042,0,0
2024,7,Lic. en Ciencia de Datos e Inteligencia de Negocios,5,9,1,1,1,0,18,1,0,1,1,0,1,0,0,beca,5,7,4,11.5,5,5,5,12.4,1,79.9,0,0,10.8,1.4,1.74,Activo,0,87.5,0,0.0,11.544445028917353,0,0
2025,5,Ing. Comercial,1,4,1,1,3,0,33,1,0,0,1,0,0,0,0,ninguno,5,9,2,14.0,5,5,0,0.0,3,59.4,0,0,12.4,0.5,1.79,Abandono,1,62.5,0,1.0,6.114835622361902,1,0
2023,7,Ing. Comercio Internacional,2,1,1,1,1,0,19,1,0,1,1,0,0,0,1,beca,7,8,6,12.833333333333334,6,6,0,0.0,1,64.6,3,1,13.9,-0.3,0.79,Abandono,1,87.5,0,0.0,5.461532756942796,1,1
2024,5,Lic. en Administración de Empresas,3,8,2,1,1,0,18,1,0,1,1,0,0,0,0,credito,7,7,7,13.428571428571429,8,8,8,14.75,0,62.7,1,1,15.5,2.8,-4.06,Activo,0,62.5,0,0.0,13.69341012761921,1,1
2025,2,Ing. Financiera y de Riesgos,4,8,1,1,1,0,19,1,0,0,1,0,0,0,1,ninguno,6,0,0,0.0,6,0,0,0.0,6,67.8,0,0,8.9,1.4,3.51,Abandono,1,25.0,0,2.0,0.0,1,0
2023,2,Lic. en Ciencia de Datos e Inteligencia de Negocios,5,15,1,1,14,0,19,1,0,0,1,0,0,0,0,ninguno,6,18,3,11.666666666666666,6,14,4,11.5,3,77.8,0,0,15.5,2.8,-4.06,Activo,0,25.0,0,1.0,11.102111213953979,1,0
2024,3,Ing. Comercial,1,1,3,1,1,0,18,1,0,0,1,0,1,0,0,ninguno,6,6,6,16.0,6,7,6,14.333333333333334,0,58.5,2,1,12.4,0.5,1.79,Activo,0,37.5,0,0.0,14.338500351468772,1,1
2025,5,Ing. Comercio Internacional,2,1,1,1,1,0,20,1,0,0,1,0,1,0,0,ninguno,6,6,6,13.833333333333334,6,6,6,11.833333333333334,0,85.1,1,1,10.8,1.4,1.74,Activo,0,62.5,0,0.0,12.028192588130043,0,1
2025,6,Lic. en Administración de Empresas,3,1,5,1,1,0,19,1,0,0,1,0,1,0,0,ninguno,8,9,8,13.2325,8,9,8,13.2325,0,86.9,0,0,9.4,-0.8,-3.12,Activo,0,75.0,0,0.0,12.83388041560072,0,0
2023,2,Ing. Financiera y de Riesgos,4,1,2,1,1,1,18,1,0,1,1,0,1,0,0,beca,6,6,6,14.0,6,6,6,14.166666666666666,0,71.2,1,1,9.4,-0.8,-3.12,Activo,0,25.0,0,0.0,13.169414243450186,0,1
2025,4,Lic. en Ciencia de Datos e Inteligencia de Negocios,5,8,2,1,1,1,19,1,0,1,1,1,1,0,0,credito,6,14,2,10.0,6,6,0,0.0,4,75.6,1,1,13.9,-0.3,0.79,Abandono,1,50.0,0,2.0,4.5733188552153985,1,1
2025,1,Ing. Comercial,1,14,1,0,1,0,25,1,1,0,1,0,1,0,0,ninguno,16,16,15,13.333333333333334,13,13,11,12.272727272727272,1,74.6,0,0,13.9,-0.3,0.79,Activo,0,12.5,0,0.0,11.944948985076628,0,0
2025,1,Ing. Comercio Internacional,2,8,3,1,1,0,20,1,0,1,1,0,1,0,0,beca,6,6,6,12.5,6,6,6,14.333333333333334,0,70.7,2,1,12.7,3.7,-1.7,Activo,0,12.5,0,0.0,12.796780414927065,0,1
2023,2,Lic. en Administración de Empresas,3,1,1,0,1,0,19,1,0,0,1,0,0,0,0,ninguno,6,6,6,12.5,6,6,6,11.5,0,81.4,1,1,12.7,3.7,-1.7,Activo,0,25.0,0,0.0,11.470209394509293,0,1
2023,1,Ing. Financiera y de Riesgos,4,8,1,0,1,1,33,1,0,0,1,1,1,0,1,ninguno,5,8,2,10.5,5,5,0,0.0,3,85.7,2,1,7.6,2.6,0.32,Abandono,1,12.5,0,1.0,4.8392325161280505,1,1
2025,5,Lic. en Ciencia de Datos e Inteligencia de Negocios,5,9,4,1,1,1,18,1,0,0,1,1,1,0,0,ninguno,5,11,3,10.666666666666666,5,9,3,11.333333333333334,2,78.6,0,0,8.9,1.4,3.51,Activo,0,62.5,1,0.0,10.582670020697359,1,0
2025,6,Ing. Comercial,1,1,1,1,1,1,18,1,0,0,1,0,1,0,0,ninguno,5,9,4,10.5,5,11,2,10.5,1,74.4,0,0,7.6,2.6,0.32,Activo,0,75.0,0,0.0,9.73667661170937,0,0
2023,5,Ing. Comercio Internacional,2,6,1,1,1,0,19,1,1,0,1,0,0,0,0,ninguno,5,10,4,12.0,5,6,5,11.4,1,80.4,1,1,11.1,0.6,2.02,Activo,0,62.5,0,0.0,11.014698728437015,0,1
2024,2,Lic. en Administración de Empresas,3,1,2,1,1,0,18,1,0,0,1,0,1,0,0,ninguno,0,0,0,0.0,0,0,0,0.0,0,77.9,2,1,12.4,0.5,1.79,Activo,0,25.0,1,0.0,0.0,0,1
2024,3,Ing. Financiera y de Riesgos,4,14,1,1,1,0,19,1,0,0,1,0,0,0,0,ninguno,5,11,5,11.5,5,9,2,10.666666666666666,0,73.6,0,0,13.9,-0.3,0.79,Activo,0,37.5,1,0.0,10.704444831026505,0,0
2023,8,Lic. en Ciencia de Datos e Inteligencia de Negocios,5,1,1,1,1,0,18,1,0,0,1,0,1,0,0,ninguno,6,6,6,14.0,6,6,6,13.5,0,65.9,2,1,11.1,0.6,2.02,Abandono,1,100.0,1,0.0,13.399382597659047,0,1
2025,6,Ing. Comercial,1,8,5,1,1,0,18,1,0,0,1,0,1,0,0,ninguno,6,7,6,13.5,6,8,5,12.6,0,79.7,1,1,7.6,2.6,0.32,Activo,0,75.0,0,0.0,12.22936285683852,0,1
2025,2,Ing. Comercio Internacional,2,1,3,1,1,0,18,1,0,0,1,0,1,0,0,ninguno,8,8,8,13.07375,8,8,8,13.07375,0,73.0,2,1,9.4,-0.8,-3.12,Activo,0,25.0,0,0.0,12.275432540339498,0,1
2023,4,Lic. en Administración de Empresas,3,12,1,1,12,0,37,2,0,0,1,0,0,0,1,ninguno,7,9,2,10.75,7,9,0,0.0,5,93.1,0,0,16.2,0.3,-0.92,Abandono,1,50.0,0,3.0,5.0340983064017975,1,0
2025,2,Ing. Financiera y de Riesgos,4,1,1,1,1,0,20,1,0,0,1,0,0,0,0,ninguno,6,11,1,12.0,5,10,0,0.0,5,83.3,0,0,9.4,-0.8,-3.12,Activo,0,25.0,1,2.0,5.307810947082119,1,0
2025,3,Lic. en Ciencia de Datos e Inteligencia de Negocios,5,1,1,1,1,0,20,1,1,1,1,0,1,0,0,credito,6,6,6,14.0,6,6,6,13.333333333333334,0,78.1,1,1,10.8,1.4,1.74,Activo,0,37.5,0,0.0,13.307393357996785,0,1
2024,2,Ing. Comercial,1,6,1,1,1,1,21,1,1,0,1,0,0,0,1,ninguno,6,7,6,12.333333333333334,6,7,6,13.428571428571429,0,76.1,0,0,11.1,0.6,2.02,Activo,0,25.0,1,0.0,11.948330341526122,0,0
2023,1,Ing. Comercio Internacional,2,8,1,1,1,0,18,1,0,1,1,0,0,0,1,credito,7,7,7,13.464285714285714,8,9,8,14.788888888888888,0,83.0,0,0,12.4,0.5,1.79,Activo,0,12.5,1,0.0,13.191605108161207,0,0
2025,5,Lic. en Administración de Empresas,3,12,1,0,1,0,26,1,0,0,1,0,0,0,1,ninguno,6,14,3,10.666666666666666,6,9,5,11.2,3,81.7,0,0,15.5,2.8,-4.06,Activo,0,62.5,0,2.0,10.144570240464143,1,0
2025,1,Ing. Financiera y de Riesgos,4,12,1,1,9,0,41,1,0,0,1,1,0,0,1,ninguno,5,6,5,11.6,5,8,5,12.2,0,71.0,1,1,7.6,2.6,0.32,Activo,0,12.5,0,0.0,10.951667754992384,0,1
2025,6,Lic. en Ciencia de Datos e Inteligencia de Negocios,5,1,2,1,1,0,18,1,0,1,1,0,1,0,0,beca,6,6,6,13.666666666666666,6,6,6,14.666666666666666,0,69.9,0,0,16.2,0.3,-0.92,Activo,0,75.0,1,0.0,13.298649545377083,0,0
2023,2,Ing. Comercial,1,1,4,1,1,0,18,1,0,0,1,1,0,0,1,ninguno,8,9,8,14.4025,8,9,8,14.4025,0,80.2,0,0,9.4,-0.8,-3.12,Activo,0,25.0,0,0.0,13.522522996851066,0,0
2024,3,Ing. Comercio Internacional,2,1,1,1,1,0,31,1,0,0,1,0,1,0,0,ninguno,7,9,7,15.46875,8,8,8,16.3875,0,80.5,3,1,11.1,0.6,2.02,Activo,0,37.5,0,0.0,15.229329504601047,0,1
2025,4,Lic. en Administración de Empresas,3,1,1,1,1,0,23,1,0,0,1,1,0,0,0,ninguno,6,8,6,12.625,6,6,6,14.166666666666666,0,76.1,0,0,12.7,3.7,-1.7,Activo,0,50.0,0,0.0,12.881591894582009,0,0
2025,1,Ing. Financiera y de Riesgos,4,1,4,1,1,0,19,1,0,0,1,0,1,0,0,ninguno,7,7,6,14.983333333333334,7,7,6,14.983333333333334,1,61.7,1,1,7.6,2.6,0.32,Activo,0,12.5,0,0.0,14.53087395275184,1,1
2024,6,Lic. en Ciencia de Datos e Inteligencia de Negocios,5,7,3,1,1,0,20,1,0,1,1,0,1,0,0,beca,6,6,6,15.0,6,6,6,13.0,0,67.3,0,0,11.1,0.6,2.02,Activo,0,75.0,0,0.0,13.47095998457275,0,0
2024,6,Ing. Comercial,1,12,1,0,1,0,40,2,0,0,1,0,0,0,1,ninguno,9,9,9,15.88888888888889,7,7,7,14.142857142857142,0,66.0,1,1,12.7,3.7,-1.7,Activo,0,75.0,0,0.0,14.275926214810672,0,1
2024,1,Ing. Comercio Internacional,2,15,1,1,14,0,32,1,0,0,1,1,1,0,0,ninguno,6,14,4,11.5,6,14,3,11.0,2,85.2,0,0,16.2,0.3,-0.92,Abandono,1,12.5,0,1.0,10.829140424917322,1,0
2024,7,Lic. en Administración de Empresas,3,1,4,1,1,0,24,1,0,0,1,0,1,0,0,ninguno,6,14,2,10.5,6,11,1,10.0,4,83.9,0,0,10.8,1.4,1.74,Abandono,1,87.5,0,2.0,9.768951834353874,1,0
2023,2,Ing. Financiera y de Riesgos,4,8,4,1,1,0,18,1,0,0,1,0,1,0,0,ninguno,7,7,6,13.983333333333334,7,7,6,13.983333333333334,1,89.7,1,1,7.6,2.6,0.32,Activo,0,25.0,0,0.0,13.355690729376509,0,1
2025,5,Lic. en Ciencia de Datos e Inteligencia de Negocios,5,1,1,1,1,0,18,1,0,0,1,0,0,0,0,ninguno,6,6,6,13.0,6,6,6,12.833333333333334,0,85.8,0,0,10.8,1.4,1.74,Activo,0,62.5,0,0.0,12.453531597699437,0,0
2025,7,Ing. Comercial,1,1,1,1,1,0,18,1,0,1,1,0,1,0,1,beca,6,6,6,13.666666666666666,6,6,6,13.0,0,84.1,1,1,10.8,1.4,1.74,Activo,0,87.5,1,0.0,12.62128276453209,0,1
2024,1,Ing. Comercio Internacional,2,12,1,1,1,0,27,1,0,0,0,0,1,0,1,ninguno,6,8,0,0.0,6,8,0,0.0,6,74.4,0,0,15.5,2.8,-4.06,Abandono,1,12.5,0,2.0,0.0,1,0
2025,1,Lic. en Administración de Empresas,3,1,1,1,1,0,18,1,0,0,1,0,0,0,0,ninguno,5,5,5,14.4,5,5,5,15.4,0,80.8,0,0,7.6,2.6,0.32,Activo,0,12.5,0,0.0,14.076337444007812,0,0
2025,5,Ing. Financiera y de Riesgos,4,12,1,0,1,0,26,1,0,0,1,0,0,0,0,ninguno,5,10,4,12.0,5,9,4,11.25,1,88.2,1,1,12.7,3.7,-1.7,Activo,0,62.5,0,1.0,10.85850137009576,0,1
2025,5,Lic. en Ciencia de Datos e Inteligencia de Negocios,5,1,1,1,1,0,19,1,0,0,1,0,1,0,0,ninguno,6,6,6,14.166666666666666,6,7,6,13.666666666666666,0,61.4,0,0,7.6,2.6,0.32,Activo,0,62.5,0,0.0,13.208761633478021,1,0
2024,7,Ing. Comercial,1,8,2,0,1,0,19,1,0,0,1,0,1,0,1,ninguno,6,8,5,12.2,6,7,6,12.0,1,92.9,0,0,7.6,2.6,0.32,Activo,0,87.5,1,1.0,11.458436463520055,0,0
2024,6,Ing. Comercio Internacional,2,9,2,1,1,0,21,1,0,0,1,0,1,0,0,ninguno,5,8,3,12.0,5,9,3,12.666666666666666,2,86.2,2,1,9.4,-0.8,-3.12,Activo,0,75.0,1,1.0,11.90273863158907,1,1
2023,7,Lic. en Administración de Empresas,3,1,4,1,1,0,24,1,0,0,1,0,1,0,1,ninguno,5,11,2,10.5,5,14,1,11.0,3,86.8,0,0,12.7,3.7,-1.7,Activo,0,87.5,0,1.0,9.823702681201194,1,0
2024,1,Ing. Financiera y de Riesgos,4,8,1,1,1,0,20,1,0,0,1,0,0,0,1,ninguno,6,8,3,12.333333333333334,6,11,2,10.5,3,53.7,0,0,12.7,3.7,-1.7,Abandono,1,12.5,0,1.0,10.942691465257683,1,0
2023,1,Lic. en Ciencia de Datos e Inteligencia de Negocios,5,1,4,1,1,0,18,1,0,0,1,0,1,0,0,ninguno,6,7,5,12.2,6,7,5,12.2,1,86.2,0,0,10.8,1.4,1.74,Activo,0,12.5,1,0.0,11.836083785695287,0,0
2025,3,Ing. Comercial,1,12,1,1,1,0,30,1,0,0,1,0,0,0,0,ninguno,6,6,0,0.0,6,6,0,0.0,6,75.0,1,1,11.1,0.6,2.02,Abandono,1,37.5,0,2.0,0.0,1,1
2024,1,Ing. Comercio Internacional,2,1,1,1,1,0,22,1,0,0,0,1,1,0,0,ninguno,7,10,6,11.5,7,8,6,13.166666666666666,1,59.0,0,0,11.1,0.6,2.02,Activo,0,12.5,0,0.0,11.910402459301515,1,0
2023,4,Lic. en Administración de Empresas,3,4,1,1,3,0,21,1,0,0,1,0,0,0,1,ninguno,9,9,9,10.88888888888889,10,18,10,11.615384615384617,0,83.9,0,0,10.8,1.4,1.74,Activo,0,50.0,0,0.0,10.69180955245793,0,0
2023,1,Ing. Financiera y de Riesgos,4,12,1,1,1,0,26,1,0,0,1,0,0,0,0,ninguno,7,12,6,12.166666666666666,8,8,8,11.675,1,86.4,1,1,13.9,-0.3,0.79,Abandono,1,12.5,0,0.0,11.601033883529649,0,1
2024,1,Lic. en Ciencia de Datos e Inteligencia de Negocios,5,8,1,1,1,0,23,1,0,0,1,0,1,0,0,ninguno,5,7,2,10.0,5,9,1,12.0,3,61.6,1,1,9.4,-0.8,-3.12,Activo,0,12.5,0,2.0,10.604052440221686,1,1
2025,1,Ing. Comercial,1,8,1,1,1,0,18,1,0,1,1,0,0,0,0,credito,6,6,6,12.666666666666666,6,6,6,12.166666666666666,0,60.8,1,1,16.2,0.3,-0.92,Activo,0,12.5,0,0.0,11.995424125134727,1,1
2025,1,Ing. Comercio Internacional,2,1,1,1,1,0,21,1,0,0,1,1,1,0,1,ninguno,6,9,5,11.4,6,8,5,12.2,1,80.1,0,0,12.7,3.7,-1.7,Abandono,1,12.5,0,0.0,11.461912910574876,0,0
2024,5,Lic. en Administración de Empresas,3,14,1,1,1,0,18,1,0,1,1,0,0,0,0,beca,0,0,0,0.0,0,0,0,0.0,0,83.8,0,0,13.9,-0.3,0.79,Abandono,1,62.5,0,0.0,0.0,0,0
2025,3,Ing. Financiera y de Riesgos,4,8,3,1,1,0,21,1,0,0,1,0,1,0,0,ninguno,5,14,2,13.0,5,8,4,12.0,3,74.2,0,0,9.4,-0.8,-3.12,Activo,0,37.5,1,1.0,11.614094542937817,1,0
2023,3,Lic. en Ciencia de Datos e Inteligencia de Negocios,5,8,3,1,1,0,18,1,0,0,1,0,1,0,0,ninguno,6,8,5,13.4,6,7,5,12.0,1,82.8,3,1,7.6,2.6,0.32,Activo,0,37.5,1,1.0,12.13867921554384,0,1
2024,4,Ing. Comercial,1,8,3,1,1,0,19,1,0,1,1,0,1,1,0,mixto,6,6,6,13.5,6,8,5,12.8,0,86.0,0,0,12.7,3.7,-1.7,Abandono,1,50.0,0,0.0,12.23779646629726,0,0
2025,2,Ing. Comercio Internacional,2,8,1,1,1,0,22,1,0,0,1,0,1,0,1,ninguno,6,14,4,12.25,6,11,3,11.333333333333334,2,71.5,1,1,7.6,2.6,0.32,Activo,0,25.0,0,1.0,11.34232406447458,1,1
2025,1,Lic. en Administración de Empresas,3,1,3,1,1,0,19,1,0,0,1,0,1,0,1,ninguno,6,7,6,12.285714285714286,6,7,6,12.833333333333334,0,79.1,2,1,12.4,0.5,1.79,Activo,0,12.5,0,0.0,12.031750513030943,0,1
2025,5,Ing. Financiera y de Riesgos,4,1,5,1,1,0,19,1,0,0,0,0,1,0,0,ninguno,5,12,0,0.0,5,8,0,0.0,5,78.5,2,1,9.4,-0.8,-3.12,Abandono,1,62.5,0,3.0,0.0,1,1
2024,5,Lic. en Ciencia de Datos e Inteligencia de Negocios,5,8,1,1,1,0,19,1,0,0,1,0,1,0,1,ninguno,6,10,2,10.5,6,11,1,13.0,4,89.3,2,1,9.4,-0.8,-3.12,Abandono,1,62.5,0,2.0,11.015608563206701,1,1
2025,2,Ing. Comercial,1,15,1,1,14,0,27,2,0,0,1,0,0,0,1,ninguno,5,12,3,14.0,5,8,5,12.0,2,95.3,0,0,9.4,-0.8,-3.12,Activo,0,25.0,0,1.0,12.406091286390785,1,0
2024,2,Ing. Comercio Internacional,2,5,1,1,1,0,22,1,0,0,1,0,1,0,0,ninguno,5,7,5,14.2,5,10,5,12.2,0,74.1,0,0,12.7,3.7,-1.7,Activo,0,25.0,0,0.0,12.47070165721067,0,0
2025,6,Lic. en Administración de Empresas,3,1,1,1,1,0,18,1,0,0,1,0,1,0,0,ninguno,6,8,5,13.0,6,7,6,13.142857142857142,1,96.1,0,0,15.5,2.8,-4.06,Abandono,1,75.0,1,1.0,12.238256137652643,0,0
2024,5,Ing. Financiera y de Riesgos,4,8,4,1,1,0,20,1,0,0,1,0,1,0,0,ninguno,6,6,6,11.0,6,8,4,12.75,0,68.2,1,1,9.4,-0.8,-3.12,Activo,0,62.5,0,0.0,11.193007888776936,0,1
2024,1,Lic. en Ciencia de Datos e Inteligencia de Negocios,5,14,1,0,1,0,34,2,0,0,1,0,0,0,0,ninguno,8,9,3,11.0,7,7,2,10.0,5,84.4,0,0,9.4,-0.8,-3.12,Abandono,1,12.5,0,1.0,9.760658751568748,1,0
2025,6,Ing. Comercial,1,8,2,1,1,0,18,1,0,0,1,0,1,0,1,ninguno,7,9,6,12.385714285714286,8,9,8,13.755555555555556,1,95.9,0,0,13.9,-0.3,0.79,Activo,0,75.0,0,0.0,12.11595970055889,0,0
2023,7,Ing. Comercio Internacional,2,8,2,1,1,1,20,1,0,0,1,0,1,0,0,ninguno,6,12,4,14.75,6,7,4,12.25,2,77.4,0,0,9.4,-0.8,-3.12,Activo,0,87.5,0,1.0,12.99065498327381,1,0
2023,4,Lic. en Administración de Empresas,3,1,1,1,1,0,20,1,1,0,1,0,1,0,0,ninguno,5,6,5,16.166666666666668,5,6,5,15.833333333333334,0,82.5,1,1,12.7,3.7,-1.7,Activo,0,50.0,2,0.0,15.448585242956232,0,1
2023,3,Ing. Financiera y de Riesgos,4,12,1,0,1,1,25,1,0,0,1,0,0,0,0,ninguno,5,7,0,0.0,5,8,0,0.0,5,83.7,2,1,16.2,0.3,-0.92,Abandono,1,37.5,2,3.0,0.0,1,1
2025,2,Lic. en Ciencia de Datos e Inteligencia de Negocios,5,1,4,1,1,1,18,1,0,0,1,0,1,0,0,ninguno,5,6,5,12.4,5,9,3,13.0,0,81.1,0,0,8.9,1.4,3.51,Abandono,1,25.0,1,0.0,11.97208613806123,0,0
2024,6,Ing. Comercial,1,1,1,1,1,1,18,1,0,0,0,0,0,0,1,ninguno,6,8,5,11.6,6,11,4,13.0,1,84.3,0,0,8.9,1.4,3.51,Abandono,1,75.0,0,0.0,11.875026966822201,0,0
2025,1,Ing. Comercio Internacional,2,8,1,1,1,0,18,1,0,1,1,0,1,0,0,credito,6,8,5,12.2,6,13,0,0.0,1,94.8,2,1,9.4,-0.8,-3.12,Abandono,1,12.5,0,0.0,5.536696882992657,0,1
2023,2,Lic. en Administración de Empresas,3,8,1,1,1,0,19,1,0,1,1,0,0,0,0,beca,6,7,5,11.0,6,7,5,12.8,1,96.4,0,0,12.4,0.5,1.79,Activo,0,25.0,0,1.0,11.2725133908127,0,0
2024,2,Ing. Financiera y de Riesgos,4,8,2,1,1,0,19,1,0,1,1,0,1,0,0,beca,6,8,6,12.333333333333334,6,7,5,12.4,0,95.5,0,0,10.8,1.4,1.74,Abandono,1,25.0,1,0.0,11.773093780088795,0,0
2025,3,Lic. en Ciencia de Datos e Inteligencia de Negocios,5,15,1,1,1,0,21,1,0,1,1,0,0,0,0,credito,6,6,6,14.833333333333334,6,7,6,12.571428571428571,0,66.0,0,0,13.9,-0.3,0.79,Activo,0,37.5,1,0.0,13.277588586555524,0,0
2024,2,Ing. Comercial,1,13,1,1,1,0,29,1,0,0,1,0,0,0,0,ninguno,10,15,9,11.555555555555555,11,17,10,11.9,1,75.0,1,1,9.4,-0.8,-3.12,Activo,0,25.0,2,0.0,10.780676713528795,0,1
2024,1,Ing. Comercio Internacional,2,1,1,1,1,0,20,1,0,1,1,0,1,0,0,beca,6,6,6,12.0,6,6,6,11.833333333333334,0,74.7,1,1,12.4,0.5,1.79,Activo,0,12.5,0,0.0,11.083043533480884,0,1
2025,3,Lic. en Administración de Empresas,3,16,1,0,16,0,21,1,0,1,1,1,1,0,1,mixto,13,13,11,12.727272727272728,11,11,10,12.6,2,90.5,0,0,8.9,1.4,3.51,Activo,0,37.5,0,1.0,12.026687281160868,1,0
2025,7,Ing. Financiera y de Riesgos,4,14,1,0,1,0,34,1,1,0,1,0,0,0,1,ninguno,2,2,2,10.5,1,1,1,11.0,0,58.5,1,1,10.8,1.4,1.74,Abandono,1,87.5,0,0.0,9.973957280185214,1,1
2024,1,Lic. en Ciencia de Datos e Inteligencia de Negocios,5,1,4,1,1,0,20,1,1,0,1,0,1,0,0,ninguno,6,6,6,12.333333333333334,6,6,6,12.0,0,69.0,0,0,12.7,3.7,-1.7,Activo,0,12.5,0,0.0,11.238568796171803,0,0
2025,4,Ing. Comercial,1,12,1,0,1,1,24,1,0,0,1,0,0,0,1,ninguno,5,10,0,0.0,5,7,1,12.0,5,89.3,0,0,10.8,1.4,1.74,Abandono,1,50.0,0,1.0,5.6046781003469,1,0
2025,2,Ing. Comercio Internacional,2,1,1,1,1,1,18,1,0,0,1,0,0,0,0,ninguno,7,7,7,14.842857142857143,8,9,8,14.38888888888889,0,66.8,0,0,16.2,0.3,-0.92,Activo,0,25.0,1,0.0,14.140611880378133,0,0
2024,1,Lic. en Administración de Empresas,3,1,1,1,1,1,19,1,0,0,1,0,0,0,1,ninguno,7,7,7,12.2,7,7,7,12.2,0,76.8,2,1,7.6,2.6,0.32,Activo,0,12.5,0,0.0,11.520109126920348,0,1
2023,3,Ing. Financiera y de Riesgos,4,1,1,1,1,1,18,1,0,1,1,0,0,0,1,beca,5,10,4,10.8,5,10,4,11.75,1,84.6,0,0,15.5,2.8,-4.06,Activo,0,37.5,0,0.0,10.41569274005335,0,0
2024,3,Lic. en Ciencia de Datos e Inteligencia de Negocios,5,12,9,0,1,1,28,1,0,0,1,0,0,0,0,ninguno,5,7,4,12.75,5,7,5,14.333333333333334,1,57.8,0,0,10.8,1.4,1.74,Activo,0,37.5,0,0.0,13.2162882398576,1,0
2024,5,Ing. Comercial,1,12,1,0,1,1,28,1,0,0,1,0,0,0,1,ninguno,5,13,2,11.0,5,12,1,12.0,3,76.2,0,0,11.1,0.6,2.02,Abandono,1,62.5,0,1.0,10.511187294862548,1,0
2023,6,Ing. Comercio Internacional,2,8,1,1,1,1,20,1,0,0,1,0,0,0,1,ninguno,6,9,4,10.75,6,12,0,0.0,2,88.1,2,1,7.6,2.6,0.32,Abandono,1,75.0,1,1.0,4.756565377982322,1,1
2023,2,Lic. en Administración de Empresas,3,14,1,1,1,1,22,1,0,0,1,0,1,0,0,ninguno,8,9,8,12.55375,8,9,8,12.55375,0,76.3,0,0,9.4,-0.8,-3.12,Activo,0,25.0,1,0.0,12.002288201564795,0,0
2023,4,Ing. Financiera y de Riesgos,4,1,4,1,1,1,19,1,0,0,1,0,1,0,0,ninguno,8,8,7,12.665714285714284,8,8,7,12.665714285714284,1,74.3,0,0,10.8,1.4,1.74,Activo,0,50.0,1,0.0,12.160807179226444,0,0
2023,3,Lic. en Ciencia de Datos e Inteligencia de Negocios,5,1,1,1,1,1,20,1,0,0,1,0,1,0,0,ninguno,6,10,6,12.714285714285714,6,8,4,13.0,0,82.7,3,1,12.4,0.5,1.79,Activo,0,37.5,0,0.0,12.435093161787247,0,1
2025,1,Ing. Comercial,1,12,2,1,1,1,26,1,0,0,1,0,0,0,0,ninguno,7,7,2,11.75,5,10,0,0.0,5,68.3,0,0,12.4,0.5,1.79,Abandono,1,12.5,0,2.0,5.020898263748981,1,0
2024,5,Ing. Comercio Internacional,2,1,2,1,1,1,21,1,0,0,0,0,1,0,0,ninguno,6,11,3,11.0,6,14,0,0.0,3,75.4,1,1,9.4,-0.8,-3.12,Abandono,1,62.5,1,1.0,4.531210084677733,1,1
2025,3,Lic. en Administración de Empresas,3,7,2,1,1,1,18,1,0,0,1,0,1,0,0,ninguno,0,0,0,0.0,0,0,0,0.0,0,88.0,0,0,12.4,0.5,1.79,Activo,0,37.5,0,0.0,0.0,0,0
2024,6,Ing. Financiera y de Riesgos,4,8,1,1,1,1,18,1,0,0,1,0,1,0,0,ninguno,5,5,5,13.4,5,6,5,12.2,0,82.9,0,0,11.1,0.6,2.02,Activo,0,75.0,2,0.0,11.833305513672581,0,0
2025,3,Lic. en Ciencia de Datos e Inteligencia de Negocios,5,1,2,1,1,1,22,1,0,0,1,0,1,0,0,ninguno,17,21,17,12.578947368421051,17,20,17,12.117647058823527,0,74.8,0,0,11.1,0.6,2.02,Activo,0,37.5,0,0.0,11.471638882817764,0,0
2025,4,Ing. Comercial,1,12,1,1,12,1,36,2,0,0,1,0,0,0,0,ninguno,5,0,0,0.0,5,0,0,0.0,5,88.5,0,0,16.2,0.3,-0.92,Abandono,1,50.0,0,2.0,0.0,1,0
2023,3,Ing. Comercio Internacional,2,1,1,1,1,1,20,1,0,1,1,0,1,0,0,beca,6,8,6,12.0,6,8,6,11.5,0,84.9,0,0,13.9,-0.3,0.79,Activo,0,37.5,0,0.0,10.978181674611708,0,0
2023,3,Lic. en Administración de Empresas,3,8,5,1,1,1,20,1,0,0,1,0,0,0,0,ninguno,6,6,3,12.333333333333334,6,9,0,0.0,3,62.7,0,0,10.8,1.4,1.74,Abandono,1,37.5,0,1.0,5.562177741247343,1,0
2024,1,Ing. Financiera y de Riesgos,4,12,1,0,1,1,25,1,0,0,1,0,0,0,0,ninguno,5,11,4,11.5,5,11,3,13.5,1,60.9,0,0,12.4,0.5,1.79,Abandono,1,12.5,2,0.0,11.808893614251213,1,0
2025,6,Lic. en Ciencia de Datos e Inteligencia de Negocios,5,12,1,1,1,1,35,1,0,0,1,0,0,0,0,ninguno,6,7,5,12.8,6,11,5,13.833333333333334,1,72.0,3,1,15.5,2.8,-4.06,Activo,0,75.0,0,0.0,12.976034230753713,0,1
2023,1,Ing. Comercial,1,1,1,1,1,1,22,1,0,0,1,0,0,0,0,ninguno,0,0,0,0.0,0,0,0,0.0,0,78.0,2,1,11.1,0.6,2.02,Abandono,1,12.5,0,0.0,0.0,0,1
2023,3,Ing. Comercio Internacional,2,14,1,1,1,1,26,1,0,0,1,0,0,0,1,ninguno,7,8,7,13.285714285714286,8,11,7,12.142857142857142,0,85.1,0,0,12.4,0.5,1.79,Activo,0,37.5,2,0.0,12.37730846314682,0,0
2023,4,Lic. en Administración de Empresas,3,15,1,1,14,1,20,1,0,0,0,1,0,0,0,ninguno,6,16,4,11.8,6,15,2,12.0,2,75.4,0,0,16.2,0.3,-0.92,Abandono,1,50.0,1,1.0,11.028040537156246,1,0
2025,6,Ing. Financiera y de Riesgos,4,14,1,0,9,1,50,1,0,0,1,0,0,0,0,ninguno,13,13,6,11.333333333333334,11,11,2,13.5,7,56.9,1,1,16.2,0.3,-0.92,Abandono,1,75.0,0,2.0,11.539203816044278,1,1
2025,4,Lic. en Ciencia de Datos e Inteligencia de Negocios,5,1,1,1,1,1,20,1,0,0,1,0,0,0,0,ninguno,8,12,5,12.002,8,12,5,12.002,3,76.1,1,1,10.8,1.4,1.74,Abandono,1,50.0,0,1.0,11.53604589871065,1,1
2023,2,Ing. Comercial,1,1,1,1,1,1,20,1,0,0,1,0,0,0,0,ninguno,7,10,5,13.976666666666668,8,9,8,13.22222222222222,2,92.1,0,0,12.4,0.5,1.79,Activo,0,25.0,0,1.0,13.072880497719384,1,0
2025,8,Ing. Comercio Internacional,2,4,1,1,3,1,35,1,0,0,0,0,0,0,0,ninguno,6,10,5,15.2,6,9,1,11.0,1,82.4,0,0,15.5,2.8,-4.06,Abandono,1,100.0,0,0.0,12.463082735009195,0,0
2025,6,Lic. en Administración de Empresas,3,1,1,1,1,1,19,1,0,1,1,0,0,0,0,credito,6,7,6,13.142857142857142,6,8,6,14.166666666666666,0,69.2,0,0,15.5,2.8,-4.06,Activo,0,75.0,0,0.0,12.937097869909168,0,0
2024,5,Ing. Financiera y de Riesgos,4,12,2,1,1,1,43,2,0,0,1,0,0,0,1,ninguno,5,14,0,0.0,5,5,0,0.0,5,81.7,0,0,9.4,-0.8,-3.12,Abandono,1,62.5,0,3.0,0.0,1,0
2025,1,Lic. en Ciencia de Datos e Inteligencia de Negocios,5,8,5,1,1,1,19,1,0,0,1,0,0,0,1,ninguno,8,11,7,13.867142857142856,8,11,7,13.867142857142856,1,73.9,1,1,10.8,1.4,1.74,Activo,0,12.5,1,0.0,13.152402373900507,0,1
2024,1,Ing. Comercial,1,12,1,1,1,1,25,1,0,0,1,0,0,0,0,ninguno,8,11,6,12.675,8,11,6,12.675,2,87.8,1,1,12.7,3.7,-1.7,Activo,0,12.5,0,1.0,12.166549048739492,1,1
2023,2,Ing. Comercio Internacional,2,7,1,1,1,1,19,1,0,0,1,0,1,0,1,ninguno,0,0,0,0.0,0,0,0,0.0,0,69.5,1,1,13.9,-0.3,0.79,Activo,0,25.0,0,0.0,0.0,0,1
2025,2,Lic. en Administración de Empresas,3,8,2,1,1,1,20,1,0,1,1,0,1,0,0,mixto,6,6,6,12.0,6,7,6,12.5,0,77.2,0,0,7.6,2.6,0.32,Activo,0,25.0,0,0.0,11.948230715117663,0,0
2024,1,Ing. Financiera y de Riesgos,4,1,1,1,1,1,22,1,0,0,1,0,1,0,0,ninguno,0,0,0,0.0,0,0,0,0.0,0,66.3,0,0,12.7,3.7,-1.7,Abandono,1,12.5,0,0.0,0.0,0,0
2023,1,Lic. en Ciencia de Datos e Inteligencia de Negocios,5,1,1,1,1,1,19,1,0,1,1,0,0,0,1,beca,6,7,6,11.0,6,6,5,12.2,0,77.6,0,0,11.1,0.6,2.02,Abandono,1,12.5,0,0.0,10.745424509885186,0,0
2025,8,Ing. Comercial,1,12,1,0,1,1,32,2,0,0,1,0,0,0,0,ninguno,5,11,4,10.75,5,11,4,11.333333333333334,1,91.7,0,0,13.9,-0.3,0.79,Abandono,1,100.0,0,0.0,10.068664747998332,0,0
2023,1,Ing. Comercio Internacional,2,12,1,1,13,1,57,2,0,0,1,0,1,0,0,ninguno,6,7,5,14.2,6,6,6,14.166666666666666,1,96.1,1,1,9.4,-0.8,-3.12,Activo,0,12.5,0,1.0,13.58445699383648,0,1
2024,1,Lic. en Administración de Empresas,3,1,1,1,1,1,20,1,0,0,0,0,0,0,0,ninguno,7,11,4,12.6,7,7,4,11.575,3,96.7,0,0,16.2,0.3,-0.92,Abandono,1,12.5,0,1.0,11.428621232585039,1,0
2025,6,Ing. Financiera y de Riesgos,4,12,1,0,1,1,38,1,0,0,0,0,1,0,0,ninguno,5,5,0,0.0,5,5,0,0.0,5,82.0,0,0,8.9,1.4,3.51,Abandono,1,75.0,0,2.0,0.0,1,0
2024,5,Lic. en Ciencia de Datos e Inteligencia de Negocios,5,12,1,0,1,1,45,2,0,0,1,0,0,0,0,ninguno,5,6,5,14.0,5,6,5,14.166666666666666,0,75.6,1,1,12.4,0.5,1.79,Activo,0,62.5,0,0.0,13.397611386457223,0,1
2023,2,Ing. Comercial,1,12,1,1,1,1,43,2,0,0,0,1,0,0,1,ninguno,6,16,2,10.0,6,12,4,12.25,4,88.4,0,0,10.8,1.4,1.74,Abandono,1,25.0,0,2.0,10.723741568595116,1,0
2024,3,Ing. Comercio Internacional,2,8,4,1,1,1,19,1,0,0,1,0,1,0,0,ninguno,6,6,6,13.833333333333334,6,8,6,13.125,0,88.1,0,0,10.8,1.4,1.74,Activo,0,37.5,0,0.0,12.751316634827488,0,0
2023,8,Lic. en Administración de Empresas,3,12,1,0,12,1,49,2,0,0,0,0,0,0,1,ninguno,5,8,2,11.0,5,5,1,11.0,3,60.1,3,1,15.5,2.8,-4.06,Abandono,1,100.0,1,1.0,10.046718932693402,1,1
2024,1,Ing. Financiera y de Riesgos,4,12,1,1,12,1,43,2,0,0,1,0,1,0,0,ninguno,8,8,7,11.635714285714286,8,8,7,11.635714285714286,1,77.2,0,0,10.8,1.4,1.74,Activo,0,12.5,0,1.0,11.198725308202159,0,0
2023,1,Lic. en Ciencia de Datos e Inteligencia de Negocios,5,12,1,0,1,1,34,1,0,0,1,0,0,0,1,ninguno,6,6,4,12.25,5,5,0,0.0,2,87.0,0,0,11.1,0.6,2.02,Abandono,1,12.5,1,1.0,5.289805397360029,1,0
2024,5,Ing. Comercial,1,8,5,1,1,1,18,1,0,0,1,1,1,0,1,ninguno,5,9,4,12.5,5,11,5,11.285714285714286,1,63.1,1,1,12.4,0.5,1.79,Activo,0,62.5,0,0.0,11.576405446884316,1,1
2025,1,Ing. Comercio Internacional,2,12,1,0,1,1,43,2,0,0,1,0,0,0,0,ninguno,5,5,5,13.8,5,6,5,13.666666666666666,0,91.0,1,1,10.8,1.4,1.74,Activo,0,12.5,1,0.0,13.1704852644082,0,1
2024,1,Lic. en Administración de Empresas,3,1,2,1,1,1,21,1,0,0,1,0,0,0,0,ninguno,6,8,3,12.0,6,9,1,11.0,3,76.6,0,0,15.5,2.8,-4.06,Abandono,1,12.5,1,1.0,11.122476044518644,1,0
2024,6,Ing. Financiera y de Riesgos,4,12,1,0,1,1,40,2,0,0,1,0,0,0,1,ninguno,5,9,3,11.0,5,8,4,12.5,2,100.0,0,0,7.6,2.6,0.32,Activo,0,75.0,0,0.0,11.203267190883011,1,0
2025,4,Lic. en Ciencia de Datos e Inteligencia de Negocios,5,8,1,1,1,1,19,1,0,1,1,0,1,0,1,beca,6,7,4,13.75,6,10,6,11.555555555555555,2,82.5,0,0,10.8,1.4,1.74,Activo,0,50.0,0,1.0,12.23130193403056,1,0
2023,1,Ing. Comercial,1,1,1,1,1,1,27,1,0,0,1,0,0,0,0,ninguno,6,6,6,10.666666666666666,6,8,4,11.25,0,76.3,2,1,10.8,1.4,1.74,Activo,0,12.5,0,0.0,10.39701984024731,0,1
2025,1,Ing. Comercio Internacional,2,13,1,1,1,1,43,2,0,0,1,0,0,0,0,ninguno,7,7,0,0.0,8,13,2,13.15,7,79.7,3,1,16.2,0.3,-0.92,Abandono,1,12.5,0,2.0,5.982734035724729,1,1
2024,7,Lic. en Administración de Empresas,3,14,1,0,1,1,31,1,0,0,1,0,0,0,1,ninguno,5,6,5,13.833333333333334,5,7,5,15.4,0,99.2,0,0,9.4,-0.8,-3.12,Activo,0,87.5,0,0.0,14.106252880720024,0,0
2025,2,Ing. Financiera y de Riesgos,4,15,1,1,14,1,26,1,0,0,1,1,1,0,0,ninguno,6,6,0,0.0,6,7,0,0.0,6,88.1,0,0,8.9,1.4,3.51,Activo,0,25.0,1,4.0,0.0,1,0
2025,8,Lic. en Ciencia de Datos e Inteligencia de Negocios,5,12,1,0,1,1,34,1,0,0,1,0,0,0,0,ninguno,5,5,5,15.8,5,5,5,16.8,0,74.7,1,1,8.9,1.4,3.51,Activo,0,100.0,0,0.0,15.356803564118763,0,1
2023,6,Ing. Comercial,1,14,1,1,12,1,30,4,0,0,1,0,0,0,0,ninguno,14,26,12,12.52608695652174,14,26,12,12.52608695652174,2,77.0,2,1,7.6,2.6,0.32,Activo,0,75.0,0,1.0,11.945670194648049,1,1
2024,3,Ing. Comercio Internacional,2,12,1,1,12,1,36,2,0,0,1,0,0,0,0,ninguno,7,9,6,12.783333333333331,8,11,0,0.0,1,84.4,0,0,16.2,0.3,-0.92,Abandono,1,37.5,0,0.0,5.957026457134151,0,0
2023,3,Lic. en Administración de Empresas,3,4,1,0,3,1,46,1,0,0,0,1,0,0,1,ninguno,5,5,0,0.0,5,5,1,10.0,5,86.9,2,1,11.1,0.6,2.02,Abandono,1,37.5,0,1.0,4.510494069262812,1,1
2024,2,Ing. Financiera y de Riesgos,4,8,1,1,1,1,22,1,0,0,1,0,0,0,0,ninguno,5,8,3,13.0,5,8,3,10.666666666666666,2,64.4,0,0,7.6,2.6,0.32,Activo,0,25.0,0,1.0,10.935532756885873,1,0
2023,4,Lic. en Ciencia de Datos e Inteligencia de Negocios,5,4,1,1,3,1,27,1,0,0,1,0,0,0,1,ninguno,6,8,0,0.0,6,10,0,0.0,6,91.5,3,1,16.2,0.3,-0.92,Abandono,1,50.0,0,3.0,0.0,1,1
2025,3,Ing. Comercial,1,1,2,1,1,1,20,1,0,0,1,0,1,0,1,ninguno,5,7,5,10.8,5,9,3,12.0,0,74.8,0,0,8.9,1.4,3.51,Activo,0,37.5,0,0.0,10.78149227738513,0,0
2023,1,Ing. Comercio Internacional,2,16,1,1,1,1,20,1,0,0,1,0,0,0,0,ninguno,5,7,5,11.0,5,7,3,10.0,0,92.2,1,1,8.9,1.4,3.51,Activo,0,12.5,2,0.0,10.095254294943752,0,1
2023,2,Lic. en Administración de Empresas,3,13,1,1,1,1,31,1,0,0,0,1,0,0,0,ninguno,4,4,0,0.0,5,5,0,0.0,4,83.2,0,0,12.7,3.7,-1.7,Abandono,1,25.0,0,2.0,0.0,1,0
2024,7,Ing. Financiera y de Riesgos,4,1,1,1,1,1,20,1,0,0,1,1,1,0,0,ninguno,5,7,0,0.0,5,5,0,0.0,5,73.1,0,0,9.4,-0.8,-3.12,Activo,0,87.5,2,2.0,0.0,1,0
2023,3,Lic. en Ciencia de Datos e Inteligencia de Negocios,5,8,1,1,1,1,21,1,0,0,0,0,1,0,0,ninguno,6,10,2,12.0,6,0,0,0.0,4,63.6,1,1,10.8,1.4,1.74,Abandono,1,37.5,0,1.0,5.039785810502655,1,1
2025,2,Ing. Comercial,1,8,1,1,1,1,21,1,0,0,1,0,0,0,0,ninguno,5,7,4,10.75,5,10,2,11.0,1,80.2,0,0,16.2,0.3,-0.92,Abandono,1,25.0,0,0.0,9.956150923408988,0,0
2024,4,Ing. Comercio Internacional,2,1,1,1,1,1,19,1,0,0,1,0,0,0,0,ninguno,5,8,5,11.6,5,10,4,13.5,0,84.3,0,0,16.2,0.3,-0.92,Activo,0,50.0,2,0.0,12.191268220720263,0,0
2024,4,Lic. en Administración de Empresas,3,8,4,1,1,1,20,1,0,1,1,0,1,0,0,credito,5,6,5,11.8,5,8,4,11.6,0,66.1,0,0,8.9,1.4,3.51,Activo,0,50.0,1,0.0,11.03834255751713,0,0
2023,3,Ing. Financiera y de Riesgos,4,1,1,1,1,1,18,1,0,0,1,0,0,0,0,ninguno,6,7,6,16.0,6,6,6,15.166666666666666,0,85.0,2,1,12.4,0.5,1.79,Activo,0,37.5,1,0.0,15.125792491473062,0,1
2023,6,Lic. en Ciencia de Datos e Inteligencia de Negocios,5,1,2,1,1,1,18,1,0,1,1,0,0,0,1,mixto,6,6,6,12.666666666666666,6,6,6,11.5,0,74.6,1,1,16.2,0.3,-0.92,Activo,0,75.0,1,0.0,11.495789370666328,0,1
2023,4,Ing. Comercial,1,12,1,1,1,1,30,1,0,0,1,1,0,0,1,ninguno,7,12,4,14.4,7,9,6,13.5,3,82.2,0,0,12.4,0.5,1.79,Activo,0,50.0,0,1.0,13.03620640122398,1,0
2024,6,Ing. Comercio Internacional,2,12,1,1,12,1,34,1,0,0,0,1,0,0,0,ninguno,6,6,0,0.0,6,6,0,0.0,6,80.1,1,1,15.5,2.8,-4.06,Abandono,1,75.0,0,2.0,0.0,1,1
2023,6,Lic. en Administración de Empresas,3,8,1,1,1,1,21,1,0,0,0,1,0,0,1,ninguno,6,11,4,12.25,6,9,4,13.4,2,83.3,0,0,11.1,0.6,2.02,Activo,0,75.0,2,1.0,12.291049294640468,1,0
2023,1,Ing. Financiera y de Riesgos,4,15,1,1,14,1,20,1,0,0,1,0,0,0,0,ninguno,7,9,5,12.6,9,10,8,12.75,2,72.5,0,0,16.2,0.3,-0.92,Abandono,1,12.5,1,1.0,12.229478152126504,1,0
2023,5,Lic. en Ciencia de Datos e Inteligencia de Negocios,5,1,1,1,1,1,18,1,0,0,1,0,0,0,0,ninguno,8,8,7,13.4,8,8,7,13.4,1,85.6,1,1,12.7,3.7,-1.7,Activo,0,62.5,0,0.0,12.539772598415459,0,1
2025,6,Ing. Comercial,1,1,1,1,1,1,21,1,0,0,1,1,1,0,0,ninguno,0,0,0,0.0,0,0,0,0.0,0,100.0,0,0,16.2,0.3,-0.92,Abandono,1,75.0,0,0.0,0.0,0,0
2025,4,Ing. Comercio Internacional,2,13,1,1,1,1,26,2,0,0,1,0,0,0,0,ninguno,6,9,1,10.0,6,6,0,0.0,5,89.7,2,1,12.4,0.5,1.79,Abandono,1,50.0,0,3.0,4.372354177701638,1,1
2023,2,Lic. en Administración de Empresas,3,8,1,1,1,1,20,1,0,0,1,1,1,0,0,ninguno,5,5,0,0.0,5,5,0,0.0,5,73.4,1,1,9.4,-0.8,-3.12,Abandono,1,25.0,0,1.0,0.0,1,1
2023,7,Ing. Financiera y de Riesgos,4,15,1,1,14,1,25,1,0,0,1,0,0,0,1,ninguno,6,16,3,11.25,6,14,4,11.2,3,77.1,3,1,15.5,2.8,-4.06,Abandono,1,87.5,0,1.0,10.691027538090008,1,1
2023,3,Lic. en Ciencia de Datos e Inteligencia de Negocios,5,8,1,1,1,1,19,1,0,0,1,0,0,0,0,ninguno,5,10,0,0.0,5,5,0,0.0,5,89.6,0,0,7.6,2.6,0.32,Activo,0,37.5,0,1.0,0.0,1,0
2024,3,Ing. Comercial,1,12,2,1,1,1,24,1,0,0,1,0,1,0,0,ninguno,5,8,3,10.666666666666666,5,5,1,14.0,2,80.4,0,0,9.4,-0.8,-3.12,Abandono,1,37.5,0,1.0,11.669270377009248,1,0
2025,2,Ing. Comercio Internacional,2,1,1,1,1,1,20,1,0,0,1,0,0,0,0,ninguno,5,7,4,11.75,5,5,5,13.4,1,67.5,1,1,7.6,2.6,0.32,Activo,0,25.0,0,0.0,11.994510503129723,0,1
2025,2,Lic. en Administración de Empresas,3,1,1,1,1,1,20,1,0,0,1,0,0,0,0,ninguno,5,5,0,0.0,5,5,0,0.0,5,76.7,0,0,12.7,3.7,-1.7,Abandono,1,25.0,0,2.0,0.0,1,0
2025,1,Ing. Financiera y de Riesgos,4,3,3,1,1,0,18,1,0,0,1,0,1,0,1,ninguno,6,6,6,12.666666666666666,6,8,6,14.125,0,84.9,1,1,10.8,1.4,1.74,Activo,0,12.5,1,0.0,12.550541379203606,0,1
2024,7,Lic. en Ciencia de Datos e Inteligencia de Negocios,5,12,1,1,1,0,25,4,0,0,1,0,0,0,0,ninguno,7,14,7,11.95,8,15,7,12.042857142857144,0,82.9,0,0,12.7,3.7,-1.7,Activo,0,87.5,1,0.0,11.458352315876564,0,0
2023,6,Ing. Comercial,1,8,1,1,1,0,22,1,0,0,1,0,1,0,1,ninguno,6,7,5,14.0,6,6,6,15.666666666666666,1,65.7,1,1,11.1,0.6,2.02,Activo,0,75.0,0,0.0,14.408239048680507,0,1
2023,8,Ing. Comercio Internacional,2,14,1,0,1,0,41,1,0,0,0,0,0,0,1,ninguno,6,6,0,0.0,6,12,0,0.0,6,83.2,0,0,9.4,-0.8,-3.12,Abandono,1,100.0,1,2.0,0.0,1,0
2025,5,Lic. en Administración de Empresas,3,1,2,1,1,0,19,1,0,1,1,1,0,0,0,credito,5,11,2,11.5,5,10,0,0.0,3,81.7,2,1,12.7,3.7,-1.7,Abandono,1,62.5,0,1.0,4.984357127563253,1,1
2024,3,Ing. Financiera y de Riesgos,4,14,1,1,1,0,21,1,0,0,1,0,1,0,0,ninguno,6,10,6,12.0,6,12,5,12.8,0,76.9,1,1,13.9,-0.3,0.79,Activo,0,37.5,0,0.0,11.601097397929015,0,1
2025,1,Lic. en Ciencia de Datos e Inteligencia de Negocios,5,12,1,1,1,0,30,1,0,0,1,1,1,0,0,ninguno,6,7,6,16.428571428571427,6,7,6,16.666666666666668,0,84.4,1,1,13.9,-0.3,0.79,Abandono,1,12.5,0,0.0,15.630227734082757,0,1
2025,4,Ing. Comercial,1,1,5,1,1,0,21,1,0,1,1,0,1,0,0,credito,7,9,5,13.336000000000002,8,9,7,13.207142857142856,2,92.8,0,0,11.1,0.6,2.02,Activo,0,50.0,0,0.0,12.71174954408905,1,0
2025,5,Ing. Comercio Internacional,2,12,2,1,1,0,26,2,0,1,1,0,0,0,0,beca,7,7,0,0.0,8,8,0,0.0,7,88.9,0,0,10.8,1.4,1.74,Activo,0,62.5,0,4.0,0.0,1,0
2024,1,Lic. en Administración de Empresas,3,6,1,1,1,0,21,1,1,0,1,0,0,0,0,ninguno,7,9,7,14.666666666666666,6,8,6,14.0,0,81.6,0,0,11.1,0.6,2.02,Activo,0,12.5,0,0.0,13.362489324791673,0,0
2025,1,Ing. Financiera y de Riesgos,4,1,1,1,1,0,18,1,0,0,1,0,1,0,0,ninguno,8,8,7,14.115714285714288,8,8,7,14.115714285714288,1,68.1,0,0,10.8,1.4,1.74,Activo,0,12.5,0,0.0,13.511205936508055,0,0
2025,6,Lic. en Ciencia de Datos e Inteligencia de Negocios,5,1,4,1,1,0,19,1,0,1,1,0,1,0,1,beca,6,7,6,14.857142857142858,6,10,6,13.11111111111111,0,75.0,0,0,12.4,0.5,1.79,Activo,0,75.0,0,0.0,13.247846727355792,0,0
2024,8,Ing. Comercial,1,1,2,1,1,0,18,1,0,1,1,0,1,0,1,beca,6,7,6,13.833333333333334,6,10,6,13.714285714285714,0,60.9,2,1,8.9,1.4,3.51,Activo,0,100.0,1,0.0,13.007395797619719,1,1
2023,1,Ing. Comercio Internacional,2,8,2,1,1,0,19,1,0,0,1,0,1,0,0,ninguno,5,10,3,11.0,5,9,4,11.75,2,80.3,0,0,12.7,3.7,-1.7,Activo,0,12.5,0,1.0,10.692440403909158,1,0
2025,2,Lic. en Administración de Empresas,3,14,1,1,1,0,21,1,0,0,1,0,0,0,0,ninguno,6,11,4,11.75,6,12,3,13.666666666666666,2,71.1,0,0,13.9,-0.3,0.79,Activo,0,25.0,1,1.0,12.264653062517944,1,0
2024,8,Ing. Financiera y de Riesgos,4,8,2,1,1,0,18,1,0,1,1,0,1,0,0,credito,5,15,2,10.0,5,14,2,12.0,3,81.6,2,1,13.9,-0.3,0.79,Abandono,1,100.0,0,1.0,10.171399864918701,1,1
2024,2,Lic. en Ciencia de Datos e Inteligencia de Negocios,5,12,1,1,1,0,24,1,0,1,1,0,1,0,0,credito,8,15,6,12.415,8,15,6,12.415,2,85.9,2,1,10.8,1.4,1.74,Activo,0,25.0,0,1.0,11.552373617987142,1,1
2023,3,Ing. Comercial,1,1,1,1,1,0,21,1,0,0,1,0,1,0,1,ninguno,5,12,1,11.0,5,9,2,10.5,4,75.2,1,1,12.7,3.7,-1.7,Activo,0,37.5,0,2.0,10.062917089787792,1,1
2024,7,Ing. Comercio Internacional,2,15,1,1,14,0,23,1,0,0,1,0,1,0,0,ninguno,6,14,5,14.428571428571429,6,7,6,13.428571428571429,1,83.7,0,0,16.2,0.3,-0.92,Activo,0,87.5,0,0.0,13.28657861616204,0,0
2023,7,Lic. en Administración de Empresas,3,8,2,1,1,0,18,1,0,1,1,0,1,0,0,beca,8,8,7,14.312857142857142,8,8,7,14.312857142857142,1,76.4,0,0,10.8,1.4,1.74,Activo,0,87.5,1,1.0,13.933100414667553,0,0
2025,1,Ing. Financiera y de Riesgos,4,12,1,1,1,0,26,1,0,0,0,0,0,0,0,ninguno,6,8,6,15.428571428571429,6,7,5,14.5,0,85.3,0,0,11.1,0.6,2.02,Activo,0,12.5,0,0.0,14.605519551235867,0,0
2023,3,Lic. en Ciencia de Datos e Inteligencia de Negocios,5,1,1,1,1,0,20,1,0,0,1,0,1,0,1,ninguno,5,9,4,12.0,5,6,5,13.4,1,61.9,0,0,9.4,-0.8,-3.12,Activo,0,37.5,0,0.0,12.16230460810553,1,0
2024,1,Ing. Comercial,1,1,1,1,1,0,18,1,0,0,1,0,0,0,1,ninguno,6,7,6,13.833333333333334,6,7,6,13.714285714285714,0,97.7,2,1,11.1,0.6,2.02,Activo,0,12.5,0,0.0,13.256217214947348,0,1
2023,1,Ing. Comercio Internacional,2,1,1,1,1,0,20,1,0,0,1,0,1,0,1,ninguno,6,6,6,12.166666666666666,6,7,6,12.142857142857142,0,67.2,0,0,11.1,0.6,2.02,Activo,0,12.5,0,0.0,11.187202389087615,0,0
2025,2,Lic. en Administración de Empresas,3,1,1,1,1,0,20,1,0,0,1,0,1,0,0,ninguno,8,8,7,14.014285714285714,8,8,7,14.014285714285714,1,74.7,0,0,12.7,3.7,-1.7,Activo,0,25.0,0,0.0,13.165749794575314,0,0
2023,5,Ing. Financiera y de Riesgos,4,8,2,1,1,0,18,1,0,0,1,0,1,1,1,ninguno,6,15,2,10.333333333333334,6,13,3,13.333333333333334,4,87.1,0,0,12.7,3.7,-1.7,Activo,0,62.5,0,1.0,11.071386326651993,1,0
2025,2,Lic. en Ciencia de Datos e Inteligencia de Negocios,5,1,4,1,1,0,22,1,0,1,1,0,1,0,1,beca,6,7,5,13.2,6,7,5,13.6,1,86.9,0,0,12.4,0.5,1.79,Activo,0,25.0,0,0.0,12.737646337687675,0,0
2025,6,Ing. Comercial,1,1,1,1,1,0,20,1,0,0,1,1,1,0,0,ninguno,7,7,6,15.4,7,7,6,15.4,1,70.4,1,1,7.6,2.6,0.32,Activo,0,75.0,0,0.0,14.982842728491345,0,1
2025,5,Ing. Comercio Internacional,2,8,4,1,1,0,19,1,0,1,1,0,1,0,0,credito,7,7,7,13.385714285714286,8,8,8,15.925,0,66.9,1,1,13.9,-0.3,0.79,Activo,0,62.5,0,0.0,13.670437472328144,0,1
2025,4,Lic. en Administración de Empresas,3,1,1,1,1,0,18,1,0,0,1,1,1,0,1,ninguno,6,13,6,10.857142857142858,6,10,4,11.0,0,75.8,1,1,15.5,2.8,-4.06,Abandono,1,50.0,1,0.0,10.366042939803283,0,1
2023,1,Ing. Financiera y de Riesgos,4,8,2,1,1,0,18,1,0,0,1,0,0,0,0,ninguno,5,11,5,11.333333333333334,5,8,5,12.0,0,78.4,0,0,13.9,-0.3,0.79,Activo,0,12.5,0,0.0,11.291818744953597,0,0
2024,2,Lic. en Ciencia de Datos e Inteligencia de Negocios,5,1,4,1,1,0,19,1,0,1,1,0,1,0,0,beca,5,7,4,14.5,5,5,5,13.6,1,64.6,1,1,10.8,1.4,1.74,Activo,0,25.0,0,0.0,13.404340772998978,1,1
2023,3,Ing. Comercial,1,1,2,1,1,0,19,1,0,1,1,0,1,0,0,credito,6,6,6,14.166666666666666,6,8,6,12.375,0,70.3,0,0,10.8,1.4,1.74,Activo,0,37.5,0,0.0,12.359034725204173,0,0
2024,2,Ing. Comercio Internacional,2,8,1,0,1,0,24,1,0,0,1,0,0,0,0,ninguno,6,7,6,12.833333333333334,6,8,6,12.0,0,43.9,0,0,7.6,2.6,0.32,Activo,0,25.0,0,0.0,11.495562965422538,1,0
2025,6,Lic. en Administración de Empresas,3,1,1,1,1,0,21,1,0,0,1,0,0,0,0,ninguno,6,7,6,13.333333333333334,6,6,6,14.5,0,100.0,0,0,10.8,1.4,1.74,Activo,0,75.0,0,0.0,13.608990525427155,0,0
2025,2,Ing. Financiera y de Riesgos,4,1,1,1,1,0,20,1,0,1,1,0,1,0,1,beca,6,7,6,13.666666666666666,6,7,6,14.571428571428571,0,100.0,0,0,11.1,0.6,2.02,Activo,0,25.0,1,0.0,13.198640597721639,0,0
2025,6,Lic. en Ciencia de Datos e Inteligencia de Negocios,5,12,1,1,1,0,28,1,0,1,0,1,0,0,0,beca,6,6,6,10.833333333333334,6,7,5,11.0,0,96.1,0,0,13.9,-0.3,0.79,Abandono,1,75.0,0,0.0,10.426627714416767,0,0
2025,3,Ing. Comercial,1,1,2,1,1,0,21,1,0,0,1,0,1,0,0,ninguno,6,7,6,13.428571428571429,6,8,6,13.142857142857142,0,80.0,0,0,7.6,2.6,0.32,Activo,0,37.5,0,0.0,12.958433630936389,0,0
2024,4,Ing. Comercio Internacional,2,1,1,1,1,1,20,1,0,0,1,1,1,0,0,ninguno,7,7,7,12.401428571428571,8,10,6,11.808333333333332,0,81.8,0,0,11.1,0.6,2.02,Activo,0,50.0,2,0.0,11.21142776312694,0,0
2024,6,Lic. en Administración de Empresas,3,13,1,1,1,1,36,1,0,0,0,0,0,0,0,ninguno,6,8,0,0.0,6,10,0,0.0,6,76.6,0,0,16.2,0.3,-0.92,Abandono,1,75.0,0,1.0,0.0,1,0
2024,1,Ing. Financiera y de Riesgos,4,12,1,0,1,1,42,2,0,0,0,0,0,0,1,ninguno,4,4,0,0.0,5,0,0,0.0,4,81.8,0,0,12.7,3.7,-1.7,Abandono,1,12.5,0,1.0,0.0,1,0
2024,1,Lic. en Ciencia de Datos e Inteligencia de Negocios,5,12,1,0,1,1,47,2,0,0,1,0,0,0,1,ninguno,5,9,4,11.5,5,6,5,11.6,1,89.7,0,0,7.6,2.6,0.32,Abandono,1,12.5,0,1.0,10.847896369892549,0,0
2025,3,Ing. Comercial,1,12,1,1,1,1,25,1,0,0,0,0,0,0,1,ninguno,5,8,0,0.0,5,5,0,0.0,5,100.0,1,1,9.4,-0.8,-3.12,Abandono,1,37.5,1,3.0,0.0,1,1
2024,1,Ing. Comercio Internacional,2,12,1,1,9,1,25,1,0,1,1,0,0,0,1,mixto,6,8,6,14.142857142857142,6,6,6,13.5,0,91.2,1,1,15.5,2.8,-4.06,Activo,0,12.5,0,0.0,12.971011884531375,0,1
2023,4,Lic. en Administración de Empresas,3,12,1,0,12,1,48,2,0,0,1,0,0,0,1,ninguno,6,6,0,0.0,5,6,0,0.0,6,76.2,2,1,12.4,0.5,1.79,Abandono,1,50.0,1,3.0,0.0,1,1
2024,1,Ing. Financiera y de Riesgos,4,14,1,0,1,1,32,1,0,1,1,0,0,0,1,credito,10,12,10,13.8,10,10,10,12.8,0,80.8,2,1,10.8,1.4,1.74,Activo,0,12.5,1,0.0,12.613076786682308,0,1
2025,4,Lic. en Ciencia de Datos e Inteligencia de Negocios,5,4,1,0,15,1,38,1,0,0,1,0,0,0,1,ninguno,10,10,10,13.6,10,10,5,13.6,0,66.3,1,1,8.9,1.4,3.51,Abandono,1,50.0,0,0.0,12.622647035087034,0,1
2025,4,Ing. Comercial,1,4,1,1,15,1,37,1,0,0,1,0,0,0,0,ninguno,16,23,15,11.733333333333333,11,17,9,11.88888888888889,1,82.3,0,0,15.5,2.8,-4.06,Activo,0,50.0,0,0.0,10.813808329457773,0,0
2025,8,Ing. Comercio Internacional,2,12,2,1,1,1,26,1,0,0,0,0,0,0,0,ninguno,5,8,1,10.0,5,9,1,10.0,4,85.1,1,1,10.8,1.4,1.74,Abandono,1,100.0,1,1.0,9.618418773000958,1,1
2024,7,Lic. en Administración de Empresas,3,15,1,1,14,1,23,1,0,0,1,0,0,0,0,ninguno,6,19,0,0.0,6,6,0,0.0,6,100.0,0,0,13.9,-0.3,0.79,Abandono,1,87.5,0,3.0,0.0,1,0
2025,1,Ing. Financiera y de Riesgos,4,15,1,1,14,1,23,1,0,0,1,0,0,0,0,ninguno,6,6,0,0.0,6,8,0,0.0,6,82.2,1,1,15.5,2.8,-4.06,Activo,0,12.5,1,2.0,0.0,1,1
2024,8,Lic. en Ciencia de Datos e Inteligencia de Negocios,5,15,1,1,14,1,20,1,0,0,1,0,0,0,0,ninguno,6,12,4,10.8,6,13,4,12.0,2,99.4,1,1,12.4,0.5,1.79,Activo,0,100.0,0,1.0,10.828703563190118,1,1
2023,4,Ing. Comercial,1,12,1,1,4,1,26,1,0,0,1,0,1,0,0,ninguno,7,8,6,13.046666666666669,8,10,7,13.30625,1,76.6,1,1,11.1,0.6,2.02,Abandono,1,50.0,0,1.0,12.447307716415434,0,1
2023,1,Ing. Comercio Internacional,2,14,1,0,1,0,45,1,0,0,1,0,0,0,1,ninguno,9,13,8,11.0,7,10,6,10.833333333333334,1,75.8,1,1,12.7,3.7,-1.7,Activo,0,12.5,0,0.0,10.577490776583263,0,1
2023,3,Lic. en Administración de Empresas,3,12,1,0,12,0,26,1,0,1,1,0,1,0,1,credito,6,10,3,12.333333333333334,6,14,3,11.666666666666666,3,56.9,1,1,7.6,2.6,0.32,Activo,0,37.5,0,2.0,11.345477216863044,1,1
2023,6,Ing. Financiera y de Riesgos,4,14,1,0,3,0,26,1,0,0,1,0,0,0,1,ninguno,11,16,10,11.8,7,7,7,13.285714285714286,1,78.1,0,0,7.6,2.6,0.32,Activo,0,75.0,0,1.0,11.633233743838478,0,0
2023,8,Lic. en Ciencia de Datos e Inteligencia de Negocios,5,12,1,0,1,0,25,1,0,0,1,0,0,0,0,ninguno,5,8,3,11.0,5,8,3,11.25,2,68.8,2,1,10.8,1.4,1.74,Activo,0,100.0,0,1.0,10.675576938702722,1,1
2024,4,Ing. Comercial,1,7,4,1,1,0,18,1,0,0,1,0,1,0,0,ninguno,8,8,8,13.11,8,8,8,13.11,0,86.7,1,1,9.4,-0.8,-3.12,Activo,0,50.0,0,0.0,12.511527073661401,0,1
2024,3,Ing. Comercio Internacional,2,4,1,1,3,0,27,1,0,0,1,0,1,0,1,ninguno,8,8,7,14.414285714285716,8,8,7,14.414285714285716,1,90.8,2,1,12.7,3.7,-1.7,Activo,0,37.5,0,0.0,13.456649092885304,0,1
2024,2,Lic. en Administración de Empresas,3,8,3,0,1,0,24,6,0,0,0,0,0,0,1,ninguno,5,5,0,0.0,5,10,0,0.0,5,91.9,0,0,10.8,1.4,1.74,Abandono,1,25.0,0,2.0,0.0,1,0
2023,3,Ing. Financiera y de Riesgos,4,8,1,1,1,0,20,1,0,0,1,0,1,0,0,ninguno,5,8,5,12.333333333333334,5,7,5,12.2,0,67.4,0,0,15.5,2.8,-4.06,Activo,0,37.5,0,0.0,11.715809324033987,0,0
2024,4,Lic. en Ciencia de Datos e Inteligencia de Negocios,5,1,1,1,1,0,18,1,0,1,1,0,1,0,1,beca,7,9,0,0.0,7,8,1,10.0,7,74.6,0,0,15.5,2.8,-4.06,Abandono,1,50.0,0,2.0,4.391624346313636,1,0
2025,3,Ing. Comercial,1,8,6,1,1,0,18,1,0,1,1,0,1,0,0,beca,7,9,7,14.1,8,8,8,13.3125,0,100.0,2,1,12.7,3.7,-1.7,Activo,0,37.5,0,0.0,13.04263306343771,0,1
2023,5,Ing. Comercio Internacional,2,1,4,1,1,0,18,1,0,0,1,0,1,0,0,ninguno,8,8,8,13.045,8,8,8,13.045,0,67.8,0,0,9.4,-0.8,-3.12,Activo,0,62.5,0,0.0,12.302606059107973,0,0
2024,8,Lic. en Administración de Empresas,3,1,1,1,1,1,19,1,0,0,1,0,1,0,0,ninguno,8,10,5,12.858,8,10,5,12.858,3,65.4,1,1,9.4,-0.8,-3.12,Activo,0,100.0,0,1.0,11.997515039358289,1,1
2024,4,Ing. Financiera y de Riesgos,4,13,3,1,1,0,19,1,0,1,1,0,1,0,0,credito,8,8,8,14.2525,8,8,8,14.2525,0,92.4,3,1,9.4,-0.8,-3.12,Activo,0,50.0,1,0.0,13.63602845596498,0,1
2024,3,Lic. en Ciencia de Datos e Inteligencia de Negocios,5,1,4,1,1,0,19,1,0,1,1,0,0,0,1,credito,7,9,5,14.06,7,9,7,11.242857142857142,2,80.3,2,1,12.4,0.5,1.79,Activo,0,37.5,2,1.0,11.779191916865473,1,1
2024,4,Ing. Comercial,1,1,4,1,1,0,18,1,0,0,1,0,1,0,0,ninguno,8,8,7,15.075714285714286,8,8,7,15.075714285714286,1,67.3,0,0,10.8,1.4,1.74,Activo,0,50.0,0,1.0,14.40210982276783,0,0
2023,8,Ing. Comercio Internacional,2,8,2,1,1,0,18,1,0,1,1,0,1,0,1,beca,0,0,0,0.0,0,0,0,0.0,0,57.6,1,1,12.7,3.7,-1.7,Activo,0,100.0,0,0.0,0.0,1,1
2023,7,Lic. en Administración de Empresas,3,14,2,1,1,0,19,1,0,0,1,0,1,0,0,ninguno,5,5,4,13.75,6,9,5,12.6,1,79.6,0,0,12.7,3.7,-1.7,Activo,0,87.5,1,0.0,12.414434420316411,0,0
2025,2,Ing. Financiera y de Riesgos,4,4,0,1,3,0,23,1,0,0,1,0,1,0,0,ninguno,17,28,17,13.15,12,22,12,13.214285714285714,0,91.8,3,1,15.5,2.8,-4.06,Activo,0,25.0,0,0.0,12.379737278822413,0,1
2024,1,Lic. en Ciencia de Datos e Inteligencia de Negocios,5,1,2,1,1,0,21,1,0,1,1,0,1,0,0,beca,6,9,5,12.333333333333334,6,7,5,11.8,1,87.3,1,1,13.9,-0.3,0.79,Activo,0,12.5,0,0.0,11.376032383726026,0,1
2025,8,Ing. Comercial,1,1,3,1,1,0,18,1,0,1,1,0,1,0,0,credito,7,8,7,13.778571428571428,8,10,8,13.122222222222222,0,74.5,0,0,16.2,0.3,-0.92,Activo,0,100.0,1,0.0,13.110766344202519,0,0
2024,5,Ing. Comercio Internacional,2,1,1,1,1,0,20,1,0,0,0,1,1,0,0,ninguno,6,12,3,10.333333333333334,6,14,1,11.0,3,87.8,0,0,10.8,1.4,1.74,Abandono,1,62.5,0,1.0,10.24774865405409,1,0
2024,1,Lic. en Administración de Empresas,3,14,1,1,1,0,23,1,0,0,1,0,1,0,0,ninguno,6,11,3,11.333333333333334,6,7,2,11.0,3,79.9,0,0,16.2,0.3,-0.92,Activo,0,12.5,0,1.0,10.666958262043508,1,0
2023,8,Ing. Financiera y de Riesgos,4,1,1,1,1,0,20,1,0,0,1,0,1,0,0,ninguno,6,7,5,13.2,6,6,6,12.666666666666666,1,85.2,0,0,10.8,1.4,1.74,Activo,0,100.0,0,1.0,12.435495409167288,0,0
2023,3,Lic. en Ciencia de Datos e Inteligencia de Negocios,5,1,1,1,1,0,18,1,0,1,1,0,0,0,0,mixto,6,8,6,13.571428571428571,6,11,6,12.375,0,78.9,2,1,13.9,-0.3,0.79,Activo,0,37.5,0,0.0,12.201819725541476,0,1
2023,3,Ing. Comercial,1,1,1,0,1,0,29,1,0,0,1,0,0,0,0,ninguno,11,14,11,12.75,7,7,7,13.428571428571429,0,80.8,0,0,9.4,-0.8,-3.12,Activo,0,37.5,1,0.0,12.776441651114173,0,0
2024,8,Ing. Comercio Internacional,2,12,1,1,7,1,28,1,0,0,1,0,1,0,0,ninguno,6,11,3,13.0,6,15,1,12.0,3,75.2,0,0,7.6,2.6,0.32,Abandono,1,100.0,0,2.0,11.671022756065335,1,0
2025,3,Lic. en Administración de Empresas,3,1,3,1,1,1,19,1,0,0,1,0,1,0,0,ninguno,5,7,3,11.333333333333334,5,7,4,11.0,2,89.9,0,0,9.4,-0.8,-3.12,Activo,0,37.5,0,1.0,10.680926934301814,1,0
2024,6,Ing. Financiera y de Riesgos,4,12,1,1,1,1,24,1,0,0,0,1,0,0,0,ninguno,6,12,0,0.0,6,9,0,0.0,6,73.6,0,0,10.8,1.4,1.74,Abandono,1,75.0,1,2.0,0.0,1,0
2025,5,Lic. en Ciencia de Datos e Inteligencia de Negocios,5,12,1,1,1,1,33,1,0,1,1,1,0,0,0,beca,0,0,0,0.0,0,0,0,0.0,0,64.6,1,1,15.5,2.8,-4.06,Abandono,1,62.5,0,0.0,0.0,1,1
2023,2,Ing. Comercial,1,8,1,1,1,1,19,1,0,0,0,0,1,0,1,ninguno,5,7,2,12.5,5,13,1,11.0,3,84.1,2,1,9.4,-0.8,-3.12,Abandono,1,25.0,1,1.0,11.29885207934273,1,1
2024,6,Ing. Comercio Internacional,2,1,1,1,1,1,19,1,0,0,1,0,0,0,1,ninguno,6,7,6,14.857142857142858,6,8,6,14.142857142857142,0,100.0,0,0,11.1,0.6,2.02,Activo,0,75.0,0,0.0,13.580870080497132,0,0
2023,7,Lic. en Administración de Empresas,3,12,1,0,1,1,37,4,0,0,1,0,0,0,0,ninguno,9,13,8,12.0,7,8,7,11.571428571428571,1,73.4,0,0,12.7,3.7,-1.7,Activo,0,87.5,0,0.0,11.425956140185688,0,0
2025,4,Ing. Financiera y de Riesgos,4,1,1,1,1,1,18,1,0,1,0,1,1,0,0,beca,0,0,0,0.0,0,0,0,0.0,0,78.2,2,1,12.7,3.7,-1.7,Activo,0,50.0,0,0.0,0.0,0,1
2024,6,Lic. en Ciencia de Datos e Inteligencia de Negocios,5,12,1,0,1,1,29,4,0,0,1,0,0,0,1,ninguno,5,5,0,0.0,5,5,0,0.0,5,95.3,1,1,7.6,2.6,0.32,Activo,0,75.0,0,3.0,0.0,1,1
2024,7,Ing. Comercial,1,12,1,1,13,1,37,2,0,0,1,0,0,0,1,ninguno,7,8,7,12.828571428571427,8,8,8,12.6875,0,87.3,0,0,13.9,-0.3,0.79,Activo,0,87.5,1,0.0,12.02694498819085,0,0
2024,1,Ing. Comercio Internacional,2,12,1,1,1,1,36,1,0,0,1,0,0,0,1,ninguno,7,0,0,0.0,8,0,0,0.0,7,71.9,3,1,12.4,0.5,1.79,Abandono,1,12.5,0,3.0,0.0,1,1
2023,2,Lic. en Administración de Empresas,3,1,2,1,1,1,19,1,0,0,1,0,1,0,0,ninguno,6,6,6,13.333333333333334,6,8,5,14.0,0,74.6,0,0,8.9,1.4,3.51,Activo,0,25.0,0,0.0,13.072134521223145,0,0
2025,6,Ing. Financiera y de Riesgos,4,13,1,1,1,1,33,1,0,1,1,0,1,0,1,mixto,14,20,14,13.072857142857144,14,20,14,13.072857142857144,0,87.7,3,1,9.4,-0.8,-3.12,Activo,0,75.0,0,0.0,12.278171076617383,0,1
2023,6,Lic. en Ciencia de Datos e Inteligencia de Negocios,5,13,1,1,1,1,34,1,0,0,0,0,0,0,0,ninguno,7,13,5,12.0,7,7,3,11.0,2,77.4,0,0,15.5,2.8,-4.06,Abandono,1,75.0,1,1.0,10.51871747964527,1,0
2024,5,Ing. Comercial,1,1,1,1,1,0,18,1,0,0,1,0,1,0,0,ninguno,6,6,6,15.5,6,6,6,16.0,0,81.2,1,1,12.4,0.5,1.79,Activo,0,62.5,0,0.0,14.824802897134397,0,1
2024,1,Ing. Comercio Internacional,2,15,1,1,14,0,20,1,0,0,1,0,1,0,1,ninguno,6,6,0,0.0,6,6,0,0.0,6,90.2,2,1,12.4,0.5,1.79,Abandono,1,12.5,1,2.0,0.0,1,1
2024,3,Lic. en Administración de Empresas,3,1,1,1,1,0,19,1,0,1,1,0,0,0,0,credito,6,7,6,14.714285714285714,6,6,6,15.166666666666666,0,75.6,1,1,13.9,-0.3,0.79,Activo,0,37.5,0,0.0,13.94173767497469,0,1
2025,2,Ing. Financiera y de Riesgos,4,1,3,1,1,0,20,1,0,0,1,0,1,0,0,ninguno,6,7,6,16.714285714285715,6,6,6,15.333333333333334,0,68.5,1,1,13.9,-0.3,0.79,Activo,0,25.0,0,0.0,15.721356259337785,0,1
2023,2,Lic. en Ciencia de Datos e Inteligencia de Negocios,5,1,1,1,1,0,19,1,0,1,1,0,1,0,1,beca,6,9,6,10.857142857142858,6,7,6,11.666666666666666,0,78.6,0,0,12.4,0.5,1.79,Activo,0,25.0,0,0.0,10.942563932838873,0,0
2023,8,Ing. Comercial,1,1,4,1,1,0,19,1,0,0,1,0,1,0,1,ninguno,7,8,6,11.658333333333331,8,11,6,12.416666666666666,1,84.4,0,0,12.4,0.5,1.79,Activo,0,100.0,2,0.0,11.160811639380162,0,0
2024,4,Ing. Comercio Internacional,2,9,2,1,1,0,22,1,1,1,1,0,1,0,0,beca,6,8,5,11.6,6,7,6,12.0,1,75.8,2,1,9.4,-0.8,-3.12,Activo,0,50.0,1,1.0,11.360376119216864,0,1
2025,2,Lic. en Administración de Empresas,3,1,1,1,1,0,18,1,0,0,1,0,1,0,0,ninguno,6,8,6,14.625,6,9,6,14.142857142857142,0,66.2,0,0,11.1,0.6,2.02,Activo,0,25.0,0,0.0,14.041390083551203,0,0
2025,2,Ing. Financiera y de Riesgos,4,1,1,1,1,0,18,1,0,1,1,0,0,0,0,beca,6,6,6,12.166666666666666,6,8,6,12.666666666666666,0,79.3,0,0,12.4,0.5,1.79,Activo,0,25.0,0,0.0,11.950663015401114,0,0
2025,2,Lic. en Ciencia de Datos e Inteligencia de Negocios,5,1,3,1,1,0,19,1,0,0,1,0,1,0,0,ninguno,7,12,4,13.375,7,8,6,12.116666666666667,3,74.4,0,0,12.4,0.5,1.79,Activo,0,25.0,0,2.0,12.147563225546731,1,0
2024,2,Ing. Comercial,1,1,1,1,1,0,19,1,0,1,1,0,0,0,0,mixto,6,6,6,12.5,6,6,6,12.833333333333334,0,82.5,1,1,12.7,3.7,-1.7,Activo,0,25.0,0,0.0,11.855270277363285,0,1
2024,1,Ing. Comercio Internacional,2,12,1,1,1,0,31,1,0,0,0,1,1,0,0,ninguno,7,8,5,12.56,7,8,5,12.56,2,82.0,0,0,7.6,2.6,0.32,Abandono,1,12.5,0,1.0,11.822965131414156,1,0
2023,7,Lic. en Administración de Empresas,3,8,5,1,1,0,18,1,0,0,1,0,1,0,0,ninguno,7,7,7,13.19,8,8,8,14.23125,0,85.4,0,0,11.1,0.6,2.02,Activo,0,87.5,1,0.0,13.244290147707707,0,0
2025,4,Ing. Financiera y de Riesgos,4,1,1,1,1,0,19,1,0,1,1,1,0,0,0,beca,6,11,3,11.0,6,9,4,11.25,3,69.2,1,1,10.8,1.4,1.74,Activo,0,50.0,0,2.0,10.472710686329592,1,1
2023,1,Lic. en Ciencia de Datos e Inteligencia de Negocios,5,1,1,1,1,0,18,1,0,0,1,0,1,0,1,ninguno,0,0,0,0.0,0,0,0,0.0,0,78.5,1,1,13.9,-0.3,0.79,Activo,0,12.5,0,0.0,0.0,0,1
2025,2,Ing. Comercial,1,8,1,1,1,0,19,1,0,1,1,0,0,0,0,mixto,6,11,5,11.6,6,10,6,11.714285714285714,1,78.4,3,1,15.5,2.8,-4.06,Activo,0,25.0,0,0.0,10.786637413254226,0,1
2024,1,Ing. Comercio Internacional,2,1,1,1,1,0,19,1,0,0,1,0,0,0,0,ninguno,7,7,6,14.266666666666666,7,7,6,14.266666666666666,1,87.0,0,0,7.6,2.6,0.32,Activo,0,12.5,0,0.0,13.74043381728441,0,0
2024,2,Lic. en Administración de Empresas,3,1,1,1,1,0,19,1,0,1,1,0,0,0,0,beca,5,6,4,11.0,5,9,4,13.857142857142858,1,77.6,0,0,10.8,1.4,1.74,Activo,0,25.0,0,1.0,11.440986235622441,0,0
2023,6,Ing. Financiera y de Riesgos,4,4,1,0,3,0,30,2,0,0,1,0,0,0,0,ninguno,10,11,9,12.666666666666666,7,7,7,12.428571428571429,1,62.8,1,1,7.6,2.6,0.32,Activo,0,75.0,1,0.0,11.751584767314455,1,1
2023,2,Lic. en Ciencia de Datos e Inteligencia de Negocios,5,14,1,1,1,0,18,1,0,0,1,0,1,0,0,ninguno,6,6,0,0.0,6,10,3,11.0,6,83.5,1,1,16.2,0.3,-0.92,Activo,0,25.0,0,3.0,5.156285451033253,1,1
2023,3,Ing. Comercial,1,9,6,1,1,0,18,1,0,0,1,0,1,0,1,ninguno,8,11,7,12.771428571428572,8,11,7,12.771428571428572,1,67.9,2,1,12.7,3.7,-1.7,Activo,0,37.5,0,0.0,12.446816072126525,0,1
2025,4,Ing. Comercio Internacional,2,9,5,1,1,0,21,1,0,0,1,0,1,0,0,ninguno,5,12,0,0.0,5,5,0,0.0,5,64.8,0,0,12.7,3.7,-1.7,Abandono,1,50.0,0,2.0,0.0,1,0
2024,4,Lic. en Administración de Empresas,3,15,1,1,1,0,19,1,0,1,1,0,0,0,0,beca,6,6,6,15.5,6,7,6,13.571428571428571,0,89.1,0,0,13.9,-0.3,0.79,Activo,0,50.0,0,0.0,13.726215178079181,0,0
2023,2,Ing. Financiera y de Riesgos,4,8,1,1,1,0,19,1,0,1,1,0,1,0,0,credito,6,7,6,13.285714285714286,6,9,5,14.6,0,64.9,0,0,12.4,0.5,1.79,Activo,0,25.0,0,0.0,13.514239894767444,1,0
2024,3,Lic. en Ciencia de Datos e Inteligencia de Negocios,5,1,5,1,1,0,19,1,0,0,1,0,1,0,0,ninguno,7,11,5,11.716666666666669,7,8,5,13.7,2,82.7,0,0,13.9,-0.3,0.79,Activo,0,37.5,0,1.0,12.05029259488715,1,0
2023,4,Ing. Comercial,1,8,1,1,1,0,19,1,0,0,1,0,1,0,1,ninguno,6,8,6,11.333333333333334,6,12,4,13.75,0,71.3,1,1,8.9,1.4,3.51,Abandono,1,50.0,0,0.0,12.176384582540086,0,1
2024,5,Ing. Comercio Internacional,2,1,2,1,1,0,19,1,0,1,1,0,1,0,0,beca,6,6,6,13.333333333333334,6,10,5,13.4,0,80.8,1,1,8.9,1.4,3.51,Activo,0,62.5,0,0.0,12.42204635618553,0,1
2025,3,Lic. en Administración de Empresas,3,12,1,0,1,0,39,2,0,1,1,0,0,0,0,beca,5,13,4,12.333333333333334,5,14,2,10.0,1,53.5,0,0,16.2,0.3,-0.92,Activo,0,37.5,0,0.0,10.625894237158171,1,0
2023,5,Ing. Financiera y de Riesgos,4,1,2,1,1,0,18,1,0,0,1,0,1,0,0,ninguno,6,6,6,12.333333333333334,6,6,6,12.833333333333334,0,68.7,2,1,7.6,2.6,0.32,Activo,0,62.5,0,0.0,11.647640893740892,0,1
2024,8,Lic. en Ciencia de Datos e Inteligencia de Negocios,5,8,1,1,1,0,20,1,0,0,1,0,1,0,0,ninguno,0,0,0,0.0,0,0,0,0.0,0,89.3,2,1,12.7,3.7,-1.7,Abandono,1,100.0,1,0.0,0.0,0,1
2025,1,Ing. Comercial,1,8,5,1,1,0,19,1,0,0,1,0,1,0,0,ninguno,5,8,5,12.6,5,9,4,11.6,0,95.5,3,1,8.9,1.4,3.51,Activo,0,12.5,1,0.0,11.795709946880423,0,1
2024,1,Ing. Comercio Internacional,2,8,3,1,1,0,18,1,0,0,1,0,1,0,0,ninguno,5,5,5,12.6,5,5,4,11.0,0,69.6,1,1,11.1,0.6,2.02,Activo,0,12.5,1,0.0,11.175105368960889,0,1
2025,4,Lic. en Administración de Empresas,3,12,1,1,1,0,34,2,0,0,0,1,0,0,0,ninguno,6,10,6,14.333333333333334,6,9,6,12.833333333333334,0,68.4,0,0,11.1,0.6,2.02,Activo,0,50.0,0,0.0,13.266074094338508,0,0
2024,3,Ing. Financiera y de Riesgos,4,1,2,1,1,0,22,1,0,0,1,0,0,0,1,ninguno,5,8,3,12.0,5,9,2,11.0,2,94.4,0,0,7.6,2.6,0.32,Activo,0,37.5,0,1.0,10.563915063587967,1,0
2024,2,Lic. en Ciencia de Datos e Inteligencia de Negocios,5,12,1,1,1,0,24,1,0,0,1,0,1,0,1,ninguno,6,7,6,14.857142857142858,6,10,5,13.6,0,83.8,0,0,13.9,-0.3,0.79,Activo,0,25.0,1,0.0,13.565686147257225,0,0
2025,7,Ing. Comercial,1,14,1,1,1,0,34,2,0,0,1,0,0,0,1,ninguno,15,17,12,11.916666666666666,13,13,11,13.181818181818182,3,69.8,1,1,7.6,2.6,0.32,Activo,0,87.5,0,1.0,12.196781615353476,1,1
2025,8,Ing. Comercio Internacional,2,12,1,0,1,0,46,2,0,0,1,0,1,0,1,ninguno,5,5,0,0.0,5,5,0,0.0,5,81.2,1,1,7.6,2.6,0.32,Abandono,1,100.0,0,2.0,0.0,1,1
2023,7,Lic. en Administración de Empresas,3,12,2,1,1,0,50,2,0,0,1,0,0,0,0,ninguno,5,12,3,13.333333333333334,5,8,5,12.2,2,73.4,0,0,9.4,-0.8,-3.12,Activo,0,87.5,1,1.0,12.198210349521748,1,0
2024,2,Ing. Financiera y de Riesgos,4,12,1,0,1,0,37,1,0,0,0,0,0,0,1,ninguno,5,5,0,0.0,5,5,0,0.0,5,96.4,0,0,15.5,2.8,-4.06,Abandono,1,25.0,1,2.0,0.0,1,0
2024,4,Lic. en Ciencia de Datos e Inteligencia de Negocios,5,1,2,1,1,0,18,1,0,0,1,0,1,0,0,ninguno,6,6,6,17.0,6,6,6,15.5,0,90.9,0,0,8.9,1.4,3.51,Activo,0,50.0,0,0.0,15.464963593902343,0,0
2024,1,Ing. Comercial,1,12,1,1,1,0,25,1,0,1,1,0,0,0,0,mixto,6,13,3,11.666666666666666,6,14,2,11.333333333333334,3,85.9,0,0,11.1,0.6,2.02,Activo,0,12.5,0,1.0,10.592666793667608,1,0
2024,1,Ing. Comercio Internacional,2,12,1,1,1,0,46,2,0,0,1,0,0,0,1,ninguno,19,24,19,12.210526315789474,13,13,13,11.384615384615383,0,69.8,2,1,15.5,2.8,-4.06,Activo,0,12.5,1,0.0,11.241051197764444,0,1
2024,2,Lic. en Administración de Empresas,3,12,1,1,1,0,30,2,0,1,1,0,0,0,0,beca,6,8,6,13.0,6,9,5,12.857142857142858,0,59.1,0,0,13.9,-0.3,0.79,Activo,0,25.0,1,0.0,12.59832183888643,1,0
2024,6,Ing. Financiera y de Riesgos,4,1,1,0,1,0,37,4,0,0,0,1,0,0,1,ninguno,5,0,0,0.0,5,0,0,0.0,5,83.0,1,1,12.7,3.7,-1.7,Abandono,1,75.0,0,2.0,0.0,1,1
2025,3,Lic. en Ciencia de Datos e Inteligencia de Negocios,5,12,1,0,1,0,50,2,0,0,1,0,0,0,0,ninguno,5,9,2,10.5,5,7,3,11.0,3,85.7,0,0,12.7,3.7,-1.7,Activo,0,37.5,0,1.0,10.43797890653634,1,0
2025,7,Ing. Comercial,1,15,1,1,14,0,20,1,0,0,1,0,1,0,0,ninguno,6,7,6,13.571428571428571,6,9,6,12.714285714285714,0,81.2,0,0,12.4,0.5,1.79,Activo,0,87.5,0,0.0,12.17950098570038,0,0
2024,3,Ing. Comercio Internacional,2,12,2,1,9,0,39,2,0,0,1,0,0,0,0,ninguno,3,7,1,14.0,2,4,0,0.0,2,78.1,0,0,11.1,0.6,2.02,Abandono,1,37.5,2,0.0,6.441925803305598,1,0
2023,3,Lic. en Administración de Empresas,3,12,1,1,12,0,53,2,0,0,0,0,0,0,0,ninguno,5,5,0,0.0,4,5,0,0.0,5,89.2,1,1,15.5,2.8,-4.06,Abandono,1,37.5,0,2.0,0.0,1,1
2025,5,Ing. Financiera y de Riesgos,4,13,1,1,1,0,54,2,0,0,1,0,1,0,1,ninguno,15,20,13,12.461538461538462,13,13,10,11.1,2,78.0,0,0,15.5,2.8,-4.06,Abandono,1,62.5,0,1.0,10.998359168562075,1,0
2025,3,Lic. en Ciencia de Datos e Inteligencia de Negocios,5,15,1,1,14,0,19,1,0,0,1,0,1,0,0,ninguno,6,8,4,14.4,6,6,5,13.0,2,77.1,0,0,13.9,-0.3,0.79,Activo,0,37.5,0,1.0,12.713621787178052,1,0
2024,5,Ing. Comercial,1,9,2,1,1,0,20,1,0,0,0,0,1,0,0,ninguno,6,6,0,0.0,6,0,0,0.0,6,74.1,0,0,8.9,1.4,3.51,Abandono,1,62.5,1,2.0,0.0,1,0
2023,3,Ing. Comercio Internacional,2,1,3,1,1,0,18,1,0,0,1,1,1,0,1,ninguno,6,6,6,14.333333333333334,6,6,6,14.166666666666666,0,70.3,0,0,8.9,1.4,3.51,Activo,0,37.5,0,0.0,13.837344092158308,0,0
2025,1,Lic. en Administración de Empresas,3,17,1,1,16,0,21,1,0,0,1,1,0,0,0,ninguno,13,21,11,11.909090909090908,11,14,11,10.727272727272728,2,81.9,0,0,8.9,1.4,3.51,Activo,0,12.5,0,1.0,10.89130835393551,1,0
2023,1,Ing. Financiera y de Riesgos,4,9,3,1,1,0,18,1,0,0,1,0,1,0,0,ninguno,6,8,6,13.714285714285714,6,8,6,14.375,0,84.4,1,1,13.9,-0.3,0.79,Activo,0,12.5,0,0.0,13.348765616909095,0,1
2024,1,Lic. en Ciencia de Datos e Inteligencia de Negocios,5,1,1,1,1,0,19,1,0,0,1,1,1,0,0,ninguno,7,0,0,0.0,8,0,0,0.0,7,91.0,3,1,11.1,0.6,2.02,Abandono,1,12.5,1,4.0,0.0,1,1
2025,5,Ing. Comercial,1,8,1,1,1,0,18,1,0,1,1,0,1,0,0,mixto,7,10,5,13.46,7,8,7,12.2375,2,77.4,0,0,11.1,0.6,2.02,Abandono,1,62.5,0,1.0,12.031157460433896,1,0
2024,1,Ing. Comercio Internacional,2,1,1,1,1,0,19,1,0,0,1,0,1,0,0,ninguno,6,6,6,15.0,6,6,6,13.333333333333334,0,74.8,0,0,11.1,0.6,2.02,Activo,0,12.5,0,0.0,13.739931414336164,0,0
2024,3,Lic. en Administración de Empresas,3,1,1,1,1,0,18,1,0,1,1,0,1,0,0,beca,0,0,0,0.0,0,0,0,0.0,0,82.3,3,1,13.9,-0.3,0.79,Abandono,1,37.5,0,0.0,0.0,0,1
2025,5,Ing. Financiera y de Riesgos,4,1,2,1,1,0,19,1,0,0,1,0,1,0,0,ninguno,6,7,5,13.4,6,6,5,12.8,1,60.3,0,0,12.7,3.7,-1.7,Activo,0,62.5,0,0.0,12.352882520597536,1,0
2025,5,Lic. en Ciencia de Datos e Inteligencia de Negocios,5,14,1,0,9,0,48,4,0,0,1,0,1,0,1,ninguno,6,9,5,13.0,6,10,4,12.5,1,63.1,0,0,7.6,2.6,0.32,Activo,0,62.5,0,0.0,11.857067156790611,1,0
2023,4,Ing. Comercial,1,14,1,1,1,0,34,4,0,0,1,1,0,0,1,ninguno,6,13,4,11.25,6,8,4,13.75,2,66.7,0,0,13.9,-0.3,0.79,Activo,0,50.0,2,1.0,11.82195399930108,1,0
2023,6,Ing. Comercio Internacional,2,1,1,1,1,0,18,1,0,0,1,0,0,0,0,ninguno,5,5,5,12.6,5,7,5,11.6,0,78.8,1,1,7.6,2.6,0.32,Activo,0,75.0,0,0.0,11.510006206687082,0,1
2024,8,Lic. en Administración de Empresas,3,12,1,0,1,0,50,2,0,0,1,0,0,0,1,ninguno,6,8,6,12.666666666666666,6,6,6,11.833333333333334,0,63.6,1,1,10.8,1.4,1.74,Activo,0,100.0,1,0.0,11.265971965383503,1,1
2023,7,Ing. Financiera y de Riesgos,4,14,1,1,1,0,41,1,0,0,1,1,0,0,0,ninguno,21,23,21,12.333333333333334,19,19,19,12.105263157894736,0,77.5,0,0,12.4,0.5,1.79,Activo,0,87.5,0,0.0,11.511813286040148,0,0
2025,3,Lic. en Ciencia de Datos e Inteligencia de Negocios,5,8,2,1,1,0,22,1,0,1,1,0,1,0,1,mixto,6,11,5,12.0,6,11,5,11.0,1,58.7,0,0,7.6,2.6,0.32,Abandono,1,37.5,0,0.0,10.593188492040575,1,0
2024,8,Ing. Comercial,1,12,1,1,1,0,43,4,0,0,1,0,0,0,0,ninguno,5,5,5,16.4,5,5,5,16.6,0,66.4,1,1,7.6,2.6,0.32,Activo,0,100.0,0,0.0,15.532695322543598,0,1
2024,6,Ing. Comercio Internacional,2,12,1,0,12,0,50,2,0,0,1,0,0,0,0,ninguno,1,1,0,0.0,6,0,0,0.0,1,83.9,0,0,10.8,1.4,1.74,Abandono,1,75.0,0,0.0,0.0,0,0
2024,2,Lic. en Administración de Empresas,3,12,1,1,12,0,60,1,0,0,1,0,0,0,1,ninguno,6,10,6,12.75,6,6,4,14.75,0,65.2,3,1,13.9,-0.3,0.79,Activo,0,25.0,1,0.0,13.065742925036927,0,1
2023,2,Ing. Financiera y de Riesgos,4,12,1,1,1,0,41,2,0,0,1,0,0,0,1,ninguno,5,14,4,14.5,5,12,5,13.0,1,88.8,0,0,9.4,-0.8,-3.12,Activo,0,25.0,0,0.0,13.447542404362544,0,0
2024,1,Lic. en Ciencia de Datos e Inteligencia de Negocios,5,12,1,0,12,0,47,2,0,0,1,0,0,0,0,ninguno,5,5,5,14.8,5,5,5,14.4,0,78.6,1,1,7.6,2.6,0.32,Activo,0,12.5,0,0.0,14.271986251482698,0,1
2025,5,Ing. Comercial,1,1,1,1,3,0,22,1,0,0,1,0,0,0,0,ninguno,17,22,17,10.36842105263158,17,18,17,11.5,0,89.1,0,0,11.1,0.6,2.02,Activo,0,62.5,0,0.0,10.49361467508001,0,0
2025,1,Ing. Comercio Internacional,2,12,1,1,1,0,41,2,0,0,1,0,0,0,0,ninguno,7,0,0,0.0,8,0,0,0.0,7,78.3,3,1,10.8,1.4,1.74,Abandono,1,12.5,0,3.0,0.0,1,1
2025,6,Lic. en Administración de Empresas,3,14,1,0,1,0,28,2,0,0,1,0,0,0,1,ninguno,10,15,6,10.666666666666666,10,17,9,11.333333333333334,4,79.6,2,1,7.6,2.6,0.32,Activo,0,75.0,1,1.0,10.521668843360109,1,1
2025,1,Ing. Financiera y de Riesgos,4,13,1,1,2,0,32,5,0,0,1,0,0,0,0,ninguno,15,21,13,12.692307692307692,15,22,13,12.384615384615383,2,86.5,2,1,10.8,1.4,1.74,Activo,0,12.5,0,1.0,12.025007292073173,1,1
2024,8,Lic. en Ciencia de Datos e Inteligencia de Negocios,5,12,1,0,9,0,50,2,0,0,1,0,1,0,1,ninguno,5,0,0,0.0,5,0,0,0.0,5,79.9,2,1,7.6,2.6,0.32,Abandono,1,100.0,1,1.0,0.0,1,1
2024,1,Ing. Comercial,1,16,1,1,1,0,53,1,0,0,1,0,0,0,0,ninguno,15,15,15,11.8,13,13,12,11.666666666666666,0,81.9,0,0,8.9,1.4,3.51,Activo,0,12.5,1,0.0,11.13895695028512,0,0
2025,5,Ing. Comercio Internacional,2,12,1,1,1,0,54,1,1,0,0,1,0,0,0,ninguno,7,7,0,0.0,5,10,0,0.0,7,71.6,0,0,12.4,0.5,1.79,Abandono,1,62.5,0,4.0,0.0,1,0
2024,5,Lic. en Administración de Empresas,3,12,1,0,1,0,49,1,0,0,1,0,0,0,1,ninguno,6,9,5,12.333333333333334,6,12,4,11.5,1,74.7,0,0,13.9,-0.3,0.79,Activo,0,62.5,0,0.0,11.587013314299721,0,0
2023,8,Ing. Financiera y de Riesgos,4,13,1,1,1,0,34,2,0,0,1,0,0,0,0,ninguno,12,18,11,13.0,13,22,8,11.875,1,82.9,0,0,12.7,3.7,-1.7,Abandono,1,100.0,0,1.0,11.665738885648883,0,0
2025,7,Lic. en Ciencia de Datos e Inteligencia de Negocios,5,12,1,0,1,0,45,4,0,0,1,0,0,0,1,ninguno,6,13,4,12.5,6,8,3,11.666666666666666,2,77.6,0,0,16.2,0.3,-0.92,Abandono,1,87.5,0,1.0,11.407198955943178,1,0
2023,1,Ing. Comercial,1,12,1,0,12,0,47,4,0,1,1,0,0,0,1,beca,6,8,5,12.2,6,10,4,11.25,1,73.9,2,1,12.4,0.5,1.79,Activo,0,12.5,0,0.0,11.114099058445916,0,1
2025,1,Ing. Comercio Internacional,2,14,1,1,1,0,22,1,0,0,1,0,1,0,1,ninguno,10,15,8,11.0,7,16,5,11.2,2,82.7,1,1,9.4,-0.8,-3.12,Activo,0,12.5,2,1.0,10.355892041182154,1,1
2025,3,Lic. en Administración de Empresas,3,12,1,0,1,0,33,2,0,0,1,0,0,0,1,ninguno,5,14,1,10.0,5,13,2,12.0,4,84.0,0,0,12.4,0.5,1.79,Abandono,1,37.5,0,2.0,10.120624414957522,1,0
2024,1,Ing. Financiera y de Riesgos,4,12,1,0,1,0,43,2,0,1,1,0,0,0,0,credito,6,7,6,12.333333333333334,6,8,6,11.5,0,88.8,1,1,8.9,1.4,3.51,Activo,0,12.5,0,0.0,11.317281630285324,0,1
2024,3,Lic. en Ciencia de Datos e Inteligencia de Negocios,5,4,1,1,3,0,54,1,0,0,1,0,0,0,0,ninguno,13,13,13,14.307692307692308,12,15,12,15.23076923076923,0,78.7,2,1,15.5,2.8,-4.06,Activo,0,37.5,0,0.0,14.020447143694385,0,1
2023,2,Ing. Comercial,1,12,1,0,2,0,39,1,0,0,1,0,0,0,0,ninguno,11,13,11,14.454545454545457,8,8,8,13.5,0,93.0,0,0,12.7,3.7,-1.7,Activo,0,25.0,0,0.0,13.009772170588118,0,0
2024,2,Ing. Comercio Internacional,2,12,1,0,1,0,39,2,0,0,1,0,0,0,1,ninguno,5,6,5,11.0,5,5,5,13.2,0,55.5,0,0,7.6,2.6,0.32,Activo,0,25.0,0,0.0,11.212262852896908,1,0
2024,4,Lic. en Administración de Empresas,3,1,1,1,1,0,18,1,0,1,1,0,0,0,0,beca,6,8,6,13.142857142857142,6,6,6,12.833333333333334,0,83.4,2,1,15.5,2.8,-4.06,Activo,0,50.0,0,0.0,12.389894670743551,0,1
2025,4,Ing. Financiera y de Riesgos,4,8,1,1,1,0,19,1,0,1,1,0,0,0,0,beca,6,8,6,13.75,6,7,6,11.857142857142858,0,73.5,0,0,16.2,0.3,-0.92,Activo,0,50.0,0,0.0,12.052269642101109,0,0
2025,1,Lic. en Ciencia de Datos e Inteligencia de Negocios,5,8,4,1,1,0,18,1,0,1,1,0,1,0,1,beca,6,6,6,14.0,6,9,5,13.8,0,81.1,3,1,8.9,1.4,3.51,Activo,0,12.5,1,0.0,13.476050354658842,0,1
2025,6,Ing. Comercial,1,12,1,0,9,0,44,2,0,0,1,0,0,0,1,ninguno,8,13,8,13.75,6,9,6,12.5,0,85.9,3,1,7.6,2.6,0.32,Activo,0,75.0,0,0.0,12.432634470573436,0,1
2025,5,Ing. Comercio Internacional,2,12,1,0,1,0,27,1,0,0,1,0,0,0,1,ninguno,5,5,0,0.0,5,6,0,0.0,5,82.4,1,1,12.4,0.5,1.79,Abandono,1,62.5,0,1.0,0.0,1,1
2023,2,Lic. en Administración de Empresas,3,1,2,1,1,0,18,1,0,1,1,0,1,0,0,beca,6,6,6,13.166666666666666,6,8,6,12.428571428571429,0,75.8,0,0,8.9,1.4,3.51,Activo,0,25.0,0,0.0,12.134798466977282,0,0
2025,4,Ing. Financiera y de Riesgos,4,14,1,0,1,0,45,2,0,0,1,0,0,0,1,ninguno,12,12,9,12.444444444444445,7,8,6,12.0,3,95.8,1,1,9.4,-0.8,-3.12,Abandono,1,50.0,0,1.0,11.27287541278912,1,1
2024,6,Lic. en Ciencia de Datos e Inteligencia de Negocios,5,8,4,1,1,0,20,1,0,0,1,0,1,0,0,ninguno,6,7,6,12.666666666666666,6,7,5,13.0,0,84.6,1,1,7.6,2.6,0.32,Activo,0,75.0,0,0.0,12.24819888898105,0,1
2025,1,Ing. Comercial,1,1,1,0,1,0,40,2,0,0,1,0,0,0,1,ninguno,6,7,6,11.333333333333334,6,7,6,10.5,0,79.5,0,0,10.8,1.4,1.74,Activo,0,12.5,0,0.0,9.917475287637426,0,0
2024,2,Ing. Comercio Internacional,2,12,1,0,1,0,40,1,0,0,1,0,0,0,1,ninguno,5,9,4,11.25,5,6,5,12.0,1,83.9,0,0,13.9,-0.3,0.79,Activo,0,25.0,0,0.0,10.919545975340709,0,0
2025,3,Lic. en Administración de Empresas,3,14,1,1,1,0,18,1,0,0,1,0,0,0,0,ninguno,7,8,7,13.6125,8,8,8,14.575,0,90.7,0,0,13.9,-0.3,0.79,Activo,0,37.5,0,0.0,13.764161704034846,0,0
2025,7,Ing. Financiera y de Riesgos,4,9,6,1,1,0,21,1,0,0,1,0,1,0,0,ninguno,8,8,7,12.414285714285716,8,8,7,12.414285714285716,1,100.0,2,1,12.7,3.7,-1.7,Activo,0,87.5,0,0.0,11.703557356601745,0,1
2024,4,Lic. en Ciencia de Datos e Inteligencia de Negocios,5,8,2,1,1,0,20,1,0,0,1,0,1,0,0,ninguno,0,0,0,0.0,0,0,0,0.0,0,87.8,0,0,9.4,-0.8,-3.12,Activo,0,50.0,0,0.0,0.0,0,0
2024,8,Ing. Comercial,1,14,1,0,2,0,36,2,0,0,1,0,0,0,1,ninguno,12,21,11,11.5,12,22,12,11.4375,1,66.9,3,1,9.4,-0.8,-3.12,Activo,0,100.0,1,0.0,11.146013074574874,0,1
2023,2,Ing. Comercio Internacional,2,4,1,0,3,0,27,2,0,0,1,0,0,0,1,ninguno,5,5,0,0.0,6,0,0,0.0,5,85.9,1,1,9.4,-0.8,-3.12,Abandono,1,25.0,0,2.0,0.0,1,1
2024,7,Lic. en Administración de Empresas,3,12,1,1,1,0,32,2,1,0,1,0,0,0,0,ninguno,7,10,7,11.0,8,8,8,13.125,0,69.7,0,0,12.7,3.7,-1.7,Activo,0,87.5,0,0.0,11.56948925411347,0,0
2024,3,Ing. Financiera y de Riesgos,4,8,1,1,1,0,18,1,0,1,1,0,1,0,0,beca,6,6,6,14.0,6,6,6,13.5,0,97.7,2,1,8.9,1.4,3.51,Activo,0,37.5,2,0.0,12.892416012167452,0,1
2025,2,Lic. en Ciencia de Datos e Inteligencia de Negocios,5,12,1,0,1,0,37,1,0,0,1,0,0,0,1,ninguno,6,13,4,12.0,6,10,3,12.0,2,74.1,3,1,16.2,0.3,-0.92,Abandono,1,25.0,0,1.0,11.498247691930892,1,1
2023,8,Ing. Comercial,1,8,1,1,1,0,19,1,0,0,1,0,1,0,0,ninguno,6,7,6,12.5,6,7,6,12.5,0,76.7,0,0,10.8,1.4,1.74,Activo,0,100.0,1,0.0,12.063971552288358,0,0
2024,6,Ing. Comercio Internacional,2,12,2,0,1,0,41,4,0,1,1,0,0,0,1,beca,6,8,6,11.333333333333334,6,9,6,11.333333333333334,0,79.5,0,0,10.8,1.4,1.74,Activo,0,75.0,0,0.0,10.351578431460235,0,0
2024,2,Lic. en Administración de Empresas,3,1,4,1,1,0,18,2,0,1,1,0,0,0,1,beca,7,7,6,14.066666666666668,7,7,6,14.066666666666668,1,71.4,0,0,7.6,2.6,0.32,Activo,0,25.0,0,1.0,13.513514937238154,0,0
2023,2,Ing. Financiera y de Riesgos,4,14,1,1,1,0,21,1,0,0,1,0,0,0,1,ninguno,9,14,8,13.555555555555555,7,10,7,13.571428571428571,1,86.7,0,0,7.6,2.6,0.32,Activo,0,25.0,1,0.0,12.842528715481851,0,0
2024,7,Lic. en Ciencia de Datos e Inteligencia de Negocios,5,15,1,1,1,0,23,1,0,0,0,1,1,0,0,ninguno,6,13,5,11.6,6,11,4,12.25,1,74.0,0,0,12.4,0.5,1.79,Abandono,1,87.5,0,0.0,11.19801295502987,0,0
2025,1,Ing. Comercial,1,8,2,1,1,0,18,1,0,0,1,0,1,0,0,ninguno,6,0,0,0.0,6,0,0,0.0,6,83.3,1,1,13.9,-0.3,0.79,Abandono,1,12.5,0,2.0,0.0,1,1
2025,3,Ing. Comercio Internacional,2,1,6,1,1,0,18,1,0,0,1,0,1,0,1,ninguno,8,8,8,13.27625,8,8,8,13.27625,0,69.8,0,0,9.4,-0.8,-3.12,Activo,0,37.5,0,0.0,12.335962979535148,0,0
2023,7,Lic. en Administración de Empresas,3,14,4,1,1,0,21,1,0,0,1,0,0,0,0,ninguno,6,0,0,0.0,6,0,0,0.0,6,72.7,1,1,7.6,2.6,0.32,Abandono,1,87.5,0,2.0,0.0,1,1
2024,1,Ing. Financiera y de Riesgos,4,1,2,1,1,0,19,1,0,0,1,0,1,0,0,ninguno,6,8,6,14.375,6,8,6,14.75,0,91.9,1,1,7.6,2.6,0.32,Activo,0,12.5,1,0.0,13.97988689712655,0,1
2023,2,Lic. en Ciencia de Datos e Inteligencia de Negocios,5,12,2,1,1,0,47,6,0,0,1,0,0,0,1,ninguno,5,0,0,0.0,5,0,0,0.0,5,91.4,0,0,9.4,-0.8,-3.12,Abandono,1,25.0,0,1.0,0.0,1,0
2023,5,Ing. Comercial,1,12,1,0,1,0,48,6,0,1,1,0,0,0,0,beca,6,7,6,10.666666666666666,6,9,5,11.8,0,65.9,1,1,10.8,1.4,1.74,Activo,0,62.5,0,0.0,10.806589303952158,0,1
2023,3,Ing. Comercio Internacional,2,4,1,0,3,0,39,2,0,0,1,0,0,0,0,ninguno,13,19,12,13.416666666666666,10,10,10,14.5,1,74.3,0,0,16.2,0.3,-0.92,Activo,0,37.5,0,0.0,13.27736760300604,0,0
2024,5,Lic. en Administración de Empresas,3,1,1,1,1,0,19,1,0,0,1,0,1,0,0,ninguno,7,9,6,12.97166666666667,8,9,7,12.321428571428571,1,86.8,0,0,11.1,0.6,2.02,Activo,0,62.5,0,0.0,11.68116235868699,0,0
2024,6,Ing. Financiera y de Riesgos,4,14,1,0,2,0,38,1,0,0,1,0,0,0,1,ninguno,15,16,14,10.928571428571429,14,16,12,11.833333333333334,1,77.5,0,0,9.4,-0.8,-3.12,Abandono,1,75.0,0,0.0,10.643174040036092,0,0
2025,3,Lic. en Ciencia de Datos e Inteligencia de Negocios,5,12,1,1,12,0,27,5,0,0,0,1,0,0,1,ninguno,6,6,0,0.0,6,7,0,0.0,6,87.2,0,0,8.9,1.4,3.51,Abandono,1,37.5,0,2.0,0.0,1,0
2024,1,Ing. Comercial,1,1,1,1,1,0,18,1,0,1,1,0,1,0,0,beca,0,0,0,0.0,0,0,0,0.0,0,73.9,0,0,12.4,0.5,1.79,Activo,0,12.5,0,0.0,0.0,0,0
2024,3,Ing. Comercio Internacional,2,12,1,0,1,0,34,1,0,0,1,0,0,0,0,ninguno,6,6,4,13.25,6,6,0,0.0,2,89.6,0,0,12.7,3.7,-1.7,Activo,0,37.5,0,1.0,5.7374403955234765,1,0
2023,4,Lic. en Administración de Empresas,3,12,1,1,12,0,48,2,0,0,1,0,0,0,0,ninguno,6,14,6,11.333333333333334,6,11,5,12.4,0,82.9,2,1,15.5,2.8,-4.06,Abandono,1,50.0,0,0.0,10.905525150774997,0,1
2024,3,Ing. Financiera y de Riesgos,4,12,1,1,1,0,25,1,0,0,1,0,0,0,1,ninguno,5,6,1,11.0,5,5,0,0.0,4,75.7,1,1,7.6,2.6,0.32,Abandono,1,37.5,0,2.0,5.008954790727084,1,1
2023,3,Lic. en Ciencia de Datos e Inteligencia de Negocios,5,12,1,1,1,0,32,2,0,1,1,0,0,0,0,beca,8,9,7,12.757142857142856,8,9,7,12.757142857142856,1,72.5,0,0,12.7,3.7,-1.7,Activo,0,37.5,3,0.0,12.338380100263153,0,0
2023,4,Ing. Comercial,1,1,1,1,1,0,18,1,0,1,1,0,0,0,1,beca,6,6,6,14.5,6,6,6,14.666666666666666,0,57.8,1,1,16.2,0.3,-0.92,Activo,0,50.0,1,0.0,13.944539808100554,1,1
2024,6,Ing. Comercio Internacional,2,15,1,0,14,0,20,1,0,0,1,1,0,0,1,ninguno,6,6,6,13.833333333333334,6,7,6,14.571428571428571,0,58.5,0,0,12.4,0.5,1.79,Activo,0,75.0,0,0.0,13.411077253604002,1,0
2025,1,Lic. en Administración de Empresas,3,1,1,1,1,0,20,1,0,0,1,0,1,0,0,ninguno,5,8,4,11.25,5,7,5,10.4,1,74.1,1,1,7.6,2.6,0.32,Activo,0,12.5,0,0.0,10.365966122772448,0,1
2024,4,Ing. Financiera y de Riesgos,4,1,1,1,1,0,20,1,0,0,1,0,1,0,1,ninguno,0,0,0,0.0,0,0,0,0.0,0,66.9,0,0,9.4,-0.8,-3.12,Abandono,1,50.0,0,0.0,0.0,0,0
2025,8,Lic. en Ciencia de Datos e Inteligencia de Negocios,5,1,3,1,1,0,19,1,0,0,1,0,1,0,0,ninguno,8,10,1,13.67,8,10,1,13.67,7,73.1,0,0,9.4,-0.8,-3.12,Activo,0,100.0,0,1.0,13.129945418914307,1,0
2023,6,Ing. Comercial,1,12,1,0,7,0,39,1,0,0,1,0,1,0,1,ninguno,5,9,0,0.0,5,5,2,12.5,5,81.2,0,0,7.6,2.6,0.32,Abandono,1,75.0,0,2.0,5.271798465172548,1,0
2025,1,Ing. Comercio Internacional,2,1,1,1,1,0,29,1,0,0,1,1,1,0,1,ninguno,5,10,1,13.0,5,14,0,0.0,4,79.5,0,0,10.8,1.4,1.74,Abandono,1,12.5,0,2.0,5.713522777575907,1,0
2023,4,Lic. en Administración de Empresas,3,12,1,0,1,0,36,1,0,0,1,1,0,0,0,ninguno,5,5,0,0.0,5,5,0,0.0,5,81.0,0,0,12.7,3.7,-1.7,Abandono,1,50.0,0,2.0,0.0,1,0
2025,1,Ing. Financiera y de Riesgos,4,1,6,1,1,0,18,1,0,0,1,0,1,0,0,ninguno,8,12,7,11.971428571428572,8,12,7,11.971428571428572,1,73.4,2,1,12.7,3.7,-1.7,Activo,0,12.5,0,0.0,11.536625303285783,0,1
2024,1,Lic. en Ciencia de Datos e Inteligencia de Negocios,5,12,1,0,9,0,51,2,0,0,1,0,0,0,1,ninguno,6,12,0,0.0,6,11,0,0.0,6,78.4,0,0,7.6,2.6,0.32,Abandono,1,12.5,0,2.0,0.0,1,0
2024,5,Ing. Comercial,1,14,1,1,1,0,23,1,1,0,1,1,0,0,0,ninguno,6,11,1,16.0,6,8,4,12.25,5,75.5,0,0,7.6,2.6,0.32,Abandono,1,62.5,0,2.0,13.706112396689127,1,0
2025,3,Ing. Comercio Internacional,2,15,1,1,1,0,21,1,0,0,1,0,1,0,1,ninguno,6,0,0,0.0,6,0,0,0.0,6,73.9,3,1,10.8,1.4,1.74,Abandono,1,37.5,1,3.0,0.0,1,1
2023,7,Lic. en Administración de Empresas,3,14,5,1,1,0,28,1,0,0,0,0,1,0,0,ninguno,6,9,4,12.75,5,5,0,0.0,2,86.7,1,1,9.4,-0.8,-3.12,Abandono,1,87.5,0,1.0,5.440280339199212,1,1
2024,5,Ing. Financiera y de Riesgos,4,12,1,0,1,0,34,2,0,0,1,0,0,0,1,ninguno,5,9,4,11.0,5,10,4,10.75,1,91.9,0,0,7.6,2.6,0.32,Activo,0,62.5,0,0.0,9.876644763137168,0,0
2025,1,Lic. en Ciencia de Datos e Inteligencia de Negocios,5,12,1,0,1,0,41,1,0,0,1,0,0,0,1,ninguno,2,2,0,0.0,6,0,0,0.0,2,92.2,2,1,12.7,3.7,-1.7,Abandono,1,12.5,0,1.0,0.0,1,1
2023,3,Ing. Comercial,1,12,1,0,3,0,43,4,0,1,1,0,0,0,0,beca,6,7,5,12.2,6,6,6,12.333333333333334,1,85.2,1,1,9.4,-0.8,-3.12,Activo,0,37.5,1,0.0,11.92850087545187,0,1
2023,4,Ing. Comercio Internacional,2,12,2,1,1,0,28,2,1,0,1,0,1,0,0,ninguno,7,9,7,12.428571428571429,8,8,8,12.3,0,81.0,2,1,12.4,0.5,1.79,Activo,0,50.0,0,0.0,11.833473939283365,0,1
2023,3,Lic. en Administración de Empresas,3,1,1,1,1,0,19,1,0,1,1,0,0,0,0,beca,12,12,12,14.5,11,15,11,13.583333333333334,0,73.4,0,0,8.9,1.4,3.51,Activo,0,37.5,0,0.0,13.418505240133678,0,0
2024,6,Ing. Financiera y de Riesgos,4,12,1,1,1,0,26,1,0,0,1,0,0,0,0,ninguno,12,13,6,13.0,12,14,11,13.833333333333334,6,99.0,2,1,15.5,2.8,-4.06,Activo,0,75.0,0,2.0,12.97329179371357,1,1
2024,3,Lic. en Ciencia de Datos e Inteligencia de Negocios,5,1,4,1,1,0,18,1,0,0,1,0,1,0,1,ninguno,7,7,7,11.714285714285714,8,8,8,12.75,0,80.3,0,0,12.4,0.5,1.79,Activo,0,37.5,0,0.0,11.721145418883866,0,0
2025,7,Ing. Comercial,1,12,1,1,1,0,45,2,0,0,1,0,0,0,1,ninguno,7,12,4,10.25,7,10,3,13.0,3,74.9,0,0,11.1,0.6,2.02,Abandono,1,87.5,1,1.0,11.18439048501584,1,0
2023,1,Ing. Comercio Internacional,2,15,1,1,14,0,19,1,0,0,1,0,0,0,1,ninguno,6,0,0,0.0,6,0,0,0.0,6,79.8,0,0,12.4,0.5,1.79,Abandono,1,12.5,0,2.0,0.0,1,0
2025,1,Lic. en Administración de Empresas,3,8,6,1,1,0,20,1,0,0,1,0,0,0,0,ninguno,6,9,6,12.375,6,7,6,13.142857142857142,0,69.0,0,0,11.1,0.6,2.02,Activo,0,12.5,1,0.0,11.96012401115549,0,0
2023,1,Ing. Financiera y de Riesgos,4,1,6,1,1,0,18,1,0,0,1,0,0,0,0,ninguno,6,6,6,12.666666666666666,6,6,6,12.0,0,89.2,0,0,7.6,2.6,0.32,Activo,0,12.5,0,0.0,11.588867272300645,0,0
2025,3,Lic. en Ciencia de Datos e Inteligencia de Negocios,5,12,1,1,1,0,27,1,0,0,1,0,1,0,1,ninguno,6,13,3,10.5,6,19,1,12.0,3,84.3,0,0,12.4,0.5,1.79,Abandono,1,37.5,0,1.0,10.678947500044556,1,0
2025,7,Ing. Comercial,1,1,1,1,1,0,20,2,0,0,1,0,0,0,1,ninguno,6,11,6,14.125,6,10,5,12.6,0,86.4,2,1,13.9,-0.3,0.79,Activo,0,87.5,0,0.0,12.426171341080035,0,1
2023,7,Ing. Comercio Internacional,2,1,3,1,1,0,18,1,0,0,1,0,1,0,0,ninguno,6,7,6,14.666666666666666,6,12,6,13.833333333333334,0,75.6,0,0,8.9,1.4,3.51,Activo,0,87.5,1,0.0,13.271327220925485,0,0
2023,1,Lic. en Administración de Empresas,3,12,2,1,1,0,35,2,0,0,1,0,0,0,1,ninguno,5,8,5,11.4,5,7,3,12.333333333333334,0,88.2,1,1,9.4,-0.8,-3.12,Activo,0,12.5,1,0.0,11.445119147828878,0,1
2023,2,Ing. Financiera y de Riesgos,4,12,1,1,1,0,26,1,0,0,1,0,0,1,0,ninguno,0,0,0,0.0,0,0,0,0.0,0,77.0,1,1,16.2,0.3,-0.92,Abandono,1,25.0,0,0.0,0.0,0,1
2024,4,Lic. en Ciencia de Datos e Inteligencia de Negocios,5,12,1,1,1,0,39,4,0,1,1,0,1,0,0,beca,6,7,6,14.0,6,7,5,14.8,0,100.0,1,1,12.7,3.7,-1.7,Activo,0,50.0,0,0.0,13.732058280399741,0,1
2024,7,Ing. Comercial,1,1,1,1,1,0,18,1,0,0,1,0,1,0,0,ninguno,0,0,0,0.0,0,0,0,0.0,0,81.9,0,0,7.6,2.6,0.32,Activo,0,87.5,0,0.0,0.0,0,0
2023,5,Ing. Comercio Internacional,2,4,1,1,3,0,36,1,0,0,1,0,0,0,0,ninguno,7,7,0,0.0,7,7,0,0.0,7,53.6,2,1,16.2,0.3,-0.92,Abandono,1,62.5,0,2.0,0.0,1,1
2024,7,Lic. en Administración de Empresas,3,12,1,0,3,0,38,2,0,0,1,0,0,0,1,ninguno,11,11,11,12.636363636363637,8,8,8,11.0,0,93.7,0,0,13.9,-0.3,0.79,Activo,0,87.5,0,0.0,11.110927932837422,0,0
2023,8,Ing. Financiera y de Riesgos,4,12,1,1,12,0,45,2,0,0,1,0,0,0,0,ninguno,6,11,3,12.333333333333334,6,13,2,11.0,3,64.6,2,1,7.6,2.6,0.32,Abandono,1,100.0,0,1.0,11.001215166870535,1,1
2023,4,Lic. en Ciencia de Datos e Inteligencia de Negocios,5,12,1,1,1,0,62,5,0,0,1,0,0,0,0,ninguno,6,7,6,15.0,6,10,6,12.833333333333334,0,70.3,0,0,10.8,1.4,1.74,Activo,0,50.0,1,0.0,13.385030658512049,0,0
2025,3,Ing. Comercial,1,1,1,1,1,0,20,1,0,1,1,0,1,0,0,beca,6,8,4,11.75,6,10,6,12.666666666666666,2,79.6,2,1,10.8,1.4,1.74,Activo,0,37.5,0,0.0,11.528621269079288,1,1
2023,2,Ing. Comercio Internacional,2,1,1,1,1,0,18,1,0,0,1,0,1,0,0,ninguno,8,8,7,14.13714285714286,8,8,7,14.13714285714286,1,70.6,0,0,10.8,1.4,1.74,Activo,0,25.0,0,0.0,13.165982189161667,0,0
2025,1,Lic. en Administración de Empresas,3,9,3,1,1,0,18,1,0,0,1,0,0,0,0,ninguno,6,6,2,12.0,6,6,1,11.0,4,92.2,2,1,9.4,-0.8,-3.12,Abandono,1,12.5,0,2.0,11.055787816996038,1,1
2023,4,Ing. Financiera y de Riesgos,4,1,1,0,3,0,23,2,0,0,1,0,0,0,1,ninguno,5,5,5,10.8,5,9,4,11.5,0,61.7,0,0,9.4,-0.8,-3.12,Activo,0,50.0,0,0.0,10.391618049124197,1,0
2024,3,Lic. en Ciencia de Datos e Inteligencia de Negocios,5,1,1,1,1,0,19,1,0,1,1,1,1,0,0,beca,6,8,6,13.285714285714286,6,8,6,12.5,0,73.2,1,1,13.9,-0.3,0.79,Abandono,1,37.5,0,0.0,12.562479456947907,0,1
2023,1,Ing. Comercial,1,8,1,1,1,0,19,1,0,1,1,1,1,0,0,beca,5,7,5,13.6,5,5,5,12.6,0,86.2,0,0,8.9,1.4,3.51,Activo,0,12.5,1,0.0,12.753508516862995,0,0
2023,3,Ing. Comercio Internacional,2,13,1,1,1,0,18,1,0,0,1,0,0,0,1,ninguno,7,8,7,13.55,8,8,8,14.1875,0,76.9,1,1,13.9,-0.3,0.79,Activo,0,37.5,0,0.0,13.182470243043491,0,1
2025,2,Lic. en Administración de Empresas,3,8,4,1,1,0,18,1,0,0,1,0,1,0,0,ninguno,8,8,0,0.0,8,8,0,0.0,8,80.9,1,1,9.4,-0.8,-3.12,Activo,0,25.0,0,5.0,0.0,1,1
2025,2,Ing. Financiera y de Riesgos,4,12,2,0,1,0,41,1,0,0,1,0,0,0,0,ninguno,6,10,4,13.5,6,7,6,11.166666666666666,2,96.5,0,0,7.6,2.6,0.32,Activo,0,25.0,0,1.0,12.017690581434533,1,0
2025,3,Lic. en Ciencia de Datos e Inteligencia de Negocios,5,12,1,1,1,0,51,1,0,1,1,0,0,0,0,beca,6,8,5,11.6,6,9,5,14.2,1,59.0,0,0,12.4,0.5,1.79,Activo,0,37.5,0,0.0,12.479940901646383,1,0
2025,1,Ing. Comercial,1,14,2,1,1,0,24,1,0,0,1,0,1,0,0,ninguno,10,16,10,12.5,7,9,4,12.6,0,72.0,0,0,16.2,0.3,-0.92,Activo,0,12.5,1,0.0,11.854605580300298,0,0
2023,5,Ing. Comercio Internacional,2,12,1,0,3,0,25,1,0,0,1,0,0,0,0,ninguno,5,14,1,11.0,5,11,2,12.666666666666666,4,81.2,0,0,16.2,0.3,-0.92,Abandono,1,62.5,0,1.0,11.040994665170079,1,0
2024,2,Lic. en Administración de Empresas,3,3,1,1,1,0,18,1,0,0,1,0,0,0,0,ninguno,5,9,3,12.0,5,6,4,13.0,2,52.2,0,0,7.6,2.6,0.32,Activo,0,25.0,0,1.0,12.058265005101035,1,0
2024,5,Ing. Financiera y de Riesgos,4,7,6,1,1,0,20,1,0,0,1,0,1,0,0,ninguno,5,8,4,11.6,5,10,3,12.333333333333334,1,76.4,0,0,7.6,2.6,0.32,Activo,0,62.5,0,0.0,11.198885060620945,0,0
2023,1,Lic. en Ciencia de Datos e Inteligencia de Negocios,5,1,1,1,1,0,19,1,0,0,1,0,1,1,1,ninguno,0,0,0,0.0,0,0,0,0.0,0,70.7,0,0,13.9,-0.3,0.79,Abandono,1,12.5,0,0.0,0.0,0,0
2023,3,Ing. Comercial,1,14,1,0,3,0,41,5,0,0,1,0,0,0,1,ninguno,10,14,10,14.636363636363637,10,13,10,14.6,0,100.0,0,0,16.2,0.3,-0.92,Activo,0,37.5,0,0.0,13.888761619539938,0,0
2024,5,Ing. Comercio Internacional,2,1,2,1,1,0,19,1,0,1,1,0,1,0,0,beca,6,8,6,13.0,6,6,6,12.166666666666666,0,68.7,0,0,8.9,1.4,3.51,Activo,0,62.5,0,0.0,11.994961557406272,0,0
2025,7,Lic. en Administración de Empresas,3,13,1,1,9,0,28,1,0,0,1,0,0,0,1,ninguno,18,23,14,12.785714285714286,17,18,16,13.875,4,85.4,0,0,16.2,0.3,-0.92,Abandono,1,87.5,0,2.0,12.57269748632361,1,0
2025,3,Ing. Financiera y de Riesgos,4,1,3,1,1,0,21,1,0,0,1,0,1,0,0,ninguno,6,6,6,14.5,6,7,5,12.0,0,86.2,0,0,12.4,0.5,1.79,Activo,0,37.5,0,0.0,12.253463073264527,0,0
2025,1,Lic. en Ciencia de Datos e Inteligencia de Negocios,5,1,1,1,1,0,22,1,0,0,0,0,1,0,0,ninguno,5,12,4,14.6,5,5,4,12.75,1,91.6,2,1,9.4,-0.8,-3.12,Abandono,1,12.5,0,0.0,12.718528124337208,0,1
2024,3,Ing. Comercial,1,8,4,1,1,0,18,1,0,0,0,0,1,0,1,ninguno,6,7,6,12.5,6,6,6,12.166666666666666,0,83.0,2,1,10.8,1.4,1.74,Activo,0,37.5,0,0.0,12.030336102848059,0,1
2024,3,Ing. Comercio Internacional,2,1,1,1,1,0,19,1,0,1,1,0,1,0,0,credito,6,6,6,14.0,6,8,6,13.125,0,64.9,0,0,10.8,1.4,1.74,Activo,0,37.5,0,0.0,12.642692864946387,1,0
2023,2,Lic. en Administración de Empresas,3,8,6,1,1,0,19,1,0,1,1,0,1,0,0,beca,7,7,7,13.801428571428572,8,8,8,14.575,0,95.1,1,1,11.1,0.6,2.02,Activo,0,25.0,0,0.0,13.841670729091948,0,1
2024,6,Ing. Financiera y de Riesgos,4,4,1,1,3,0,25,1,0,0,0,1,0,0,0,ninguno,6,7,6,14.428571428571429,6,7,6,13.666666666666666,0,82.5,3,1,10.8,1.4,1.74,Activo,0,75.0,1,0.0,13.080486437307156,0,1
2024,3,Lic. en Ciencia de Datos e Inteligencia de Negocios,5,13,4,1,6,0,18,1,0,1,1,0,1,0,0,beca,7,7,6,14.35,7,7,6,14.35,1,82.2,1,1,7.6,2.6,0.32,Activo,0,37.5,0,0.0,13.85272202463022,0,1
2024,2,Ing. Comercial,1,8,1,1,1,0,19,1,0,0,1,0,1,0,0,ninguno,6,6,6,14.333333333333334,6,6,6,13.5,0,83.3,0,0,12.7,3.7,-1.7,Activo,0,25.0,0,0.0,13.349242285378779,0,0
2025,5,Ing. Comercio Internacional,2,14,2,1,1,0,20,1,0,0,1,0,1,0,1,ninguno,6,10,4,12.25,6,8,4,11.5,2,100.0,0,0,10.8,1.4,1.74,Activo,0,62.5,1,1.0,11.51085325637699,1,0
2025,7,Lic. en Administración de Empresas,3,12,1,0,12,0,46,2,0,0,1,0,0,0,1,ninguno,6,9,6,13.333333333333334,6,6,6,11.833333333333334,0,94.7,0,0,7.6,2.6,0.32,Activo,0,87.5,0,0.0,12.204742402503097,0,0
2024,1,Ing. Financiera y de Riesgos,4,8,1,1,1,0,19,1,0,0,0,0,1,0,1,ninguno,12,12,12,13.0,11,14,11,13.25,0,82.7,0,0,8.9,1.4,3.51,Activo,0,12.5,0,0.0,12.316281604339476,0,0
2024,6,Lic. en Ciencia de Datos e Inteligencia de Negocios,5,1,2,1,1,0,18,1,0,0,1,0,1,0,1,ninguno,6,10,4,11.75,6,9,5,11.2,2,72.1,0,0,7.6,2.6,0.32,Activo,0,75.0,0,1.0,10.513967434976195,1,0
2024,4,Ing. Comercial,1,1,1,1,1,0,18,1,0,1,1,0,1,0,0,credito,6,8,6,14.5,6,11,4,13.0,0,83.6,0,0,13.9,-0.3,0.79,Activo,0,50.0,1,0.0,13.022476053531983,0,0
2025,7,Ing. Comercio Internacional,2,9,1,1,1,0,19,1,0,1,1,0,1,0,0,beca,8,8,7,11.82,8,8,7,11.82,1,84.0,0,0,10.8,1.4,1.74,Activo,0,87.5,3,1.0,11.018904989131233,0,0
2023,6,Lic. en Administración de Empresas,3,1,2,1,1,0,20,1,0,0,1,0,1,0,0,ninguno,6,0,0,0.0,6,0,0,0.0,6,91.4,0,0,16.2,0.3,-0.92,Abandono,1,75.0,0,3.0,0.0,1,0
2025,3,Ing. Financiera y de Riesgos,4,12,1,0,1,0,38,2,0,1,1,0,0,0,1,credito,6,6,5,12.4,6,7,6,12.666666666666666,1,75.8,0,0,9.4,-0.8,-3.12,Activo,0,37.5,0,0.0,12.049363341146273,0,0
2024,6,Lic. en Ciencia de Datos e Inteligencia de Negocios,5,8,1,1,1,0,18,1,0,0,1,0,1,0,0,ninguno,6,7,6,12.571428571428571,6,8,6,11.857142857142858,0,76.9,1,1,13.9,-0.3,0.79,Activo,0,75.0,1,0.0,11.882624972641565,0,1
2025,7,Ing. Comercial,1,8,5,1,1,0,18,1,0,1,1,0,1,0,0,credito,7,7,7,13.857142857142858,8,8,8,14.9,0,90.7,1,1,13.9,-0.3,0.79,Activo,0,87.5,0,0.0,14.077260507828012,0,1
2023,2,Ing. Comercio Internacional,2,8,1,1,1,0,18,1,0,0,1,0,1,0,0,ninguno,6,9,5,11.833333333333334,6,7,5,13.8,1,81.4,0,0,13.9,-0.3,0.79,Activo,0,25.0,0,0.0,12.271212168598854,0,0
2023,3,Lic. en Administración de Empresas,3,8,1,1,1,0,20,1,0,0,1,0,0,0,0,ninguno,5,10,4,11.0,5,7,4,11.5,1,100.0,1,1,15.5,2.8,-4.06,Activo,0,37.5,0,0.0,10.780975040260548,0,1
2023,1,Ing. Financiera y de Riesgos,4,1,1,1,1,0,19,1,0,0,1,0,1,0,1,ninguno,6,6,6,14.666666666666666,6,8,6,13.666666666666666,0,83.7,0,0,12.4,0.5,1.79,Activo,0,12.5,1,0.0,13.823044259132237,0,0
2024,6,Lic. en Ciencia de Datos e Inteligencia de Negocios,5,12,1,0,1,0,37,4,0,0,0,0,0,0,1,ninguno,4,4,0,0.0,5,10,0,0.0,4,90.0,0,0,10.8,1.4,1.74,Abandono,1,75.0,1,1.0,0.0,1,0
2025,5,Ing. Comercial,1,12,1,1,1,0,24,1,0,0,1,0,0,0,0,ninguno,8,12,7,12.714285714285714,8,12,7,12.714285714285714,1,70.9,1,1,12.7,3.7,-1.7,Activo,0,62.5,1,0.0,12.32713648549815,0,1
2024,5,Ing. Comercio Internacional,2,1,2,1,1,0,19,1,0,0,1,0,1,0,0,ninguno,7,9,7,13.422222222222224,8,11,7,12.18888888888889,0,87.7,3,1,15.5,2.8,-4.06,Activo,0,62.5,0,0.0,11.865140689123399,0,1
2023,2,Lic. en Administración de Empresas,3,1,3,1,1,0,19,1,0,1,1,0,1,0,1,mixto,6,7,6,14.0,6,8,5,12.2,0,69.0,0,0,13.9,-0.3,0.79,Abandono,1,25.0,1,0.0,12.701812950578582,0,0
2023,3,Ing. Financiera y de Riesgos,4,8,3,1,1,0,19,1,0,1,1,0,1,0,0,mixto,7,8,7,12.142857142857142,8,8,8,13.375,0,71.6,1,1,16.2,0.3,-0.92,Abandono,1,37.5,1,0.0,12.082574646637196,0,1
2025,4,Lic. en Ciencia de Datos e Inteligencia de Negocios,5,8,1,1,1,0,18,1,0,1,1,1,1,0,1,credito,5,5,5,12.8,5,5,5,13.0,0,74.4,0,0,11.1,0.6,2.02,Activo,0,50.0,0,0.0,12.184825831421485,0,0
2024,1,Ing. Comercial,1,1,4,1,1,0,18,1,0,1,1,0,1,0,1,beca,7,7,7,14.572857142857142,8,9,8,14.955555555555556,0,78.6,0,0,12.4,0.5,1.79,Activo,0,12.5,0,0.0,14.083763728810306,0,0
2025,2,Ing. Comercio Internacional,2,1,4,1,1,0,18,1,0,0,1,0,0,0,1,ninguno,5,9,4,11.25,5,6,4,11.0,1,62.6,0,0,8.9,1.4,3.51,Activo,0,25.0,0,0.0,10.755660496048808,1,0
2023,6,Lic. en Administración de Empresas,3,8,5,1,1,0,19,1,0,1,1,0,1,0,1,mixto,5,12,2,10.0,5,11,4,11.75,3,94.3,0,0,11.1,0.6,2.02,Activo,0,75.0,0,1.0,10.351841146774614,1,0
2025,2,Ing. Financiera y de Riesgos,4,1,1,1,1,0,18,1,0,0,1,0,1,0,0,ninguno,6,8,5,14.4,6,11,4,14.6,1,80.4,1,1,8.9,1.4,3.51,Abandono,1,25.0,0,0.0,14.164110767275792,0,1
2024,1,Lic. en Ciencia de Datos e Inteligencia de Negocios,5,1,4,1,1,0,20,1,0,0,1,0,1,0,1,ninguno,7,7,7,12.982857142857142,8,8,8,14.4625,0,79.8,0,0,12.4,0.5,1.79,Activo,0,12.5,0,0.0,13.14570963156115,0,0
2024,2,Ing. Comercial,1,8,1,1,1,0,20,1,0,0,1,0,1,0,1,ninguno,6,14,6,15.75,6,8,6,13.0,0,91.9,0,0,15.5,2.8,-4.06,Activo,0,25.0,0,0.0,13.942980748109886,0,0
2023,1,Ing. Comercio Internacional,2,1,1,1,1,0,18,1,0,0,1,0,0,0,0,ninguno,6,11,5,12.285714285714286,6,19,3,14.0,1,81.3,0,0,12.4,0.5,1.79,Abandono,1,12.5,2,0.0,12.449714369558077,0,0
2025,2,Lic. en Administración de Empresas,3,7,1,1,1,0,20,1,0,0,1,0,1,0,1,ninguno,7,7,6,13.755,8,9,7,13.571428571428571,1,86.4,2,1,12.4,0.5,1.79,Activo,0,25.0,0,0.0,12.878248410019916,0,1
2025,5,Ing. Financiera y de Riesgos,4,8,1,1,1,0,18,1,0,1,1,0,1,0,0,beca,6,7,6,13.833333333333334,6,11,6,13.5,0,86.4,0,0,8.9,1.4,3.51,Activo,0,62.5,0,0.0,12.994182764523373,0,0
2024,2,Lic. en Ciencia de Datos e Inteligencia de Negocios,5,1,6,1,1,0,19,1,0,0,1,0,1,0,1,ninguno,7,0,0,0.0,8,0,0,0.0,7,73.0,0,0,12.7,3.7,-1.7,Abandono,1,25.0,0,2.0,0.0,1,0
2024,1,Ing. Comercial,1,1,4,1,1,0,18,1,0,0,1,0,1,0,0,ninguno,7,9,7,14.711111111111112,8,9,8,14.627777777777778,0,71.7,0,0,15.5,2.8,-4.06,Activo,0,12.5,2,0.0,14.09831104984476,0,0
2023,2,Ing. Comercio Internacional,2,17,1,1,16,0,20,1,0,0,1,0,1,0,0,ninguno,11,13,11,14.615384615384617,9,11,9,13.7,0,94.9,2,1,8.9,1.4,3.51,Activo,0,25.0,1,0.0,13.268508070024405,0,1
2023,7,Lic. en Administración de Empresas,3,1,1,1,1,0,18,1,0,0,1,0,0,0,0,ninguno,7,7,7,13.677142857142858,8,9,8,14.533333333333331,0,75.0,0,0,11.1,0.6,2.02,Activo,0,87.5,1,0.0,13.651680449692405,0,0
2025,6,Ing. Financiera y de Riesgos,4,7,2,1,1,0,19,1,0,1,1,0,1,0,1,beca,5,8,5,13.166666666666666,5,5,5,12.8,0,63.7,0,0,9.4,-0.8,-3.12,Activo,0,75.0,0,0.0,12.169380495663127,1,0
2024,5,Lic. en Ciencia de Datos e Inteligencia de Negocios,5,8,6,1,1,0,19,1,0,0,1,0,1,0,1,ninguno,6,11,5,10.8,6,12,5,11.333333333333334,1,71.9,0,0,15.5,2.8,-4.06,Activo,0,62.5,0,0.0,10.236429039348582,0,0
2024,2,Ing. Comercial,1,8,1,1,1,0,19,1,0,0,1,0,0,0,0,ninguno,5,8,3,12.0,5,7,5,12.833333333333334,2,71.3,1,1,7.6,2.6,0.32,Activo,0,25.0,0,1.0,11.823226661577154,1,1
2024,1,Ing. Comercio Internacional,2,1,1,1,1,0,18,1,0,0,1,0,0,0,1,ninguno,7,8,6,13.958333333333334,8,8,8,14.71875,1,80.1,1,1,11.1,0.6,2.02,Activo,0,12.5,0,1.0,13.83043124720872,0,1
2023,3,Lic. en Administración de Empresas,3,8,1,1,1,0,19,1,0,0,1,0,1,0,1,ninguno,6,9,4,13.0,6,9,4,12.25,2,84.8,2,1,12.7,3.7,-1.7,Abandono,1,37.5,1,1.0,11.995620959767818,1,1
2025,7,Ing. Financiera y de Riesgos,4,1,2,1,1,0,24,1,0,1,1,0,1,0,0,credito,0,0,0,0.0,0,0,0,0.0,0,92.0,3,1,11.1,0.6,2.02,Activo,0,87.5,0,0.0,0.0,0,1
2023,4,Lic. en Ciencia de Datos e Inteligencia de Negocios,5,1,1,1,1,0,18,1,0,1,1,0,1,0,0,credito,0,0,0,0.0,0,0,0,0.0,0,78.0,1,1,12.4,0.5,1.79,Activo,0,50.0,0,0.0,0.0,0,1
2023,1,Ing. Comercial,1,1,6,1,1,0,18,1,0,1,1,0,1,0,1,beca,8,8,7,14.0,8,8,7,14.0,1,89.3,0,0,12.7,3.7,-1.7,Activo,0,12.5,0,0.0,13.621877760383676,0,0
2025,4,Ing. Comercio Internacional,2,1,4,1,1,0,18,1,0,0,1,0,1,1,0,ninguno,6,10,6,12.571428571428571,6,11,6,12.571428571428571,0,72.3,0,0,10.8,1.4,1.74,Activo,0,50.0,0,0.0,12.140427049405012,0,0
2024,2,Lic. en Administración de Empresas,3,1,4,1,1,0,19,1,0,0,1,0,1,0,0,ninguno,6,6,4,12.0,6,11,3,11.333333333333334,2,69.6,0,0,11.1,0.6,2.02,Abandono,1,25.0,0,0.0,11.013742892430038,1,0
2024,5,Ing. Financiera y de Riesgos,4,12,1,0,1,0,35,1,0,1,1,0,0,0,1,beca,8,8,8,13.625,7,7,7,14.0,0,80.2,0,0,8.9,1.4,3.51,Activo,0,62.5,0,0.0,12.918104354687214,0,0
2023,6,Lic. en Ciencia de Datos e Inteligencia de Negocios,5,8,6,1,1,0,19,1,0,0,1,0,1,0,0,ninguno,5,7,4,12.5,5,8,4,10.0,1,90.4,0,0,7.6,2.6,0.32,Activo,0,75.0,0,0.0,10.785050367600219,0,0
2025,7,Ing. Comercial,1,4,1,1,3,0,28,1,0,0,1,0,0,0,1,ninguno,15,25,14,12.428571428571429,14,22,11,11.909090909090908,1,100.0,0,0,7.6,2.6,0.32,Abandono,1,87.5,0,1.0,11.214217761308424,0,0
2024,6,Ing. Comercio Internacional,2,14,1,1,1,0,21,1,0,0,1,0,0,0,0,ninguno,7,8,7,13.3875,8,8,8,15.9,0,97.3,2,1,13.9,-0.3,0.79,Activo,0,75.0,1,0.0,13.675314463745499,0,1
2025,4,Lic. en Administración de Empresas,3,9,2,1,1,0,19,1,0,1,1,0,1,0,0,beca,7,8,6,12.648333333333332,8,9,8,12.205555555555556,1,77.3,0,0,11.1,0.6,2.02,Activo,0,50.0,0,1.0,11.455711221052802,0,0
2024,1,Ing. Financiera y de Riesgos,4,3,2,1,1,0,19,1,0,0,1,0,1,0,0,ninguno,6,6,6,14.0,6,6,6,13.333333333333334,0,96.5,2,1,8.9,1.4,3.51,Activo,0,12.5,0,0.0,12.78037275239324,0,1
2023,1,Lic. en Ciencia de Datos e Inteligencia de Negocios,5,1,1,1,1,0,18,1,0,0,1,0,0,0,1,ninguno,5,12,5,12.8,5,10,5,11.857142857142858,0,87.0,2,1,9.4,-0.8,-3.12,Activo,0,12.5,0,0.0,11.773893900013025,0,1
2024,5,Ing. Comercial,1,1,1,1,1,0,18,1,0,0,1,0,1,0,0,ninguno,6,8,6,11.333333333333334,6,11,6,10.833333333333334,0,83.2,2,1,7.6,2.6,0.32,Activo,0,62.5,0,0.0,10.732454595631499,0,1
2024,3,Ing. Comercio Internacional,2,1,2,1,1,0,19,1,0,0,0,0,1,0,0,ninguno,7,0,0,0.0,8,0,0,0.0,7,93.8,0,0,12.7,3.7,-1.7,Abandono,1,37.5,0,2.0,0.0,1,0
2025,5,Lic. en Administración de Empresas,3,1,1,1,1,0,20,1,0,1,1,0,1,0,1,beca,6,6,6,14.166666666666666,6,9,6,13.0,0,65.7,2,1,8.9,1.4,3.51,Activo,0,62.5,0,0.0,12.892256322577268,0,1
2024,3,Ing. Financiera y de Riesgos,4,1,1,1,1,0,18,1,0,0,1,0,1,0,0,ninguno,6,6,6,12.833333333333334,6,6,6,13.833333333333334,0,82.1,1,1,8.9,1.4,3.51,Activo,0,37.5,0,0.0,12.438350296356617,0,1
2024,5,Lic. en Ciencia de Datos e Inteligencia de Negocios,5,1,1,1,1,0,19,1,0,0,0,1,0,0,0,ninguno,7,11,4,12.0,7,9,6,11.833333333333334,3,88.3,2,1,16.2,0.3,-0.92,Abandono,1,62.5,0,1.0,10.919472931004394,1,1
2025,1,Ing. Comercial,1,1,3,1,1,0,20,1,0,1,1,0,1,0,0,credito,6,6,6,13.0,6,7,6,13.142857142857142,0,76.8,2,1,12.4,0.5,1.79,Abandono,1,12.5,0,0.0,12.415718456836467,0,1
2025,2,Ing. Comercio Internacional,2,8,5,1,1,0,18,1,0,0,1,0,1,0,0,ninguno,7,8,6,13.39,8,10,7,12.757142857142856,1,85.0,0,0,11.1,0.6,2.02,Activo,0,25.0,2,1.0,12.531928606843579,0,0
2025,2,Lic. en Administración de Empresas,3,8,4,1,1,0,18,1,0,0,0,0,1,0,0,ninguno,6,6,6,12.333333333333334,6,8,5,13.6,0,84.1,0,0,8.9,1.4,3.51,Activo,0,25.0,0,0.0,12.53653546857728,0,0
2024,1,Ing. Financiera y de Riesgos,4,1,1,1,1,0,21,1,0,1,1,0,0,0,0,beca,6,8,6,12.571428571428571,6,8,6,11.625,0,78.5,1,1,13.9,-0.3,0.79,Activo,0,12.5,2,0.0,11.794854408342125,0,1
2023,3,Lic. en Ciencia de Datos e Inteligencia de Negocios,5,3,5,1,1,0,19,1,0,1,1,0,1,0,1,beca,6,6,6,12.333333333333334,6,6,6,12.833333333333334,0,68.8,1,1,12.4,0.5,1.79,Activo,0,37.5,0,0.0,11.926953748591119,0,1
2023,1,Ing. Comercial,1,8,2,1,1,0,19,1,0,0,1,0,1,0,1,ninguno,6,8,5,13.0,6,8,4,10.75,1,71.6,0,0,9.4,-0.8,-3.12,Activo,0,12.5,0,1.0,11.186136933308184,0,0
2023,4,Ing. Comercio Internacional,2,1,1,1,1,0,19,1,0,0,1,0,0,0,0,ninguno,5,7,3,12.333333333333334,5,7,4,10.25,2,66.3,0,0,7.6,2.6,0.32,Activo,0,50.0,0,1.0,10.41420973079449,1,0
2025,1,Lic. en Administración de Empresas,3,1,4,1,1,0,18,1,0,0,1,0,1,0,0,ninguno,6,6,6,13.166666666666666,6,8,5,14.2,0,71.1,1,1,10.8,1.4,1.74,Abandono,1,12.5,0,0.0,13.030129455808373,0,1
2024,1,Ing. Financiera y de Riesgos,4,1,1,1,1,0,18,1,0,1,1,0,0,0,1,credito,5,7,5,13.333333333333334,5,6,5,13.6,0,79.2,1,1,12.7,3.7,-1.7,Activo,0,12.5,0,0.0,12.525138822600427,0,1
2025,7,Lic. en Ciencia de Datos e Inteligencia de Negocios,5,1,2,1,1,0,18,1,0,0,1,0,1,0,0,ninguno,5,9,4,13.0,5,8,5,13.142857142857142,1,77.4,1,1,10.8,1.4,1.74,Activo,0,87.5,0,0.0,12.331770137828567,0,1
2025,2,Ing. Comercial,1,12,1,1,1,0,31,2,0,0,1,0,0,0,1,ninguno,7,21,5,10.9,8,21,3,11.7,2,92.3,0,0,12.7,3.7,-1.7,Abandono,1,25.0,0,1.0,10.411764633245243,1,0
2024,3,Ing. Comercio Internacional,2,13,1,1,1,0,19,1,0,0,1,0,1,0,1,ninguno,5,8,2,11.5,5,10,3,10.857142857142858,3,82.3,0,0,10.8,1.4,1.74,Activo,0,37.5,1,1.0,10.774760214206006,1,0
2024,2,Lic. en Administración de Empresas,3,7,1,1,1,0,20,1,0,1,1,0,1,0,1,credito,6,7,6,15.857142857142858,6,6,6,16.0,0,91.4,0,0,13.9,-0.3,0.79,Activo,0,25.0,0,0.0,15.029836137359808,0,0
2025,2,Ing. Financiera y de Riesgos,4,8,1,1,1,0,19,1,0,1,1,0,0,0,0,beca,5,5,5,12.6,5,9,3,13.0,0,86.0,0,0,7.6,2.6,0.32,Abandono,1,25.0,0,0.0,12.027399301889307,0,0
2024,7,Lic. en Ciencia de Datos e Inteligencia de Negocios,5,8,1,1,1,0,19,1,0,1,1,0,0,0,1,credito,6,8,6,14.0,6,7,6,14.571428571428571,0,70.8,0,0,16.2,0.3,-0.92,Activo,0,87.5,0,0.0,13.866551163007454,0,0
2025,3,Ing. Comercial,1,4,1,1,3,0,27,5,0,0,0,0,0,0,1,ninguno,5,8,3,14.666666666666666,5,7,2,13.0,2,79.8,0,0,10.8,1.4,1.74,Abandono,1,37.5,1,0.0,13.400498842631125,1,0
2025,2,Ing. Comercio Internacional,2,8,2,1,1,0,18,1,0,1,1,0,1,0,0,mixto,6,6,6,13.666666666666666,6,6,6,14.0,0,63.9,0,0,8.9,1.4,3.51,Activo,0,25.0,0,0.0,12.884782900002378,1,0
2024,7,Lic. en Administración de Empresas,3,1,1,0,1,0,32,1,0,0,1,0,0,0,1,ninguno,6,0,0,0.0,6,0,0,0.0,6,83.5,1,1,7.6,2.6,0.32,Abandono,1,87.5,0,3.0,0.0,1,1
2024,1,Ing. Financiera y de Riesgos,4,1,4,1,1,0,18,1,0,0,1,0,1,0,0,ninguno,8,8,7,12.628571428571428,8,8,7,12.628571428571428,1,96.1,0,0,12.7,3.7,-1.7,Activo,0,12.5,0,0.0,12.004796968264435,0,0
2024,3,Lic. en Ciencia de Datos e Inteligencia de Negocios,5,1,3,1,1,0,19,1,0,1,1,0,1,0,0,beca,8,8,7,14.232857142857142,8,8,7,14.232857142857142,1,87.2,1,1,10.8,1.4,1.74,Activo,0,37.5,1,0.0,13.713424439903271,0,1
2023,1,Ing. Comercial,1,1,2,1,1,0,19,1,0,0,1,0,0,0,1,ninguno,6,6,6,15.0,6,7,6,14.0,0,81.9,0,0,15.5,2.8,-4.06,Activo,0,12.5,0,0.0,13.7344457920011,0,0
2023,1,Ing. Comercio Internacional,2,8,2,1,1,0,18,1,0,0,1,0,1,0,0,ninguno,6,15,2,10.0,6,12,0,0.0,4,84.7,0,0,10.8,1.4,1.74,Abandono,1,12.5,0,1.0,4.112259428701705,1,0
2024,1,Lic. en Administración de Empresas,3,8,3,1,1,0,18,1,0,1,1,0,1,0,0,beca,6,11,4,12.25,6,10,4,11.0,2,81.9,2,1,12.7,3.7,-1.7,Abandono,1,12.5,0,1.0,11.072735314910402,1,1
2023,1,Ing. Financiera y de Riesgos,4,12,1,1,12,0,24,1,0,1,0,1,0,0,0,beca,6,6,6,13.5,6,6,6,13.0,0,78.2,0,0,11.1,0.6,2.02,Activo,0,12.5,1,0.0,12.651168538874014,0,0
2025,4,Lic. en Ciencia de Datos e Inteligencia de Negocios,5,8,2,1,1,0,19,1,0,1,1,0,1,0,0,credito,6,8,5,12.2,6,7,6,11.5,1,85.9,1,1,9.4,-0.8,-3.12,Activo,0,50.0,0,0.0,10.86265755084901,0,1
2025,2,Ing. Comercial,1,8,2,1,1,0,21,1,0,0,1,1,1,0,0,ninguno,6,0,0,0.0,6,0,0,0.0,6,80.3,0,0,11.1,0.6,2.02,Abandono,1,25.0,0,2.0,0.0,1,0
2025,1,Ing. Comercio Internacional,2,15,1,1,14,0,19,1,0,0,1,0,1,0,0,ninguno,7,11,6,12.0,9,9,8,12.75,1,97.6,1,1,16.2,0.3,-0.92,Activo,0,12.5,2,0.0,11.446957108347746,0,1
2024,7,Lic. en Administración de Empresas,3,1,3,1,1,0,19,1,1,0,1,0,1,0,0,ninguno,7,9,5,12.32,7,9,5,11.9,2,90.6,0,0,12.4,0.5,1.79,Activo,0,87.5,0,1.0,11.502866445543859,1,0
2024,6,Ing. Financiera y de Riesgos,4,12,1,1,1,0,36,1,0,1,1,0,1,0,1,beca,7,11,6,12.35,7,12,5,12.5,1,95.9,3,1,8.9,1.4,3.51,Activo,0,75.0,0,0.0,11.96114665721112,0,1
2024,5,Lic. en Ciencia de Datos e Inteligencia de Negocios,5,12,1,1,9,1,51,1,0,0,1,0,0,0,1,ninguno,6,0,0,0.0,6,0,0,0.0,6,84.1,1,1,12.4,0.5,1.79,Abandono,1,62.5,1,2.0,0.0,1,1
2023,4,Ing. Comercial,1,1,3,1,1,1,20,1,0,1,1,0,1,0,0,beca,6,7,6,11.333333333333334,6,10,4,10.571428571428571,0,79.2,1,1,10.8,1.4,1.74,Activo,0,50.0,0,0.0,10.151116609898892,0,1
2025,2,Ing. Comercio Internacional,2,12,1,0,13,1,29,1,0,0,0,1,0,0,1,ninguno,6,6,0,0.0,5,5,0,0.0,6,100.0,1,1,8.9,1.4,3.51,Abandono,1,25.0,1,3.0,0.0,1,1
2025,3,Lic. en Administración de Empresas,3,15,1,1,14,1,27,1,0,0,0,1,0,0,0,ninguno,6,8,5,11.6,6,9,5,12.0,1,78.0,0,0,13.9,-0.3,0.79,Abandono,1,37.5,0,1.0,11.310671626068444,0,0
2024,4,Ing. Financiera y de Riesgos,4,12,1,1,1,1,33,1,0,0,1,0,1,0,0,ninguno,5,10,4,12.0,5,8,3,13.666666666666666,1,83.3,1,1,7.6,2.6,0.32,Activo,0,50.0,0,0.0,12.500688203010219,0,1
2025,4,Lic. en Ciencia de Datos e Inteligencia de Negocios,5,2,1,1,2,1,57,2,0,0,0,0,0,0,0,ninguno,15,17,12,11.75,14,16,9,12.22222222222222,3,82.1,0,0,9.4,-0.8,-3.12,Abandono,1,50.0,0,2.0,11.383467694274419,1,0
2025,5,Ing. Comercial,1,1,1,1,1,1,20,1,0,0,1,0,1,0,0,ninguno,6,8,5,12.8,6,10,5,11.6,1,94.8,0,0,13.9,-0.3,0.79,Activo,0,62.5,0,0.0,11.32078798481427,0,0
2025,2,Ing. Comercio Internacional,2,12,1,1,1,1,26,1,0,0,1,0,0,0,0,ninguno,5,7,3,11.333333333333334,5,7,3,13.666666666666666,2,72.1,1,1,9.4,-0.8,-3.12,Abandono,1,25.0,0,0.0,12.182735418191392,1,1
2024,7,Lic. en Administración de Empresas,3,14,1,1,1,1,27,1,0,0,0,1,0,0,1,ninguno,5,5,0,0.0,5,7,0,0.0,5,77.3,0,0,13.9,-0.3,0.79,Activo,0,87.5,0,1.0,0.0,1,0
2025,1,Ing. Financiera y de Riesgos,4,1,1,1,1,1,19,1,0,0,1,0,0,0,0,ninguno,5,5,5,10.8,5,5,4,12.25,0,72.5,0,0,9.4,-0.8,-3.12,Activo,0,12.5,0,0.0,10.572252887840383,0,0
2025,2,Lic. en Ciencia de Datos e Inteligencia de Negocios,5,15,1,1,14,1,23,1,0,0,1,0,1,0,0,ninguno,6,10,5,12.5,6,8,2,13.5,1,88.3,1,1,12.4,0.5,1.79,Abandono,1,25.0,1,1.0,12.534150496942173,0,1
2024,4,Ing. Comercial,1,12,1,0,1,1,27,1,0,0,1,0,0,0,1,ninguno,5,5,5,15.2,5,6,5,14.166666666666666,0,91.1,2,1,10.8,1.4,1.74,Activo,0,50.0,0,0.0,13.89778894482398,0,1
2023,2,Ing. Comercio Internacional,2,1,6,1,1,1,20,1,0,1,1,1,1,0,0,credito,7,7,7,13.314285714285717,8,8,8,12.575,0,90.1,3,1,12.4,0.5,1.79,Activo,0,25.0,0,0.0,11.962071526372718,0,1
2025,1,Lic. en Administración de Empresas,3,9,1,1,1,0,19,1,0,1,1,0,0,0,1,beca,12,12,11,13.090909090909092,11,12,11,12.083333333333334,1,84.2,0,0,10.8,1.4,1.74,Activo,0,12.5,0,0.0,11.61352657001449,0,0
2023,4,Ing. Financiera y de Riesgos,4,1,1,1,1,0,19,1,0,0,0,1,1,0,0,ninguno,6,0,0,0.0,6,0,0,0.0,6,100.0,0,0,11.1,0.6,2.02,Abandono,1,50.0,0,3.0,0.0,1,0
2023,3,Lic. en Ciencia de Datos e Inteligencia de Negocios,5,1,1,1,1,0,20,1,0,0,1,0,1,0,0,ninguno,6,8,5,12.2,6,6,6,11.5,1,84.9,0,0,16.2,0.3,-0.92,Activo,0,37.5,0,0.0,11.479768262751552,0,0
2023,6,Ing. Comercial,1,4,1,1,3,0,33,2,0,0,1,0,0,0,0,ninguno,8,10,6,12.833333333333334,5,8,4,12.0,2,86.6,0,0,11.1,0.6,2.02,Activo,0,75.0,0,1.0,12.012868890139528,1,0
2024,5,Ing. Comercio Internacional,2,14,1,0,1,0,22,1,0,0,1,0,1,0,1,ninguno,15,17,15,11.2,14,15,14,12.428571428571429,0,70.4,0,0,7.6,2.6,0.32,Activo,0,62.5,0,0.0,11.022860746348213,0,0
2023,2,Lic. en Administración de Empresas,3,1,6,1,1,0,18,1,0,0,1,0,1,0,0,ninguno,5,8,3,12.333333333333334,5,7,4,12.0,2,94.5,2,1,7.6,2.6,0.32,Activo,0,25.0,0,0.0,11.358635453849375,1,1
2024,3,Ing. Financiera y de Riesgos,4,12,1,1,3,0,27,5,0,0,1,0,0,0,1,ninguno,8,8,7,15.94285714285714,8,8,7,15.94285714285714,1,84.2,3,1,12.7,3.7,-1.7,Activo,0,37.5,0,1.0,15.1708915497174,0,1
2023,7,Lic. en Ciencia de Datos e Inteligencia de Negocios,5,12,1,0,1,0,27,1,0,0,1,0,0,0,1,ninguno,5,0,0,0.0,5,0,0,0.0,5,83.1,0,0,15.5,2.8,-4.06,Abandono,1,87.5,0,1.0,0.0,1,0
2023,5,Ing. Comercial,1,1,1,1,1,0,19,1,0,0,1,0,1,0,0,ninguno,6,10,4,10.25,6,8,6,10.714285714285714,2,77.2,0,0,11.1,0.6,2.02,Activo,0,62.5,0,0.0,10.063298999312172,1,0
2025,2,Ing. Comercio Internacional,2,8,1,1,1,0,20,1,0,1,1,0,1,0,0,credito,6,10,5,13.2,6,12,5,12.833333333333334,1,78.6,1,1,9.4,-0.8,-3.12,Activo,0,25.0,0,1.0,12.31013390230009,0,1
2024,2,Lic. en Administración de Empresas,3,1,1,0,1,0,23,1,0,1,1,0,0,0,1,credito,6,6,6,14.166666666666666,6,6,6,12.5,0,86.0,0,0,12.7,3.7,-1.7,Activo,0,25.0,0,0.0,12.694757021302825,0,0
2023,1,Ing. Financiera y de Riesgos,4,14,1,1,1,0,22,1,0,1,1,0,1,0,0,beca,23,23,20,14.575,23,23,20,14.575,3,71.5,2,1,7.6,2.6,0.32,Activo,0,12.5,2,1.0,13.764816097014387,1,1
2023,3,Lic. en Ciencia de Datos e Inteligencia de Negocios,5,8,2,1,1,0,18,1,0,1,1,0,1,0,1,beca,6,9,1,10.0,6,6,0,0.0,5,67.1,0,0,12.7,3.7,-1.7,Abandono,1,37.5,0,2.0,4.391047944920065,1,0
2023,3,Ing. Comercial,1,1,4,1,1,0,18,1,0,1,1,0,0,0,0,beca,6,7,6,12.285714285714286,6,8,6,11.428571428571429,0,94.3,0,0,12.4,0.5,1.79,Activo,0,37.5,0,0.0,11.32009507086233,0,0
2023,7,Ing. Comercio Internacional,2,12,1,0,1,0,31,1,0,1,1,0,0,0,1,credito,6,6,6,14.0,6,6,6,12.333333333333334,0,87.2,0,0,10.8,1.4,1.74,Activo,0,87.5,0,0.0,12.661231662515357,0,0
2024,3,Lic. en Administración de Empresas,3,8,4,1,1,0,19,1,0,0,1,0,0,0,0,ninguno,6,8,4,11.25,6,0,0,0.0,2,76.8,1,1,15.5,2.8,-4.06,Abandono,1,37.5,0,1.0,5.176970775965177,1,1
2025,2,Ing. Financiera y de Riesgos,4,1,1,1,1,0,19,1,0,0,1,0,1,0,0,ninguno,6,11,5,11.6,6,11,6,11.666666666666666,1,77.6,0,0,7.6,2.6,0.32,Activo,0,25.0,1,0.0,11.14731087000267,0,0
2023,4,Lic. en Ciencia de Datos e Inteligencia de Negocios,5,8,1,0,1,0,24,1,0,0,1,0,0,0,0,ninguno,6,12,1,12.0,6,12,0,0.0,5,80.1,0,0,10.8,1.4,1.74,Abandono,1,50.0,1,2.0,5.633618692809129,1,0
2024,2,Ing. Comercial,1,1,1,1,1,0,19,1,0,0,1,0,0,0,0,ninguno,7,10,7,13.47,8,8,8,13.32625,0,82.7,2,1,15.5,2.8,-4.06,Activo,0,25.0,0,0.0,12.855325092349778,0,1
2024,8,Ing. Comercio Internacional,2,8,4,1,1,0,19,1,0,0,1,0,1,0,1,ninguno,5,6,5,12.4,5,5,5,12.8,0,81.9,0,0,7.6,2.6,0.32,Activo,0,100.0,0,0.0,12.27440113134593,0,0
2024,1,Lic. en Administración de Empresas,3,12,1,1,1,0,26,1,0,0,0,0,1,0,0,ninguno,6,9,3,11.75,6,11,4,11.5,3,75.8,2,1,16.2,0.3,-0.92,Abandono,1,12.5,0,1.0,11.194510306983572,1,1
2023,1,Ing. Financiera y de Riesgos,4,1,1,1,1,1,27,1,1,0,0,1,1,0,0,ninguno,0,0,0,0.0,0,0,0,0.0,0,63.9,2,1,7.6,2.6,0.32,Abandono,1,12.5,0,0.0,0.0,1,1
2025,4,Lic. en Ciencia de Datos e Inteligencia de Negocios,5,8,4,1,1,0,19,1,0,0,1,0,1,0,0,ninguno,6,7,6,12.0,6,7,6,12.428571428571429,0,66.6,2,1,11.1,0.6,2.02,Activo,0,50.0,0,0.0,11.68645742221208,0,1
2024,3,Ing. Comercial,1,12,1,1,1,0,29,2,0,0,1,0,0,0,0,ninguno,5,8,5,15.333333333333334,5,6,5,15.4,0,57.9,0,0,9.4,-0.8,-3.12,Abandono,1,37.5,0,0.0,14.598900754782527,1,0
2025,8,Ing. Comercio Internacional,2,1,6,1,1,0,18,1,0,1,1,0,1,0,0,credito,8,8,8,12.32,8,8,8,12.32,0,86.5,2,1,9.4,-0.8,-3.12,Activo,0,100.0,1,0.0,11.518181077081906,0,1
2024,6,Lic. en Administración de Empresas,3,1,1,1,1,0,19,1,0,0,1,0,1,0,1,ninguno,7,7,7,13.79857142857143,8,8,8,14.75625,0,100.0,0,0,11.1,0.6,2.02,Activo,0,75.0,3,0.0,13.570580974373236,0,0
2023,3,Ing. Financiera y de Riesgos,4,1,5,1,1,0,18,1,0,0,1,0,1,0,1,ninguno,6,6,6,13.166666666666666,6,6,6,12.5,0,71.2,3,1,15.5,2.8,-4.06,Activo,0,37.5,0,0.0,11.862244914377554,0,1
2025,1,Lic. en Ciencia de Datos e Inteligencia de Negocios,5,1,1,1,1,0,18,1,0,1,1,0,0,0,0,mixto,5,6,5,16.333333333333332,5,5,5,15.4,0,80.9,0,0,15.5,2.8,-4.06,Activo,0,12.5,1,0.0,15.551658760030488,0,0
2024,6,Ing. Comercial,1,13,1,1,1,0,19,1,0,0,1,0,1,0,1,ninguno,0,0,0,0.0,0,0,0,0.0,0,53.3,0,0,12.7,3.7,-1.7,Abandono,1,75.0,0,0.0,0.0,1,0
2023,4,Ing. Comercio Internacional,2,8,4,1,1,0,19,1,0,0,1,0,1,0,0,ninguno,7,7,7,14.757142857142856,8,9,8,15.366666666666667,0,82.6,0,0,12.4,0.5,1.79,Activo,0,50.0,0,0.0,14.090754111146476,0,0
2025,4,Lic. en Administración de Empresas,3,8,4,1,1,0,19,1,0,0,1,0,1,0,0,ninguno,6,7,6,11.666666666666666,6,6,6,12.333333333333334,0,78.3,2,1,13.9,-0.3,0.79,Abandono,1,50.0,0,0.0,11.096409789452942,0,1
2025,3,Ing. Financiera y de Riesgos,4,1,1,1,1,0,19,1,0,0,1,0,1,0,0,ninguno,6,7,5,12.6,6,10,5,12.375,1,74.7,0,0,10.8,1.4,1.74,Activo,0,37.5,0,1.0,12.069975115736492,0,0
2024,3,Lic. en Ciencia de Datos e Inteligencia de Negocios,5,1,1,1,1,0,19,1,0,0,1,0,0,0,0,ninguno,6,6,6,11.666666666666666,6,6,6,11.5,0,86.0,0,0,12.7,3.7,-1.7,Activo,0,37.5,0,0.0,11.054559118957119,0,0
2023,1,Ing. Comercial,1,1,1,1,1,0,19,1,0,1,1,0,0,0,0,credito,6,6,6,15.0,6,6,6,13.333333333333334,0,94.6,0,0,8.9,1.4,3.51,Activo,0,12.5,0,0.0,13.745950378753141,0,0
2024,5,Ing. Comercio Internacional,2,1,5,1,1,0,18,1,0,0,0,1,1,0,0,ninguno,7,0,0,0.0,8,0,0,0.0,7,76.6,0,0,9.4,-0.8,-3.12,Abandono,1,62.5,1,2.0,0.0,1,0
2025,7,Lic. en Administración de Empresas,3,1,4,1,1,0,20,1,0,0,1,0,1,0,0,ninguno,6,7,6,13.571428571428571,6,6,6,13.333333333333334,0,81.7,0,0,13.9,-0.3,0.79,Activo,0,87.5,1,0.0,12.653849364995308,0,0
2025,6,Ing. Financiera y de Riesgos,4,8,1,1,1,0,20,1,0,0,1,0,0,0,0,ninguno,6,8,5,10.8,6,9,4,11.5,1,77.5,1,1,9.4,-0.8,-3.12,Activo,0,75.0,1,0.0,10.62804836144586,0,1
2023,3,Lic. en Ciencia de Datos e Inteligencia de Negocios,5,1,1,1,1,0,21,1,0,0,1,0,1,0,0,ninguno,5,8,3,11.333333333333334,5,8,3,13.333333333333334,2,91.5,0,0,12.7,3.7,-1.7,Activo,0,37.5,1,0.0,11.655678731544327,1,0
2023,3,Ing. Comercial,1,1,1,0,2,0,31,2,0,0,1,0,0,0,1,ninguno,10,16,5,11.4,10,10,6,12.833333333333334,5,75.2,0,0,9.4,-0.8,-3.12,Abandono,1,37.5,1,2.0,11.33302226761683,1,0
2024,2,Ing. Comercio Internacional,2,1,1,1,1,0,20,1,0,1,1,0,0,0,0,beca,7,14,7,10.642857142857142,8,8,8,11.55,0,81.4,0,0,12.7,3.7,-1.7,Activo,0,25.0,2,0.0,10.501490699800838,0,0
2025,7,Lic. en Administración de Empresas,3,8,5,1,1,0,19,1,0,1,1,0,1,0,0,credito,5,8,3,10.5,5,6,4,11.75,2,75.0,0,0,7.6,2.6,0.32,Activo,0,87.5,0,0.0,10.227189128681179,1,0
2024,7,Ing. Financiera y de Riesgos,4,1,1,1,1,0,18,1,0,0,1,0,1,0,0,ninguno,7,7,6,14.65,7,7,6,14.65,1,75.8,0,0,7.6,2.6,0.32,Activo,0,87.5,1,0.0,13.809915045298528,0,0
2025,2,Lic. en Ciencia de Datos e Inteligencia de Negocios,5,8,3,1,1,0,19,1,0,1,1,0,1,0,1,beca,7,7,7,13.714285714285714,8,11,8,14.863636363636363,0,100.0,1,1,16.2,0.3,-0.92,Activo,0,25.0,1,0.0,13.943695158265639,0,1
2025,5,Ing. Comercial,1,14,1,1,1,0,30,1,0,0,1,0,0,0,1,ninguno,16,19,15,12.266666666666667,13,14,13,12.071428571428571,1,68.8,0,0,9.4,-0.8,-3.12,Activo,0,62.5,0,0.0,11.43425990968404,0,0
2023,3,Ing. Comercio Internacional,2,8,1,1,1,0,21,1,0,0,1,0,1,0,0,ninguno,6,11,6,10.375,6,12,3,11.666666666666666,0,58.2,1,1,12.7,3.7,-1.7,Activo,0,37.5,1,0.0,10.556105447661507,1,1
2024,2,Lic. en Administración de Empresas,3,9,1,1,1,0,19,1,0,0,1,0,1,0,0,ninguno,5,8,5,11.0,5,6,5,15.4,0,63.4,1,1,12.4,0.5,1.79,Activo,0,25.0,1,0.0,12.509737214732906,1,1
2024,1,Ing. Financiera y de Riesgos,4,1,6,1,1,0,22,1,0,0,1,1,1,0,1,ninguno,5,5,5,13.8,5,5,5,13.0,0,77.5,0,0,7.6,2.6,0.32,Activo,0,12.5,0,0.0,12.430178090156923,0,0
2025,4,Lic. en Ciencia de Datos e Inteligencia de Negocios,5,1,1,1,1,0,18,1,0,1,1,0,0,0,1,credito,6,6,6,12.666666666666666,6,6,6,12.833333333333334,0,87.3,0,0,11.1,0.6,2.02,Activo,0,50.0,0,0.0,11.834656596813424,0,0
2023,3,Ing. Comercial,1,8,1,1,1,0,18,1,0,0,1,0,1,0,0,ninguno,6,8,6,11.75,6,10,5,12.0,0,81.3,2,1,12.7,3.7,-1.7,Activo,0,37.5,0,0.0,11.291838517819407,0,1
2025,7,Ing. Comercio Internacional,2,1,3,1,1,0,19,1,0,1,1,0,1,0,0,beca,8,8,7,12.785714285714286,8,8,7,12.785714285714286,1,82.1,2,1,12.7,3.7,-1.7,Activo,0,87.5,0,0.0,12.28165458487324,0,1
2023,8,Lic. en Administración de Empresas,3,1,1,1,1,0,18,1,0,0,1,0,1,0,0,ninguno,6,11,6,14.444444444444445,6,6,6,13.333333333333334,0,80.9,0,0,16.2,0.3,-0.92,Activo,0,100.0,0,0.0,13.424804867803108,0,0
2024,3,Ing. Financiera y de Riesgos,4,1,6,1,1,0,21,1,0,0,1,0,1,0,0,ninguno,7,8,6,13.25,8,8,8,13.8375,1,72.0,0,0,13.9,-0.3,0.79,Activo,0,37.5,0,0.0,12.870989591170435,0,0
2025,3,Lic. en Ciencia de Datos e Inteligencia de Negocios,5,8,1,1,1,0,18,1,0,0,1,0,1,0,0,ninguno,7,9,7,12.50625,8,15,5,13.2,0,81.0,0,0,13.9,-0.3,0.79,Activo,0,37.5,0,0.0,12.47315108271936,0,0
2025,2,Ing. Comercial,1,1,1,1,1,0,20,1,0,0,1,0,1,0,0,ninguno,0,0,0,0.0,0,0,0,0.0,0,79.7,0,0,11.1,0.6,2.02,Activo,0,25.0,1,0.0,0.0,0,0
2023,5,Ing. Comercio Internacional,2,1,1,1,1,0,18,1,0,0,1,0,1,0,1,ninguno,5,8,4,12.75,5,10,4,11.75,1,89.2,0,0,12.7,3.7,-1.7,Activo,0,62.5,0,0.0,11.949066452356446,0,0
2023,2,Lic. en Administración de Empresas,3,12,1,1,3,0,25,1,0,0,1,0,1,0,0,ninguno,6,7,6,16.857142857142858,6,6,6,16.5,0,72.4,0,0,13.9,-0.3,0.79,Activo,0,25.0,0,0.0,16.151876687049338,0,0
2025,1,Ing. Financiera y de Riesgos,4,1,1,1,1,0,19,1,0,0,1,0,0,0,0,ninguno,6,6,6,13.166666666666666,6,6,6,15.0,0,69.7,0,0,16.2,0.3,-0.92,Activo,0,12.5,0,0.0,13.629379313651926,0,0
2025,2,Lic. en Ciencia de Datos e Inteligencia de Negocios,5,1,1,1,1,0,19,1,0,1,1,0,1,0,1,beca,6,9,5,12.2,6,10,4,11.5,1,71.2,0,0,7.6,2.6,0.32,Activo,0,25.0,1,0.0,10.870146847027453,0,0
2025,6,Ing. Comercial,1,12,1,1,1,0,26,1,0,0,1,0,1,0,0,ninguno,6,7,6,16.5,6,8,6,14.285714285714286,0,70.7,1,1,8.9,1.4,3.51,Activo,0,75.0,0,0.0,14.583787519158157,0,1
2023,5,Ing. Comercio Internacional,2,8,2,1,1,0,21,1,0,0,1,0,1,0,0,ninguno,5,10,4,11.75,5,6,5,11.6,1,90.6,0,0,12.4,0.5,1.79,Activo,0,62.5,0,1.0,11.130242633676435,0,0
2024,1,Lic. en Administración de Empresas,3,1,1,1,1,0,19,1,0,0,1,0,0,0,0,ninguno,5,14,1,11.0,5,6,0,0.0,4,75.4,1,1,13.9,-0.3,0.79,Abandono,1,12.5,0,1.0,5.1350084394285656,1,1
2025,1,Ing. Financiera y de Riesgos,4,8,1,1,1,0,19,1,0,1,1,0,0,0,0,beca,8,8,7,15.114285714285714,8,8,7,15.114285714285714,1,74.2,3,1,12.7,3.7,-1.7,Activo,0,12.5,1,0.0,14.452525298002277,0,1
2024,2,Lic. en Ciencia de Datos e Inteligencia de Negocios,5,1,1,1,1,0,18,1,0,1,1,0,1,0,0,beca,6,8,6,15.5,6,7,6,14.285714285714286,0,78.5,0,0,16.2,0.3,-0.92,Activo,0,25.0,0,0.0,14.443443625928913,0,0
2024,2,Ing. Comercial,1,14,1,0,1,0,32,2,0,1,1,0,0,0,0,beca,10,12,7,11.142857142857142,10,10,8,12.0,3,100.0,2,1,10.8,1.4,1.74,Activo,0,25.0,0,1.0,10.89592788929972,1,1
2023,1,Ing. Comercio Internacional,2,1,1,1,1,0,18,1,0,1,1,0,0,0,0,credito,6,6,6,11.333333333333334,6,8,6,11.333333333333334,0,91.3,0,0,15.5,2.8,-4.06,Activo,0,12.5,0,0.0,10.44857968540811,0,0
2024,5,Lic. en Administración de Empresas,3,1,5,1,1,0,20,1,0,0,1,0,0,0,0,ninguno,7,9,5,12.04,7,9,6,11.77142857142857,2,86.8,1,1,12.4,0.5,1.79,Activo,0,62.5,1,1.0,11.174659499243315,1,1
2024,5,Ing. Financiera y de Riesgos,4,8,3,1,1,0,20,1,0,0,1,0,0,0,0,ninguno,5,7,5,11.166666666666666,5,9,4,10.75,0,69.6,0,0,15.5,2.8,-4.06,Activo,0,62.5,0,0.0,10.21468143965183,0,0
2025,1,Lic. en Ciencia de Datos e Inteligencia de Negocios,5,12,1,1,1,0,39,4,0,1,1,1,0,0,0,beca,5,6,5,10.6,5,7,4,10.75,0,95.5,2,1,9.4,-0.8,-3.12,Activo,0,12.5,0,0.0,9.996278797656032,0,1
2025,2,Ing. Comercial,1,1,1,1,1,0,20,1,0,0,1,0,1,0,1,ninguno,5,10,4,12.5,5,12,2,13.0,1,97.3,3,1,12.7,3.7,-1.7,Activo,0,25.0,0,0.0,11.800914057158014,0,1
2025,2,Ing. Comercio Internacional,2,1,1,1,1,0,18,1,0,0,0,1,1,0,1,ninguno,0,0,0,0.0,0,0,0,0.0,0,87.6,0,0,12.4,0.5,1.79,Abandono,1,25.0,0,0.0,0.0,0,0
2024,2,Lic. en Administración de Empresas,3,8,1,1,1,0,18,1,0,1,1,1,0,0,0,beca,6,6,6,15.666666666666666,6,6,6,13.833333333333334,0,92.0,1,1,8.9,1.4,3.51,Activo,0,25.0,0,0.0,14.091093759248514,0,1
2025,7,Ing. Financiera y de Riesgos,4,1,1,1,1,0,21,1,0,0,1,0,1,0,0,ninguno,12,12,12,15.333333333333334,11,15,11,15.0,0,71.3,2,1,8.9,1.4,3.51,Activo,0,87.5,0,0.0,14.652635025666214,0,1
2023,1,Lic. en Ciencia de Datos e Inteligencia de Negocios,5,1,5,1,1,0,18,1,0,0,1,0,1,0,0,ninguno,7,9,6,12.183333333333332,7,9,6,11.783333333333331,1,92.8,2,1,16.2,0.3,-0.92,Activo,0,12.5,0,0.0,11.36162242921772,0,1
2025,6,Ing. Comercial,1,1,2,1,1,0,18,1,0,0,1,0,0,0,0,ninguno,5,8,2,10.0,5,9,3,11.333333333333334,3,84.6,2,1,7.6,2.6,0.32,Activo,0,75.0,0,1.0,10.236076128129737,1,1
2024,3,Ing. Comercio Internacional,2,14,1,1,1,0,21,1,0,0,1,0,1,0,0,ninguno,14,23,9,12.0,12,21,8,11.25,5,65.5,0,0,15.5,2.8,-4.06,Activo,0,37.5,0,1.0,10.879558979277338,1,0
2024,1,Lic. en Administración de Empresas,3,1,1,1,1,0,22,1,0,0,1,0,1,0,0,ninguno,5,8,3,10.333333333333334,5,11,2,10.0,2,85.1,0,0,7.6,2.6,0.32,Abandono,1,12.5,0,1.0,9.516602031619104,1,0
2024,5,Ing. Financiera y de Riesgos,4,8,1,1,1,1,21,1,0,0,1,0,1,0,0,ninguno,6,11,6,11.166666666666666,6,14,3,14.666666666666666,0,73.7,1,1,7.6,2.6,0.32,Activo,0,62.5,0,0.0,12.54435633219737,0,1
2024,4,Lic. en Ciencia de Datos e Inteligencia de Negocios,5,14,1,1,1,1,20,1,0,1,1,0,1,0,0,beca,6,8,3,11.0,6,8,2,11.333333333333334,3,73.5,0,0,10.8,1.4,1.74,Activo,0,50.0,1,2.0,10.728313219882937,1,0
2025,1,Ing. Comercial,1,1,2,1,1,1,21,1,0,1,1,0,1,0,0,beca,0,0,0,0.0,0,0,0,0.0,0,74.7,0,0,10.8,1.4,1.74,Activo,0,12.5,1,0.0,0.0,0,0
2023,1,Ing. Comercio Internacional,2,1,1,1,1,0,20,1,1,1,1,0,1,0,0,credito,6,7,6,12.857142857142858,6,8,5,11.8,0,89.4,2,1,8.9,1.4,3.51,Activo,0,12.5,0,0.0,11.407259135068228,0,1
2024,2,Lic. en Administración de Empresas,3,1,4,1,1,0,19,1,0,0,1,0,1,0,1,ninguno,8,8,7,14.328571428571427,8,8,7,14.328571428571427,1,82.3,0,0,10.8,1.4,1.74,Activo,0,25.0,0,0.0,13.63209792412966,0,0
2025,2,Ing. Financiera y de Riesgos,4,1,1,1,1,0,20,1,0,1,1,0,0,0,1,beca,6,7,6,15.0,6,6,6,16.333333333333332,0,64.9,1,1,13.9,-0.3,0.79,Activo,0,25.0,0,0.0,14.889592166520737,1,1
2024,7,Lic. en Ciencia de Datos e Inteligencia de Negocios,5,1,1,1,1,0,19,1,0,0,1,0,1,0,1,ninguno,5,9,5,13.6,5,5,5,12.4,0,98.5,3,1,12.7,3.7,-1.7,Activo,0,87.5,0,0.0,12.462680015179263,0,1
2023,6,Ing. Comercial,1,1,1,1,1,0,18,1,0,1,1,0,1,0,0,beca,5,12,5,12.857142857142858,5,8,4,13.25,0,65.1,0,0,9.4,-0.8,-3.12,Activo,0,75.0,0,0.0,12.353583453440464,0,0
2023,1,Ing. Comercio Internacional,2,8,2,1,1,0,18,1,0,0,1,0,1,0,0,ninguno,6,7,2,14.5,6,6,1,10.0,4,80.8,1,1,15.5,2.8,-4.06,Abandono,1,12.5,0,2.0,11.636834124153353,1,1
2025,1,Lic. en Administración de Empresas,3,12,1,0,1,0,24,1,0,0,1,0,0,1,0,ninguno,5,7,3,10.666666666666666,5,7,3,10.5,2,80.6,0,0,10.8,1.4,1.74,Abandono,1,12.5,1,1.0,9.82194239449712,1,0
2025,7,Ing. Financiera y de Riesgos,4,1,1,1,1,0,21,1,0,1,0,1,0,0,1,credito,6,7,6,13.428571428571429,6,8,6,11.333333333333334,0,85.7,2,1,8.9,1.4,3.51,Abandono,1,87.5,0,0.0,12.045549484697075,0,1
2024,4,Lic. en Ciencia de Datos e Inteligencia de Negocios,5,1,3,1,1,1,18,1,0,1,1,0,1,0,0,beca,7,12,7,11.716666666666663,8,13,4,10.868,0,78.4,2,1,15.5,2.8,-4.06,Activo,0,50.0,0,0.0,10.64702318196606,0,1
2024,1,Ing. Comercial,1,8,1,1,1,1,20,1,0,1,1,0,1,0,0,credito,5,11,4,12.0,5,5,5,12.8,1,88.8,0,0,11.1,0.6,2.02,Activo,0,12.5,0,1.0,11.892805162399224,0,0
2023,6,Ing. Comercio Internacional,2,9,2,1,1,0,20,1,0,0,0,1,1,0,0,ninguno,6,11,5,13.2,6,8,4,10.75,1,78.4,0,0,10.8,1.4,1.74,Abandono,1,75.0,0,0.0,11.446670457105464,0,0
2025,1,Lic. en Administración de Empresas,3,8,3,1,1,0,18,1,0,0,1,1,1,0,1,ninguno,6,7,5,12.2,6,10,4,12.25,1,85.9,0,0,12.4,0.5,1.79,Abandono,1,12.5,0,0.0,11.252357797909356,0,0
2024,1,Ing. Financiera y de Riesgos,4,12,1,1,1,0,25,1,0,1,1,0,1,0,1,mixto,7,11,5,12.58,7,9,6,12.157142857142857,2,72.1,3,1,8.9,1.4,3.51,Activo,0,12.5,1,1.0,11.940685059673461,1,1
2023,2,Lic. en Ciencia de Datos e Inteligencia de Negocios,5,8,5,1,1,0,19,1,0,1,1,0,1,0,1,beca,6,9,5,11.333333333333334,6,6,6,10.833333333333334,1,86.2,0,0,13.9,-0.3,0.79,Activo,0,25.0,0,0.0,10.565461656528317,0,0
2023,4,Ing. Comercial,1,12,1,1,1,1,35,2,0,0,1,1,0,0,1,ninguno,7,9,0,0.0,7,8,0,0.0,7,74.3,0,0,11.1,0.6,2.02,Abandono,1,50.0,0,3.0,0.0,1,0
2024,2,Ing. Comercio Internacional,2,1,4,1,1,0,19,1,0,1,1,0,1,0,0,credito,7,9,6,12.428571428571429,8,8,8,14.0,1,86.6,2,1,13.9,-0.3,0.79,Activo,0,25.0,1,1.0,12.310166850580979,0,1
2025,1,Lic. en Administración de Empresas,3,1,1,1,1,1,18,1,0,1,1,0,1,0,0,mixto,6,6,6,13.0,6,6,6,13.0,0,99.0,0,0,13.9,-0.3,0.79,Abandono,1,12.5,0,0.0,12.40833094175554,0,0
2024,1,Ing. Financiera y de Riesgos,4,1,1,1,1,1,19,1,0,0,1,0,0,0,1,ninguno,8,8,7,14.535714285714286,8,8,7,14.535714285714286,1,70.5,2,1,10.8,1.4,1.74,Activo,0,12.5,0,1.0,13.715008589092566,0,1
2025,1,Lic. en Ciencia de Datos e Inteligencia de Negocios,5,14,1,1,1,1,19,1,0,1,1,0,1,0,0,beca,7,8,5,11.2,7,8,5,11.2,2,73.3,0,0,7.6,2.6,0.32,Activo,0,12.5,0,1.0,10.300538131249638,1,0
2023,7,Ing. Comercial,1,8,1,1,1,1,18,1,0,0,1,0,0,0,1,ninguno,6,6,6,16.0,6,6,6,13.666666666666666,0,89.0,0,0,12.4,0.5,1.79,Activo,0,87.5,0,0.0,14.316321884258038,0,0
2024,6,Ing. Comercio Internacional,2,12,1,1,12,1,24,1,0,0,1,1,1,0,0,ninguno,6,13,5,13.142857142857142,6,15,3,12.666666666666666,1,71.6,2,1,16.2,0.3,-0.92,Abandono,1,75.0,0,0.0,12.329836776284807,0,1
2024,8,Lic. en Administración de Empresas,3,14,1,0,1,1,25,1,1,0,1,0,1,0,1,ninguno,14,23,11,11.6875,10,20,8,11.142857142857142,3,83.6,0,0,9.4,-0.8,-3.12,Activo,0,100.0,0,1.0,10.865589214846722,1,0
2024,8,Ing. Financiera y de Riesgos,4,12,1,1,1,1,28,1,0,0,1,0,1,0,0,ninguno,5,11,4,10.5,5,12,4,11.0,1,77.5,1,1,7.6,2.6,0.32,Activo,0,100.0,0,0.0,9.867000933967455,0,1
2024,8,Lic. en Ciencia de Datos e Inteligencia de Negocios,5,1,1,1,1,1,19,1,0,1,1,0,0,0,0,beca,6,9,6,13.833333333333334,6,12,5,13.666666666666666,0,73.9,0,0,11.1,0.6,2.02,Activo,0,100.0,0,0.0,13.41895719663248,0,0
2024,4,Ing. Comercial,1,8,2,1,1,1,19,1,0,0,1,0,0,0,0,ninguno,5,0,0,0.0,5,0,0,0.0,5,88.7,0,0,16.2,0.3,-0.92,Abandono,1,50.0,0,2.0,0.0,1,0
2024,2,Ing. Comercio Internacional,2,12,1,1,8,1,30,1,0,1,0,0,0,0,0,credito,5,13,0,0.0,5,5,0,0.0,5,74.9,1,1,9.4,-0.8,-3.12,Abandono,1,25.0,0,2.0,0.0,1,1
2025,4,Lic. en Administración de Empresas,3,1,1,1,1,1,19,1,0,0,1,0,1,0,0,ninguno,7,9,0,0.0,7,8,0,0.0,7,79.5,0,0,15.5,2.8,-4.06,Abandono,1,50.0,0,3.0,0.0,1,0
2025,1,Ing. Financiera y de Riesgos,4,8,1,1,1,1,21,1,0,0,1,0,1,0,1,ninguno,5,10,1,10.0,5,5,0,0.0,4,66.1,0,0,11.1,0.6,2.02,Abandono,1,12.5,0,1.0,4.394597448494414,1,0
2024,4,Lic. en Ciencia de Datos e Inteligencia de Negocios,5,1,1,1,1,1,19,1,0,0,1,0,0,0,0,ninguno,0,0,0,0.0,0,0,0,0.0,0,81.6,0,0,13.9,-0.3,0.79,Abandono,1,50.0,0,0.0,0.0,0,0
2025,3,Ing. Comercial,1,12,1,1,1,1,29,1,0,0,0,0,0,0,0,ninguno,6,9,0,0.0,6,6,0,0.0,6,68.2,1,1,13.9,-0.3,0.79,Abandono,1,37.5,0,3.0,0.0,1,1
2024,2,Ing. Comercio Internacional,2,1,1,1,1,1,18,1,0,0,1,0,0,0,0,ninguno,6,7,4,12.6,6,6,4,13.0,2,88.2,0,0,12.4,0.5,1.79,Abandono,1,25.0,2,1.0,12.198498364874393,1,0
2023,1,Lic. en Administración de Empresas,3,1,2,1,1,1,21,1,0,0,1,0,0,0,1,ninguno,5,10,3,11.25,5,9,3,11.0,2,68.2,1,1,15.5,2.8,-4.06,Activo,0,12.5,0,1.0,10.473807911076555,1,1
2025,3,Ing. Financiera y de Riesgos,4,13,1,1,1,1,20,1,0,0,1,0,0,0,1,ninguno,7,13,7,12.375,7,8,4,11.25,0,69.5,1,1,13.9,-0.3,0.79,Abandono,1,37.5,0,0.0,10.881667614631779,0,1
2023,1,Lic. en Ciencia de Datos e Inteligencia de Negocios,5,16,1,0,1,1,24,1,0,0,1,1,0,0,1,ninguno,10,15,7,10.714285714285714,10,11,9,12.555555555555555,3,100.0,0,0,12.4,0.5,1.79,Activo,0,12.5,0,1.0,11.15233602095785,1,0
2023,1,Ing. Comercial,1,8,2,1,1,1,18,1,0,0,0,0,1,0,0,ninguno,6,6,0,0.0,6,0,0,0.0,6,72.5,3,1,8.9,1.4,3.51,Abandono,1,12.5,1,1.0,0.0,1,1
2025,5,Ing. Comercio Internacional,2,13,1,1,1,1,23,1,0,0,1,0,1,0,0,ninguno,6,14,5,12.0,6,12,5,12.142857142857142,1,86.6,0,0,15.5,2.8,-4.06,Activo,0,62.5,0,1.0,11.320459590850383,0,0
2024,6,Lic. en Administración de Empresas,3,1,6,1,1,1,19,1,0,0,1,0,1,0,1,ninguno,5,6,5,12.6,5,8,3,12.666666666666666,0,88.1,2,1,8.9,1.4,3.51,Activo,0,75.0,0,0.0,12.319094751586013,0,1
2023,6,Ing. Financiera y de Riesgos,4,4,1,1,3,1,35,1,0,0,1,0,0,0,0,ninguno,6,7,0,0.0,6,6,0,0.0,6,84.2,0,0,16.2,0.3,-0.92,Abandono,1,75.0,0,2.0,0.0,1,0
2024,7,Lic. en Ciencia de Datos e Inteligencia de Negocios,5,1,1,1,1,1,20,1,0,0,1,0,1,0,0,ninguno,8,8,7,12.84142857142857,8,8,7,12.84142857142857,1,66.6,1,1,10.8,1.4,1.74,Activo,0,87.5,0,0.0,12.516542257144232,0,1
2023,3,Ing. Comercial,1,12,1,1,16,1,33,2,0,0,1,0,0,0,0,ninguno,6,6,0,0.0,5,5,0,0.0,6,84.5,3,1,8.9,1.4,3.51,Abandono,1,37.5,0,3.0,0.0,1,1
2024,2,Ing. Comercio Internacional,2,1,1,1,1,1,18,1,0,0,1,0,1,0,1,ninguno,6,7,6,14.166666666666666,6,6,6,12.833333333333334,0,70.6,1,1,9.4,-0.8,-3.12,Activo,0,25.0,0,0.0,12.589154318616162,0,1
2025,8,Lic. en Administración de Empresas,3,1,1,1,1,1,20,1,0,0,1,0,1,0,0,ninguno,6,7,6,12.166666666666666,6,9,3,12.0,0,82.3,0,0,12.4,0.5,1.79,Activo,0,100.0,2,0.0,11.575192710055301,0,0
2024,7,Ing. Financiera y de Riesgos,4,8,1,1,1,1,19,1,0,0,1,0,1,0,0,ninguno,6,12,4,10.8,6,14,3,11.0,2,75.2,2,1,13.9,-0.3,0.79,Abandono,1,87.5,0,0.0,10.419812138862307,1,1
2025,3,Lic. en Ciencia de Datos e Inteligencia de Negocios,5,8,5,1,1,1,18,1,0,0,1,0,1,0,0,ninguno,6,6,6,13.0,6,12,0,0.0,0,78.3,1,1,7.6,2.6,0.32,Abandono,1,37.5,0,0.0,5.932991242526073,0,1
2023,2,Ing. Comercial,1,12,1,0,1,1,28,1,0,0,0,0,0,0,0,ninguno,5,0,0,0.0,5,0,0,0.0,5,85.7,0,0,8.9,1.4,3.51,Abandono,1,25.0,0,2.0,0.0,1,0
2023,2,Ing. Comercio Internacional,2,1,1,1,1,1,18,1,0,0,1,0,0,0,0,ninguno,5,5,5,13.0,5,6,5,13.333333333333334,0,85.7,2,1,16.2,0.3,-0.92,Activo,0,25.0,0,0.0,12.6060301937969,0,1
2025,1,Lic. en Administración de Empresas,3,1,1,1,1,1,25,1,0,0,1,1,1,0,1,ninguno,6,8,6,11.571428571428571,6,9,6,11.571428571428571,0,71.8,0,0,15.5,2.8,-4.06,Abandono,1,12.5,0,0.0,11.048634989144935,0,0
2024,2,Ing. Financiera y de Riesgos,4,1,1,1,1,1,19,1,0,0,0,1,0,1,0,ninguno,6,6,4,11.5,6,6,5,11.0,2,88.8,0,0,8.9,1.4,3.51,Abandono,1,25.0,0,1.0,10.515206615206168,1,0
2023,3,Lic. en Ciencia de Datos e Inteligencia de Negocios,5,9,2,1,1,1,18,1,0,0,1,0,0,0,0,ninguno,6,8,5,11.0,6,6,4,10.75,1,89.4,1,1,9.4,-0.8,-3.12,Activo,0,37.5,0,1.0,10.460015435395563,0,1
2025,1,Ing. Comercial,1,4,1,1,3,1,29,1,0,0,1,0,1,0,1,ninguno,6,10,6,17.11111111111111,6,9,6,15.571428571428571,0,69.5,0,0,13.9,-0.3,0.79,Activo,0,12.5,0,0.0,15.449082936557632,0,0
2025,6,Ing. Comercio Internacional,2,1,1,1,1,1,18,1,0,0,1,0,1,0,0,ninguno,0,0,0,0.0,0,0,0,0.0,0,86.9,2,1,7.6,2.6,0.32,Activo,0,75.0,0,0.0,0.0,0,1
2023,5,Lic. en Administración de Empresas,3,1,1,1,1,1,20,1,0,1,1,0,0,0,0,beca,6,9,6,12.571428571428571,6,6,6,12.166666666666666,0,91.7,1,1,8.9,1.4,3.51,Activo,0,62.5,0,0.0,11.735509373548929,0,1
2025,2,Ing. Financiera y de Riesgos,4,15,1,1,14,1,20,1,0,0,1,0,0,0,0,ninguno,6,6,0,0.0,6,8,0,0.0,6,72.3,2,1,15.5,2.8,-4.06,Abandono,1,25.0,0,3.0,0.0,1,1
2023,8,Lic. en Ciencia de Datos e Inteligencia de Negocios,5,1,4,1,1,1,18,1,0,0,1,0,1,0,0,ninguno,6,7,6,14.5,6,6,6,15.166666666666666,0,100.0,0,0,9.4,-0.8,-3.12,Activo,0,100.0,1,0.0,14.360331784312127,0,0
2023,6,Ing. Comercial,1,1,6,1,1,1,21,1,0,1,1,0,1,0,0,credito,6,6,6,13.5,6,6,6,12.333333333333334,0,64.2,0,0,12.4,0.5,1.79,Activo,0,75.0,0,0.0,12.604370847673891,1,0
2025,2,Ing. Comercio Internacional,2,8,2,1,1,1,18,1,0,0,0,0,0,0,0,ninguno,6,9,5,11.2,6,14,2,10.0,1,77.6,2,1,9.4,-0.8,-3.12,Abandono,1,25.0,2,0.0,9.866554452479123,0,1
2025,2,Lic. en Administración de Empresas,3,1,5,1,1,1,20,1,0,0,1,0,1,0,0,ninguno,5,10,3,10.666666666666666,5,5,4,12.25,2,79.6,1,1,7.6,2.6,0.32,Activo,0,25.0,1,1.0,10.83779674845803,1,1
2024,8,Ing. Financiera y de Riesgos,4,14,1,0,1,0,23,1,0,0,1,0,0,0,1,ninguno,13,15,9,11.0,11,12,7,11.571428571428571,4,94.9,0,0,15.5,2.8,-4.06,Activo,0,100.0,0,2.0,10.588699103307174,1,0
2023,3,Lic. en Ciencia de Datos e Inteligencia de Negocios,5,12,1,0,1,0,26,1,0,0,1,0,0,0,1,ninguno,1,2,0,0.0,5,8,0,0.0,1,92.5,0,0,16.2,0.3,-0.92,Abandono,1,37.5,0,0.0,0.0,0,0
2023,5,Ing. Comercial,1,8,3,1,1,0,19,1,0,0,1,1,0,0,0,ninguno,5,5,1,10.0,5,5,0,0.0,4,80.2,0,0,9.4,-0.8,-3.12,Abandono,1,62.5,0,2.0,4.02105209850384,1,0
2024,1,Ing. Comercio Internacional,2,12,1,1,1,0,24,1,0,1,0,1,1,0,0,beca,7,14,5,12.36,8,15,5,12.0,2,79.7,1,1,8.9,1.4,3.51,Abandono,1,12.5,0,1.0,11.435882802171077,1,1
2025,4,Lic. en Administración de Empresas,3,1,1,1,1,0,20,1,0,1,1,0,1,0,1,beca,6,8,6,15.25,6,7,6,14.714285714285714,0,76.8,0,0,11.1,0.6,2.02,Activo,0,50.0,0,0.0,14.14730394424615,0,0
2025,6,Ing. Financiera y de Riesgos,4,8,1,0,1,0,26,1,0,0,0,1,1,0,1,ninguno,5,5,0,0.0,5,6,0,0.0,5,77.6,1,1,10.8,1.4,1.74,Abandono,1,75.0,0,2.0,0.0,1,1
2025,2,Lic. en Ciencia de Datos e Inteligencia de Negocios,5,12,1,1,9,0,31,1,0,0,1,0,0,0,0,ninguno,5,8,1,13.0,5,9,4,12.25,4,76.2,0,0,10.8,1.4,1.74,Abandono,1,25.0,0,2.0,12.212499090575946,1,0
2025,5,Ing. Comercial,1,14,1,1,1,0,27,2,0,0,1,0,1,0,0,ninguno,8,8,8,13.81375,8,8,8,13.81375,0,78.8,1,1,9.4,-0.8,-3.12,Activo,0,62.5,0,0.0,13.000506636532917,0,1
2023,2,Ing. Comercio Internacional,2,1,1,1,1,0,24,1,0,0,1,1,0,0,0,ninguno,6,8,6,13.285714285714286,6,13,6,12.875,0,84.2,1,1,11.1,0.6,2.02,Activo,0,25.0,0,0.0,12.47840132338554,0,1
2025,6,Lic. en Administración de Empresas,3,15,1,1,14,0,23,1,0,0,1,0,1,0,0,ninguno,6,11,4,11.5,6,12,4,12.2,2,64.5,1,1,8.9,1.4,3.51,Activo,0,75.0,0,1.0,11.237824310716915,1,1
2023,1,Ing. Financiera y de Riesgos,4,1,2,1,1,0,20,1,0,1,1,0,1,0,0,beca,7,8,7,11.9625,8,9,8,13.044444444444444,0,84.9,2,1,13.9,-0.3,0.79,Activo,0,12.5,0,0.0,11.987446845077416,0,1
2023,1,Lic. en Ciencia de Datos e Inteligencia de Negocios,5,1,6,1,1,0,20,1,0,0,1,0,1,0,0,ninguno,7,9,6,13.683333333333332,8,11,6,13.116666666666667,1,81.3,0,0,11.1,0.6,2.02,Activo,0,12.5,1,0.0,12.674850531565578,0,0
2025,4,Ing. Comercial,1,12,1,1,1,0,24,1,0,0,1,0,1,0,1,ninguno,8,8,7,14.985714285714286,8,8,7,14.985714285714286,1,89.6,2,1,12.7,3.7,-1.7,Activo,0,50.0,0,0.0,14.556098753922944,0,1
2024,6,Ing. Comercio Internacional,2,12,1,1,1,0,39,2,0,0,1,0,0,0,0,ninguno,5,8,4,11.25,5,8,4,11.5,1,87.7,0,0,11.1,0.6,2.02,Activo,0,75.0,0,0.0,10.636158604480274,0,0
2023,3,Lic. en Administración de Empresas,3,1,2,1,1,0,18,1,0,0,1,0,1,0,0,ninguno,6,8,4,12.5,6,6,5,12.6,2,64.4,1,1,12.7,3.7,-1.7,Activo,0,37.5,0,1.0,12.128340800005333,1,1
2024,3,Ing. Financiera y de Riesgos,4,8,3,1,1,0,20,1,0,0,1,0,0,0,0,ninguno,6,0,0,0.0,6,0,0,0.0,6,93.8,0,0,11.1,0.6,2.02,Abandono,1,37.5,0,3.0,0.0,1,0
2025,3,Lic. en Ciencia de Datos e Inteligencia de Negocios,5,1,2,1,1,0,18,1,0,0,1,0,1,0,0,ninguno,7,10,7,13.78,8,10,8,13.661,0,82.7,2,1,15.5,2.8,-4.06,Activo,0,37.5,0,0.0,13.189249617910656,0,1
2023,6,Ing. Comercial,1,1,2,1,1,0,19,1,0,0,1,0,1,0,0,ninguno,7,10,7,13.805,8,8,8,14.2725,0,70.7,1,1,15.5,2.8,-4.06,Activo,0,75.0,0,0.0,13.576951760593108,0,1
2024,1,Ing. Comercio Internacional,2,8,1,1,1,0,18,1,0,0,1,0,1,0,1,ninguno,5,7,5,13.8,5,5,5,12.6,0,94.1,2,1,10.8,1.4,1.74,Activo,0,12.5,0,0.0,12.277705853010566,0,1
2024,1,Lic. en Administración de Empresas,3,1,1,1,1,0,22,1,0,0,1,0,1,0,1,ninguno,5,7,3,12.666666666666666,5,6,4,12.0,2,81.9,2,1,7.6,2.6,0.32,Activo,0,12.5,0,0.0,11.994865915625294,1,1
2023,6,Ing. Financiera y de Riesgos,4,8,4,1,1,0,18,1,0,0,1,0,1,0,0,ninguno,7,7,7,14.424285714285714,8,8,8,13.9375,0,65.9,1,1,11.1,0.6,2.02,Activo,0,75.0,1,0.0,13.757263272340973,0,1
2023,5,Lic. en Ciencia de Datos e Inteligencia de Negocios,5,1,1,1,1,0,18,1,0,1,1,0,0,0,0,beca,6,7,6,13.166666666666666,6,6,6,12.5,0,83.1,2,1,12.4,0.5,1.79,Activo,0,62.5,0,0.0,12.149229609425198,0,1
2024,1,Ing. Comercial,1,12,1,0,1,0,30,4,0,0,1,0,0,0,0,ninguno,5,10,3,10.666666666666666,5,8,5,10.4,2,81.0,0,0,12.7,3.7,-1.7,Activo,0,12.5,1,0.0,9.896586299740102,1,0
2024,7,Ing. Comercio Internacional,2,14,1,1,9,0,34,2,0,0,1,0,0,0,0,ninguno,16,20,14,12.071428571428571,13,13,11,12.272727272727272,2,81.5,0,0,7.6,2.6,0.32,Activo,0,87.5,0,1.0,11.83998150921563,1,0
2023,3,Lic. en Administración de Empresas,3,12,1,0,12,0,38,1,0,0,1,0,0,0,0,ninguno,6,10,3,10.25,6,7,1,12.0,3,70.9,3,1,13.9,-0.3,0.79,Abandono,1,37.5,0,1.0,10.819923300389398,1,1
2025,6,Ing. Financiera y de Riesgos,4,1,1,1,1,0,19,1,0,1,1,0,1,0,1,beca,8,8,8,14.11,8,8,8,14.11,0,98.6,2,1,9.4,-0.8,-3.12,Activo,0,75.0,0,0.0,13.118352440627195,0,1
2025,1,Lic. en Ciencia de Datos e Inteligencia de Negocios,5,8,3,1,1,0,19,1,0,0,1,0,1,0,1,ninguno,6,9,5,12.4,6,10,3,10.666666666666666,1,85.5,1,1,10.8,1.4,1.74,Abandono,1,12.5,0,0.0,10.772149043082146,0,1
2025,4,Ing. Comercial,1,14,1,1,1,0,21,1,0,0,0,0,0,0,0,ninguno,6,7,6,12.0,6,6,6,12.0,0,75.0,2,1,10.8,1.4,1.74,Abandono,1,50.0,0,0.0,11.44421570836891,0,1
2024,2,Ing. Comercio Internacional,2,8,1,1,1,0,18,1,0,1,1,0,1,0,0,beca,6,6,6,14.833333333333334,6,6,6,13.5,0,78.2,2,1,11.1,0.6,2.02,Activo,0,25.0,0,0.0,13.537364093302399,0,1
2025,1,Lic. en Administración de Empresas,3,8,5,1,1,0,20,1,0,1,1,0,1,0,1,credito,6,7,6,15.428571428571429,6,7,6,13.5,0,89.5,0,0,13.9,-0.3,0.79,Activo,0,12.5,0,0.0,13.977700629967714,0,0
2024,1,Ing. Financiera y de Riesgos,4,8,5,1,1,0,18,1,0,1,1,0,0,0,0,credito,5,7,5,11.6,5,11,5,11.4,0,72.7,1,1,16.2,0.3,-0.92,Activo,0,12.5,0,0.0,10.958588351414754,0,1
2024,5,Lic. en Ciencia de Datos e Inteligencia de Negocios,5,1,3,1,1,0,18,1,0,0,1,0,1,0,0,ninguno,6,6,6,14.166666666666666,6,6,6,14.0,0,85.2,1,1,16.2,0.3,-0.92,Activo,0,62.5,0,0.0,13.329002206245583,0,1
2025,1,Ing. Comercial,1,4,1,1,2,0,36,1,0,1,1,0,1,0,0,beca,7,9,1,9.8,7,7,0,0.0,6,89.2,0,0,12.7,3.7,-1.7,Abandono,1,12.5,0,3.0,3.982031740792841,1,0
2024,3,Ing. Comercio Internacional,2,8,4,1,1,0,18,1,0,1,1,0,1,0,0,beca,5,12,4,10.714285714285714,5,9,4,11.0,1,74.5,1,1,13.9,-0.3,0.79,Activo,0,37.5,1,0.0,10.428251840986029,0,1
2025,2,Lic. en Administración de Empresas,3,14,1,1,6,0,21,1,0,1,1,0,1,0,0,beca,5,7,0,0.0,5,5,0,0.0,5,83.6,0,0,7.6,2.6,0.32,Abandono,1,25.0,0,2.0,0.0,1,0
2023,4,Ing. Financiera y de Riesgos,4,15,1,1,14,0,21,1,0,1,1,1,1,0,1,beca,6,13,3,12.333333333333334,6,12,1,13.0,3,81.0,2,1,13.9,-0.3,0.79,Abandono,1,50.0,0,1.0,12.28157702600388,1,1
2025,1,Lic. en Ciencia de Datos e Inteligencia de Negocios,5,6,1,1,1,0,18,1,1,0,1,0,0,0,0,ninguno,6,13,6,13.0,6,15,6,12.25,0,83.4,1,1,11.1,0.6,2.02,Activo,0,12.5,0,0.0,12.174505443488126,0,1
2025,1,Ing. Comercial,1,8,6,1,1,0,18,1,0,0,1,0,1,0,0,ninguno,5,7,4,11.4,5,5,4,11.25,1,60.2,0,0,9.4,-0.8,-3.12,Activo,0,12.5,0,1.0,10.998977298365247,1,0
2023,1,Ing. Comercio Internacional,2,1,2,1,1,0,19,1,0,0,1,0,1,0,0,ninguno,7,7,6,12.766666666666666,7,7,6,12.766666666666666,1,81.2,0,0,7.6,2.6,0.32,Activo,0,12.5,0,0.0,12.368098363201566,0,0
2025,6,Lic. en Administración de Empresas,3,12,1,1,12,0,29,2,0,0,1,1,0,0,0,ninguno,6,11,5,12.6,6,6,6,12.666666666666666,1,83.3,0,0,11.1,0.6,2.02,Activo,0,75.0,1,0.0,11.691221131508497,0,0
2025,1,Ing. Financiera y de Riesgos,4,15,1,1,14,0,20,1,0,1,1,0,0,0,0,beca,7,8,7,13.0,5,5,5,13.4,0,96.4,2,1,11.1,0.6,2.02,Activo,0,12.5,0,0.0,12.578392877367135,0,1
2024,3,Lic. en Ciencia de Datos e Inteligencia de Negocios,5,8,2,1,1,0,18,1,0,0,1,0,1,0,0,ninguno,7,7,6,14.316666666666668,7,7,6,14.316666666666668,1,76.8,2,1,7.6,2.6,0.32,Activo,0,37.5,0,0.0,13.96230056342182,0,1
2023,5,Ing. Comercial,1,1,1,1,1,0,19,1,0,0,1,0,1,0,0,ninguno,5,7,4,12.75,5,5,5,12.0,1,78.7,0,0,10.8,1.4,1.74,Activo,0,62.5,0,0.0,11.403191213372727,0,0
2024,2,Ing. Comercio Internacional,2,1,3,1,1,0,19,1,0,1,1,0,1,0,1,mixto,5,5,5,13.4,5,5,5,12.6,0,77.6,1,1,8.9,1.4,3.51,Activo,0,25.0,0,0.0,12.084705384568945,0,1
2024,7,Lic. en Administración de Empresas,3,12,1,0,1,0,37,1,0,0,0,1,0,0,1,ninguno,6,6,0,0.0,5,5,0,0.0,6,92.7,0,0,8.9,1.4,3.51,Abandono,1,87.5,0,2.0,0.0,1,0
2025,1,Ing. Financiera y de Riesgos,4,1,2,1,1,0,18,1,0,1,1,0,1,0,0,credito,5,6,4,15.75,5,5,5,13.8,1,85.1,0,0,10.8,1.4,1.74,Activo,0,12.5,0,0.0,13.82156904563671,0,0
2024,2,Lic. en Ciencia de Datos e Inteligencia de Negocios,5,1,1,1,1,0,21,1,0,0,1,0,1,0,0,ninguno,6,9,5,12.4,6,11,1,11.0,1,76.4,0,0,12.7,3.7,-1.7,Abandono,1,25.0,0,1.0,11.245909405414965,0,0
2024,2,Ing. Comercial,1,8,1,1,1,0,19,1,0,1,1,0,0,0,1,mixto,6,8,6,11.5,6,7,6,12.333333333333334,0,75.1,0,0,12.4,0.5,1.79,Activo,0,25.0,0,0.0,11.031208161559608,0,0
2025,2,Ing. Comercio Internacional,2,8,2,1,1,0,19,1,0,0,1,0,0,0,0,ninguno,5,5,5,13.4,5,5,5,14.0,0,71.0,0,0,9.4,-0.8,-3.12,Activo,0,25.0,0,0.0,12.917006162551985,0,0
2025,6,Lic. en Administración de Empresas,3,12,1,0,14,0,35,2,0,1,1,0,0,0,0,beca,5,9,3,11.666666666666666,5,7,5,11.8,2,60.8,0,0,12.7,3.7,-1.7,Activo,0,75.0,1,1.0,10.824501858635953,1,0
2025,2,Ing. Financiera y de Riesgos,4,12,1,1,1,0,30,2,0,0,1,0,0,0,0,ninguno,7,0,0,0.0,8,0,0,0.0,7,76.8,0,0,13.9,-0.3,0.79,Abandono,1,25.0,0,3.0,0.0,1,0
2024,8,Lic. en Ciencia de Datos e Inteligencia de Negocios,5,14,2,1,1,0,27,1,0,0,1,0,1,0,1,ninguno,8,11,7,13.285714285714286,7,13,5,11.6,1,74.5,0,0,9.4,-0.8,-3.12,Abandono,1,100.0,0,0.0,11.900310598633366,0,0
2023,6,Ing. Comercial,1,1,1,1,1,0,45,2,0,1,1,0,0,0,0,beca,6,10,4,11.5,6,16,2,10.5,2,95.9,2,1,7.6,2.6,0.32,Abandono,1,75.0,1,1.0,10.157921024087921,1,1
2023,1,Ing. Comercio Internacional,2,12,1,0,1,0,50,2,0,1,1,0,0,0,1,credito,9,11,8,13.25,7,8,7,11.714285714285714,1,84.8,1,1,12.7,3.7,-1.7,Activo,0,12.5,0,0.0,11.998423445053435,0,1
2024,4,Lic. en Administración de Empresas,3,13,1,1,1,0,41,4,0,0,1,0,0,0,0,ninguno,14,24,11,12.25,10,12,10,13.4,3,74.1,0,0,9.4,-0.8,-3.12,Activo,0,50.0,0,1.0,12.29498548588036,1,0
2025,7,Ing. Financiera y de Riesgos,4,14,1,1,1,0,26,1,0,0,1,0,1,0,1,ninguno,7,8,6,12.0,7,8,6,12.0,1,88.9,0,0,7.6,2.6,0.32,Activo,0,87.5,0,0.0,11.624465997943917,0,0
2025,1,Lic. en Ciencia de Datos e Inteligencia de Negocios,5,12,1,1,12,0,44,1,0,0,1,0,0,0,0,ninguno,6,10,1,12.0,6,6,0,0.0,5,84.0,0,0,11.1,0.6,2.02,Abandono,1,12.5,1,2.0,5.045446368813672,1,0
2023,1,Ing. Comercial,1,4,1,1,15,0,23,5,0,0,1,0,0,0,1,ninguno,15,15,13,10.923076923076923,10,10,7,11.142857142857142,2,62.0,0,0,15.5,2.8,-4.06,Activo,0,12.5,0,1.0,10.529264678586836,1,0
2024,3,Ing. Comercio Internacional,2,16,1,1,1,0,34,1,0,0,1,0,0,0,1,ninguno,12,12,10,12.0,10,11,5,11.0,2,100.0,0,0,11.1,0.6,2.02,Abandono,1,37.5,1,1.0,10.835564274379983,1,0
2023,3,Lic. en Administración de Empresas,3,1,1,1,1,0,21,1,0,1,1,0,1,0,0,beca,5,10,5,13.714285714285714,5,7,5,14.4,0,80.5,1,1,11.1,0.6,2.02,Activo,0,37.5,0,0.0,13.483209871616522,0,1
2025,2,Ing. Financiera y de Riesgos,4,14,3,1,1,0,22,1,1,0,1,0,1,0,1,ninguno,5,8,1,10.0,5,8,2,13.0,4,79.4,2,1,7.6,2.6,0.32,Abandono,1,25.0,0,1.0,10.52805031559155,1,1
2024,2,Lic. en Ciencia de Datos e Inteligencia de Negocios,5,12,1,0,1,0,32,4,0,1,1,0,0,0,1,beca,6,18,2,10.333333333333334,6,7,6,11.5,4,75.8,0,0,16.2,0.3,-0.92,Activo,0,25.0,1,1.0,10.38213224700973,1,0
2024,6,Ing. Comercial,1,8,2,1,1,0,20,1,1,0,1,0,1,0,1,ninguno,7,8,7,12.728571428571428,8,8,8,14.625,0,73.8,0,0,15.5,2.8,-4.06,Activo,0,75.0,0,0.0,12.83180363928983,0,0
2025,2,Ing. Comercio Internacional,2,4,1,0,3,0,59,2,0,0,0,0,0,0,1,ninguno,15,22,12,13.333333333333334,8,8,8,12.875,3,67.5,0,0,10.8,1.4,1.74,Abandono,1,25.0,0,1.0,12.205375358424842,1,0
2024,7,Lic. en Administración de Empresas,3,17,1,1,16,0,30,2,0,0,1,0,0,0,0,ninguno,11,20,9,12.22222222222222,9,16,9,11.6,2,90.3,3,1,8.9,1.4,3.51,Activo,0,87.5,0,0.0,11.306186562874434,1,1
2024,5,Ing. Financiera y de Riesgos,4,1,4,1,1,0,18,1,0,1,1,0,1,0,0,beca,6,7,6,11.333333333333334,6,9,6,10.833333333333334,0,77.2,0,0,9.4,-0.8,-3.12,Activo,0,62.5,0,0.0,10.518613063216282,0,0
2024,1,Lic. en Ciencia de Datos e Inteligencia de Negocios,5,12,1,0,1,1,25,2,0,0,1,1,0,0,1,ninguno,5,8,4,11.0,5,7,4,12.0,1,89.3,0,0,7.6,2.6,0.32,Activo,0,12.5,0,1.0,10.67657792534716,0,0
2024,3,Ing. Comercial,1,14,1,0,1,1,36,4,0,0,1,0,0,0,1,ninguno,5,5,5,13.8,5,6,5,13.8,0,94.7,0,0,12.7,3.7,-1.7,Activo,0,37.5,1,0.0,12.860972813785637,0,0
2024,1,Ing. Comercio Internacional,2,4,1,1,17,1,36,1,0,0,1,0,0,0,0,ninguno,7,16,1,12.0,7,13,0,0.0,6,71.9,0,0,11.1,0.6,2.02,Abandono,1,12.5,0,3.0,5.171547786849433,1,0
2024,4,Lic. en Administración de Empresas,3,8,6,1,1,1,19,1,0,0,0,0,0,0,0,ninguno,6,9,4,11.25,6,11,3,10.166666666666666,2,97.2,1,1,10.8,1.4,1.74,Abandono,1,50.0,0,1.0,10.249344877419027,1,1
2023,1,Ing. Financiera y de Riesgos,4,12,1,0,1,1,25,1,0,0,1,0,0,0,1,ninguno,5,6,4,10.5,5,6,5,12.0,1,63.7,1,1,9.4,-0.8,-3.12,Activo,0,12.5,0,1.0,10.328184576793607,1,1
2024,1,Lic. en Ciencia de Datos e Inteligencia de Negocios,5,12,1,1,12,1,35,1,0,0,1,0,0,0,0,ninguno,18,20,18,11.555555555555555,13,13,13,11.615384615384617,0,71.7,2,1,15.5,2.8,-4.06,Activo,0,12.5,1,0.0,11.014162918264303,0,1
2023,5,Ing. Comercial,1,1,1,1,1,1,20,1,0,0,1,0,0,0,0,ninguno,6,13,1,14.0,6,7,0,0.0,5,93.2,1,1,16.2,0.3,-0.92,Abandono,1,62.5,0,2.0,6.2966394117554465,1,1
2023,5,Ing. Comercio Internacional,2,12,1,1,1,1,35,1,0,0,0,0,1,0,0,ninguno,6,17,1,13.0,6,8,0,0.0,5,92.4,0,0,15.5,2.8,-4.06,Abandono,1,62.5,0,2.0,5.617995066495102,1,0
2024,4,Lic. en Administración de Empresas,3,1,1,1,1,0,27,1,0,0,1,0,1,0,0,ninguno,6,13,2,11.0,6,14,1,11.0,4,82.4,0,0,7.6,2.6,0.32,Abandono,1,50.0,0,1.0,10.568123662819655,1,0
2024,3,Ing. Financiera y de Riesgos,4,8,3,1,1,0,18,1,0,0,1,0,1,0,0,ninguno,8,8,7,13.68142857142857,8,8,7,13.68142857142857,1,87.0,0,0,10.8,1.4,1.74,Activo,0,37.5,0,0.0,12.832271476454284,0,0
2023,7,Lic. en Ciencia de Datos e Inteligencia de Negocios,5,14,1,1,1,0,23,1,0,0,1,0,0,0,0,ninguno,7,11,6,12.1,7,7,6,12.616666666666667,1,91.4,1,1,16.2,0.3,-0.92,Activo,0,87.5,0,0.0,11.64101937479586,0,1
2025,7,Ing. Comercial,1,8,2,0,1,0,19,1,0,0,1,0,1,0,1,ninguno,6,8,4,10.5,6,8,4,11.25,2,97.8,0,0,10.8,1.4,1.74,Activo,0,87.5,2,1.0,9.949660850720674,1,0
2024,4,Ing. Comercio Internacional,2,8,2,1,1,0,18,1,0,1,1,0,1,0,0,beca,7,10,5,11.94,7,8,6,12.8,2,67.1,1,1,11.1,0.6,2.02,Activo,0,50.0,1,1.0,11.949620718709522,1,1
2023,3,Lic. en Administración de Empresas,3,12,1,1,1,0,26,1,0,0,0,1,0,0,0,ninguno,7,11,4,12.86,7,10,5,11.566666666666668,3,79.6,1,1,12.4,0.5,1.79,Abandono,1,37.5,0,1.0,11.618855767404686,1,1
2024,5,Ing. Financiera y de Riesgos,4,8,1,1,1,0,19,1,0,0,1,0,0,0,0,ninguno,6,10,6,14.25,6,7,6,14.0,0,100.0,0,0,16.2,0.3,-0.92,Activo,0,62.5,0,0.0,13.242009834993214,0,0
2023,3,Lic. en Ciencia de Datos e Inteligencia de Negocios,5,1,5,1,1,0,19,1,0,0,0,0,1,0,0,ninguno,7,0,0,0.0,8,0,0,0.0,7,95.9,1,1,12.7,3.7,-1.7,Abandono,1,37.5,0,2.0,0.0,1,1
2024,5,Ing. Comercial,1,1,1,1,1,0,18,1,0,0,1,0,1,0,1,ninguno,0,0,0,0.0,0,0,0,0.0,0,83.5,0,0,13.9,-0.3,0.79,Abandono,1,62.5,0,0.0,0.0,0,0
2024,5,Ing. Comercio Internacional,2,8,1,1,1,0,19,1,0,1,1,0,1,0,1,mixto,7,7,7,13.894285714285711,8,8,8,14.3625,0,81.5,3,1,11.1,0.6,2.02,Activo,0,62.5,0,0.0,13.134997208213141,0,1
2023,7,Lic. en Administración de Empresas,3,8,1,1,1,0,19,1,0,1,1,0,1,0,1,credito,7,8,7,13.46875,8,8,8,13.31375,0,76.7,3,1,15.5,2.8,-4.06,Activo,0,87.5,0,0.0,12.894974074986754,0,1
2025,6,Ing. Financiera y de Riesgos,4,1,4,1,1,0,19,1,0,1,1,0,1,0,0,mixto,5,5,5,13.6,5,5,5,14.6,0,76.6,1,1,10.8,1.4,1.74,Activo,0,75.0,0,0.0,13.117119764393232,0,1
2023,3,Lic. en Ciencia de Datos e Inteligencia de Negocios,5,15,1,0,14,0,21,1,0,1,1,0,0,0,0,beca,6,6,6,14.666666666666666,6,6,6,13.833333333333334,0,72.9,1,1,12.4,0.5,1.79,Activo,0,37.5,0,0.0,13.822227914293927,0,1
2024,1,Ing. Comercial,1,1,3,1,1,0,18,1,0,0,1,0,1,0,0,ninguno,6,6,6,13.666666666666666,6,7,6,13.0,0,86.7,0,0,15.5,2.8,-4.06,Activo,0,12.5,0,0.0,12.780567223228196,0,0
2023,2,Ing. Comercio Internacional,2,14,1,1,3,0,33,2,0,0,1,0,1,0,0,ninguno,12,22,10,13.3,11,11,11,13.727272727272728,2,70.9,0,0,9.4,-0.8,-3.12,Activo,0,25.0,0,1.0,12.686627752483865,1,0
2024,3,Lic. en Administración de Empresas,3,4,1,0,3,0,32,1,0,0,1,0,0,0,1,ninguno,11,13,11,13.454545454545457,11,13,7,12.428571428571429,0,58.7,2,1,12.7,3.7,-1.7,Activo,0,37.5,0,0.0,12.181113556491717,1,1
2025,6,Ing. Financiera y de Riesgos,4,1,6,1,1,0,17,1,0,1,1,0,1,0,1,credito,8,8,8,13.41625,8,8,8,13.41625,0,78.2,0,0,9.4,-0.8,-3.12,Activo,0,75.0,0,0.0,12.70946432004966,0,0
2025,3,Lic. en Ciencia de Datos e Inteligencia de Negocios,5,12,1,1,1,0,31,2,0,0,1,0,0,0,0,ninguno,7,0,0,0.0,8,0,0,0.0,7,81.7,2,1,12.7,3.7,-1.7,Abandono,1,37.5,0,4.0,0.0,1,1
2024,1,Ing. Comercial,1,12,1,0,1,0,32,2,0,1,1,0,0,0,1,mixto,6,6,6,11.333333333333334,6,8,5,13.0,0,85.7,0,0,15.5,2.8,-4.06,Activo,0,12.5,1,0.0,11.27625835610135,0,0
2025,8,Ing. Comercio Internacional,2,1,2,1,1,0,18,1,0,0,1,0,1,0,0,ninguno,6,8,6,16.0,6,10,6,14.625,0,76.1,0,0,11.1,0.6,2.02,Abandono,1,100.0,0,0.0,14.848036006016626,0,0
2023,6,Lic. en Administración de Empresas,3,16,1,1,9,0,31,1,0,0,1,1,0,0,0,ninguno,6,8,5,11.0,6,12,6,10.166666666666666,1,61.8,0,0,8.9,1.4,3.51,Activo,0,75.0,1,0.0,9.973603684437869,1,0
2023,3,Ing. Financiera y de Riesgos,4,1,1,1,1,1,20,1,0,0,1,0,0,0,1,ninguno,6,8,6,12.857142857142858,6,9,5,12.4,0,57.0,0,0,8.9,1.4,3.51,Activo,0,37.5,0,0.0,12.21975482406191,1,0
2025,5,Lic. en Ciencia de Datos e Inteligencia de Negocios,5,14,1,0,1,1,40,1,0,0,0,0,0,0,1,ninguno,5,5,0,0.0,5,6,0,0.0,5,73.4,0,0,10.8,1.4,1.74,Abandono,1,62.5,0,2.0,0.0,1,0
2024,1,Ing. Comercial,1,1,1,0,1,1,32,2,0,0,1,0,1,0,1,ninguno,5,5,5,14.8,5,5,5,14.2,0,87.2,0,0,7.6,2.6,0.32,Activo,0,12.5,1,0.0,14.024618903010076,0,0
2025,1,Ing. Comercio Internacional,2,4,1,1,3,1,40,1,0,0,0,0,0,0,0,ninguno,5,7,1,13.0,5,5,2,14.0,4,82.8,0,0,12.7,3.7,-1.7,Abandono,1,12.5,0,2.0,12.96631055495963,1,0
2025,5,Lic. en Administración de Empresas,3,1,1,1,1,1,18,1,0,1,1,0,0,0,0,credito,0,0,0,0.0,0,0,0,0.0,0,78.9,0,0,16.2,0.3,-0.92,Activo,0,62.5,0,0.0,0.0,0,0
2024,1,Ing. Financiera y de Riesgos,4,14,1,0,1,1,28,1,0,0,0,1,0,0,1,ninguno,9,14,4,10.0,6,6,1,10.0,5,69.4,1,1,12.7,3.7,-1.7,Abandono,1,12.5,0,2.0,9.68126059000781,1,1
2025,2,Lic. en Ciencia de Datos e Inteligencia de Negocios,5,7,2,1,1,1,19,1,0,0,1,1,1,0,1,ninguno,6,11,5,11.2,6,7,6,12.0,1,89.3,0,0,9.4,-0.8,-3.12,Activo,0,25.0,0,0.0,11.235643444855413,0,0
2023,8,Ing. Comercial,1,1,1,1,1,1,19,1,0,1,1,0,0,0,0,beca,6,8,6,11.833333333333334,6,11,3,13.0,0,86.6,3,1,15.5,2.8,-4.06,Activo,0,100.0,0,0.0,11.636516212170914,0,1
2025,3,Ing. Comercio Internacional,2,1,6,1,1,1,21,1,0,0,1,0,0,1,1,ninguno,5,0,0,0.0,5,0,0,0.0,5,73.4,1,1,10.8,1.4,1.74,Abandono,1,37.5,0,2.0,0.0,1,1
2023,7,Lic. en Administración de Empresas,3,8,4,1,1,1,22,1,0,0,1,0,1,0,0,ninguno,5,8,2,10.5,5,10,0,0.0,3,74.5,1,1,7.6,2.6,0.32,Abandono,1,87.5,1,2.0,4.344646844600073,1,1
2025,3,Ing. Financiera y de Riesgos,4,8,3,1,1,1,18,1,0,0,0,0,1,0,0,ninguno,5,8,5,12.5,5,7,5,13.571428571428571,0,89.4,0,0,12.4,0.5,1.79,Abandono,1,37.5,0,0.0,12.249443883163345,0,0
2025,6,Lic. en Ciencia de Datos e Inteligencia de Negocios,5,12,1,1,1,1,27,1,0,0,1,0,1,0,1,ninguno,0,0,0,0.0,0,0,0,0.0,0,80.4,0,0,9.4,-0.8,-3.12,Abandono,1,75.0,1,0.0,0.0,0,0
2024,3,Ing. Comercial,1,1,1,1,1,1,19,1,0,0,1,0,0,0,0,ninguno,10,10,5,11.0,7,8,2,10.0,5,97.9,0,0,8.9,1.4,3.51,Activo,0,37.5,0,1.0,9.768301368463005,1,0
2025,3,Ing. Comercio Internacional,2,14,1,0,1,1,30,2,0,0,1,0,1,0,1,ninguno,10,14,9,12.333333333333334,10,12,8,12.0,1,62.3,1,1,9.4,-0.8,-3.12,Activo,0,37.5,0,0.0,11.801059260424866,1,1
2025,6,Lic. en Administración de Empresas,3,12,1,1,14,1,28,1,0,0,1,0,0,0,0,ninguno,6,9,0,0.0,6,8,1,10.0,6,65.2,0,0,16.2,0.3,-0.92,Abandono,1,75.0,1,3.0,4.153346774146654,1,0
2024,2,Ing. Financiera y de Riesgos,4,12,1,1,1,1,34,5,0,1,1,1,0,0,0,credito,5,14,1,17.0,5,10,2,11.0,4,94.2,1,1,9.4,-0.8,-3.12,Activo,0,25.0,0,2.0,13.00594461820505,1,1
2025,2,Lic. en Ciencia de Datos e Inteligencia de Negocios,5,8,1,1,1,1,21,1,0,0,1,0,0,0,0,ninguno,5,5,5,11.0,5,11,3,11.428571428571429,0,68.7,0,0,10.8,1.4,1.74,Activo,0,25.0,1,0.0,10.542446558316657,0,0
2024,4,Ing. Comercial,1,1,1,1,1,1,20,1,0,1,1,0,0,0,1,beca,6,11,5,11.142857142857142,6,9,6,11.571428571428571,1,76.5,0,0,16.2,0.3,-0.92,Activo,0,50.0,2,0.0,10.579197207006967,0,0
2023,1,Ing. Comercio Internacional,2,14,1,1,1,1,31,1,0,0,0,0,0,0,0,ninguno,8,19,5,12.166666666666666,7,12,5,12.0,3,82.8,0,0,7.6,2.6,0.32,Abandono,1,12.5,0,1.0,11.617213420707007,1,0
2025,4,Lic. en Administración de Empresas,3,8,1,1,1,1,21,1,0,0,0,1,0,0,0,ninguno,5,9,2,11.0,5,8,2,11.5,3,96.8,1,1,7.6,2.6,0.32,Abandono,1,50.0,0,1.0,10.643681579372345,1,1
2025,3,Ing. Financiera y de Riesgos,4,12,2,1,12,1,27,1,0,0,0,0,1,0,1,ninguno,5,8,1,11.0,5,6,3,10.666666666666666,4,83.9,1,1,7.6,2.6,0.32,Abandono,1,37.5,0,1.0,9.934066600767864,1,1
2024,5,Lic. en Ciencia de Datos e Inteligencia de Negocios,5,1,6,1,1,1,19,1,0,0,1,0,1,0,1,ninguno,6,10,4,13.25,6,13,5,11.8,2,73.0,0,0,7.6,2.6,0.32,Activo,0,62.5,0,1.0,12.107803936577625,1,0
2025,3,Ing. Comercial,1,8,4,1,1,1,21,1,0,0,1,0,1,0,0,ninguno,6,7,0,0.0,6,11,1,10.0,6,73.5,1,1,10.8,1.4,1.74,Activo,0,37.5,0,1.0,4.514125076070367,1,1
2025,1,Ing. Comercio Internacional,2,15,1,1,14,1,21,1,0,0,0,0,1,0,0,ninguno,6,17,2,12.5,6,10,0,0.0,4,77.0,0,0,16.2,0.3,-0.92,Abandono,1,12.5,1,1.0,5.638196427299778,1,0
2025,7,Lic. en Administración de Empresas,3,14,1,1,1,1,35,1,0,0,0,0,0,0,1,ninguno,10,10,7,12.142857142857142,9,9,4,12.25,3,71.2,0,0,7.6,2.6,0.32,Abandono,1,87.5,0,2.0,11.397854347137761,1,0
2023,5,Ing. Financiera y de Riesgos,4,12,1,1,1,1,28,1,0,0,1,0,0,0,0,ninguno,5,8,3,12.0,5,10,3,11.333333333333334,2,79.0,0,0,7.6,2.6,0.32,Abandono,1,62.5,2,1.0,11.103547898309696,1,0
2023,1,Lic. en Ciencia de Datos e Inteligencia de Negocios,5,8,1,1,1,1,24,1,0,0,1,0,0,0,1,ninguno,6,6,4,11.25,6,9,4,10.428571428571429,2,100.0,0,0,10.8,1.4,1.74,Activo,0,12.5,1,1.0,9.889873118437613,1,0
2025,4,Ing. Comercial,1,1,3,1,1,1,19,1,0,0,0,0,1,0,0,ninguno,4,8,0,0.0,6,0,0,0.0,4,95.0,0,0,9.4,-0.8,-3.12,Abandono,1,50.0,1,2.0,0.0,1,0
2025,1,Ing. Comercio Internacional,2,8,1,1,1,1,20,1,0,0,0,1,0,0,1,ninguno,6,7,5,12.4,6,8,4,13.0,1,88.3,0,0,13.9,-0.3,0.79,Activo,0,12.5,0,0.0,12.140437061718606,0,0
2024,4,Lic. en Administración de Empresas,3,1,1,1,1,1,20,1,0,1,1,0,1,0,0,mixto,6,6,6,12.833333333333334,6,8,6,12.666666666666666,0,81.1,0,0,16.2,0.3,-0.92,Activo,0,50.0,0,0.0,11.953732113600104,0,0
2023,1,Ing. Financiera y de Riesgos,4,1,1,1,1,1,19,1,0,0,1,0,0,0,0,ninguno,5,7,1,13.0,5,7,2,10.0,4,68.5,0,0,9.4,-0.8,-3.12,Activo,0,12.5,0,2.0,11.041809264036955,1,0
2025,7,Lic. en Ciencia de Datos e Inteligencia de Negocios,5,12,1,1,1,1,37,1,0,0,0,1,0,0,0,ninguno,7,7,5,12.0,7,7,3,11.666666666666666,2,82.1,2,1,8.9,1.4,3.51,Abandono,1,87.5,0,1.0,11.07384413937256,1,1
2024,1,Ing. Comercial,1,1,1,1,1,1,19,1,0,0,1,0,1,0,0,ninguno,6,13,2,12.0,6,12,1,13.0,4,74.2,0,0,7.6,2.6,0.32,Abandono,1,12.5,0,2.0,12.085048129240858,1,0
2023,6,Ing. Comercio Internacional,2,12,1,1,1,1,36,1,0,0,1,0,0,0,0,ninguno,7,18,0,0.0,7,7,0,0.0,7,79.2,1,1,13.9,-0.3,0.79,Abandono,1,75.0,0,2.0,0.0,1,1
2023,5,Lic. en Administración de Empresas,3,12,1,1,9,1,29,1,0,0,1,0,0,0,0,ninguno,5,0,0,0.0,5,0,0,0.0,5,77.7,1,1,9.4,-0.8,-3.12,Abandono,1,62.5,1,2.0,0.0,1,1
2024,3,Ing. Financiera y de Riesgos,4,12,1,1,1,1,30,1,0,0,1,0,0,0,0,ninguno,6,10,6,11.375,6,10,5,11.6,0,93.6,1,1,13.9,-0.3,0.79,Activo,0,37.5,0,0.0,10.536510651806106,0,1
2023,3,Lic. en Ciencia de Datos e Inteligencia de Negocios,5,16,1,1,12,1,32,1,0,0,1,1,0,0,0,ninguno,6,15,2,12.0,6,7,0,0.0,4,76.5,0,0,11.1,0.6,2.02,Abandono,1,37.5,0,1.0,5.313774381942314,1,0
2025,6,Ing. Comercial,1,1,1,0,1,1,26,1,0,0,1,0,1,0,1,ninguno,6,6,6,11.833333333333334,6,6,6,11.666666666666666,0,80.0,0,0,10.8,1.4,1.74,Activo,0,75.0,0,0.0,10.892557957164247,0,0
2024,5,Ing. Comercio Internacional,2,15,1,1,14,1,37,2,0,0,1,0,0,0,1,ninguno,6,17,1,12.0,6,23,2,10.5,5,77.3,0,0,16.2,0.3,-0.92,Abandono,1,62.5,1,2.0,10.717141849366465,1,0
2025,4,Lic. en Administración de Empresas,3,12,1,1,1,1,27,1,0,0,1,0,0,0,0,ninguno,6,7,3,12.0,6,7,2,11.0,3,81.6,1,1,13.9,-0.3,0.79,Abandono,1,50.0,0,1.0,10.785138946480188,1,1
2025,6,Ing. Financiera y de Riesgos,4,1,1,1,1,1,18,1,0,1,1,0,1,0,0,beca,6,7,6,12.714285714285714,6,8,5,11.833333333333334,0,62.3,1,1,13.9,-0.3,0.79,Activo,0,75.0,0,0.0,11.62734303021603,1,1
2024,4,Lic. en Ciencia de Datos e Inteligencia de Negocios,5,1,1,1,1,1,18,1,0,1,1,0,0,0,0,beca,8,8,8,15.3,8,8,8,15.3,0,70.9,0,0,9.4,-0.8,-3.12,Activo,0,50.0,1,0.0,14.337983428418395,0,0
2025,2,Ing. Comercial,1,12,2,1,12,1,32,2,0,0,0,0,0,0,0,ninguno,8,12,2,11.5,7,9,0,0.0,6,59.4,2,1,15.5,2.8,-4.06,Abandono,1,25.0,1,2.0,4.926697754762123,1,1
2025,3,Ing. Comercio Internacional,2,15,1,1,14,1,20,1,0,0,1,0,0,0,1,ninguno,5,12,1,13.0,5,8,3,12.6,4,56.7,0,0,12.4,0.5,1.79,Activo,0,37.5,1,2.0,11.988620157952395,1,0
2023,6,Lic. en Administración de Empresas,3,14,1,1,1,1,22,1,0,0,1,0,0,0,0,ninguno,6,12,0,0.0,6,10,0,0.0,6,82.1,0,0,16.2,0.3,-0.92,Abandono,1,75.0,0,2.0,0.0,1,0
2023,7,Ing. Financiera y de Riesgos,4,12,1,1,1,0,32,4,0,0,1,0,0,0,0,ninguno,7,0,0,0.0,8,0,0,0.0,7,79.0,0,0,12.4,0.5,1.79,Abandono,1,87.5,1,2.0,0.0,1,0
2025,3,Lic. en Ciencia de Datos e Inteligencia de Negocios,5,1,1,1,1,0,21,1,0,0,1,0,1,0,0,ninguno,5,8,4,11.0,5,8,5,12.0,1,82.1,1,1,7.6,2.6,0.32,Activo,0,37.5,0,0.0,10.87310598226873,0,1
2024,1,Ing. Comercial,1,8,4,1,1,0,19,1,0,0,0,0,0,0,0,ninguno,6,7,3,12.666666666666666,6,10,5,13.125,3,100.0,1,1,10.8,1.4,1.74,Abandono,1,12.5,0,1.0,11.946343746708996,1,1
2023,1,Ing. Comercio Internacional,2,1,1,1,1,0,18,1,0,1,1,0,1,0,0,credito,6,6,6,13.5,6,6,6,14.0,0,68.6,0,0,8.9,1.4,3.51,Activo,0,12.5,0,0.0,13.269860608267328,0,0
2024,7,Lic. en Administración de Empresas,3,1,4,1,1,0,18,1,0,1,1,0,1,0,0,credito,5,7,5,12.0,5,10,5,11.4,0,77.6,0,0,8.9,1.4,3.51,Activo,0,87.5,0,0.0,11.211116582696233,0,0
2025,2,Ing. Financiera y de Riesgos,4,4,1,1,2,0,38,1,0,0,0,1,1,0,1,ninguno,5,6,0,0.0,5,5,0,0.0,5,85.6,0,0,15.5,2.8,-4.06,Abandono,1,25.0,0,2.0,0.0,1,0
2023,6,Lic. en Ciencia de Datos e Inteligencia de Negocios,5,8,3,1,1,0,21,1,0,0,1,0,1,0,0,ninguno,6,8,5,11.8,6,8,4,10.5,1,90.0,0,0,7.6,2.6,0.32,Abandono,1,75.0,0,0.0,10.679641200615537,0,0
2024,3,Ing. Comercial,1,1,1,1,1,0,21,1,0,0,0,0,0,0,1,ninguno,6,12,2,11.5,6,13,1,13.0,4,63.6,1,1,9.4,-0.8,-3.12,Abandono,1,37.5,0,2.0,11.859571257533876,1,1
2023,2,Ing. Comercio Internacional,2,1,1,0,1,1,26,1,0,0,1,0,0,0,1,ninguno,5,11,2,11.5,5,10,3,12.0,3,80.4,0,0,7.6,2.6,0.32,Activo,0,25.0,1,1.0,10.84980960734444,1,0
2024,3,Lic. en Administración de Empresas,3,1,4,1,1,0,19,1,0,0,1,0,1,0,0,ninguno,7,7,6,14.616666666666667,7,7,6,14.616666666666667,1,87.6,1,1,7.6,2.6,0.32,Activo,0,37.5,0,0.0,13.925873099583926,0,1
2023,6,Ing. Financiera y de Riesgos,4,1,6,1,1,0,19,1,0,1,1,0,1,0,0,credito,8,8,7,14.06,8,8,7,14.06,1,81.1,0,0,10.8,1.4,1.74,Activo,0,75.0,0,1.0,13.157046096730404,0,0
2023,5,Lic. en Ciencia de Datos e Inteligencia de Negocios,5,8,1,1,1,0,18,1,0,0,1,1,0,0,0,ninguno,6,9,4,11.0,6,12,3,11.333333333333334,2,67.9,0,0,7.6,2.6,0.32,Abandono,1,62.5,0,1.0,10.284872330884081,1,0
2025,5,Ing. Comercial,1,4,1,1,3,0,25,1,0,0,1,0,0,0,0,ninguno,5,0,0,0.0,5,0,0,0.0,5,68.4,1,1,12.7,3.7,-1.7,Abandono,1,62.5,0,2.0,0.0,1,1
2025,4,Ing. Comercio Internacional,2,1,6,1,1,0,19,1,0,0,1,0,1,0,0,ninguno,14,22,7,12.192307692307692,14,22,7,12.192307692307692,7,99.8,0,0,7.6,2.6,0.32,Activo,0,50.0,0,2.0,11.508891481280699,1,0
2024,1,Lic. en Administración de Empresas,3,8,2,1,1,0,18,1,0,1,1,0,1,0,0,beca,6,6,6,12.833333333333334,6,7,6,12.333333333333334,0,75.9,2,1,13.9,-0.3,0.79,Activo,0,12.5,0,0.0,12.225080941415285,0,1
2023,1,Ing. Financiera y de Riesgos,4,8,1,1,1,0,19,1,0,1,1,0,0,0,0,beca,5,8,5,12.875,5,6,5,11.833333333333334,0,61.1,0,0,13.9,-0.3,0.79,Activo,0,12.5,0,0.0,11.413490347845137,1,0
2025,8,Lic. en Ciencia de Datos e Inteligencia de Negocios,5,1,1,1,1,0,22,1,0,1,1,0,1,0,0,mixto,6,6,6,12.166666666666666,6,6,6,12.5,0,78.4,1,1,12.4,0.5,1.79,Activo,0,100.0,0,0.0,11.750349432787726,0,1
2024,3,Ing. Comercial,1,15,1,1,14,0,21,1,0,0,1,0,1,0,1,ninguno,6,11,6,13.428571428571429,6,12,6,12.857142857142858,0,90.2,0,0,15.5,2.8,-4.06,Activo,0,37.5,0,0.0,12.567283814134827,0,0
2024,4,Ing. Comercio Internacional,2,8,1,1,1,0,21,1,0,1,1,0,1,0,0,beca,6,6,6,14.5,6,8,6,14.666666666666666,0,82.8,1,1,8.9,1.4,3.51,Activo,0,50.0,0,0.0,14.071404573900764,0,1
2023,7,Lic. en Administración de Empresas,3,1,1,1,1,0,20,1,0,1,1,0,0,0,0,beca,7,7,7,12.142857142857142,7,7,7,12.857142857142858,0,66.9,1,1,11.1,0.6,2.02,Activo,0,87.5,0,0.0,11.877535378702508,0,1
2023,1,Ing. Financiera y de Riesgos,4,1,1,1,1,0,19,2,0,0,1,0,0,0,1,ninguno,5,6,4,11.25,5,10,3,11.714285714285714,1,64.2,1,1,10.8,1.4,1.74,Activo,0,12.5,0,0.0,11.005911286561044,1,1
2023,1,Lic. en Ciencia de Datos e Inteligencia de Negocios,5,1,4,1,1,0,18,1,0,0,1,0,1,0,0,ninguno,7,7,6,13.9,7,7,6,13.9,1,87.0,1,1,7.6,2.6,0.32,Activo,0,12.5,0,0.0,13.337603409042238,0,1
2023,1,Ing. Comercial,1,12,1,1,1,0,26,1,0,0,1,0,0,0,0,ninguno,7,12,3,13.766666666666666,7,11,3,12.066666666666668,4,93.3,1,1,13.9,-0.3,0.79,Abandono,1,12.5,1,2.0,12.056703732657251,1,1
2024,1,Ing. Comercio Internacional,2,10,1,1,2,0,31,1,0,0,1,0,1,0,0,ninguno,15,17,13,11.615384615384617,14,14,11,12.545454545454543,2,83.2,0,0,7.6,2.6,0.32,Abandono,1,12.5,0,1.0,11.196440727909959,1,0
2025,3,Lic. en Administración de Empresas,3,8,1,1,1,0,18,1,0,1,1,0,1,0,0,mixto,6,6,6,15.166666666666666,6,7,6,14.142857142857142,0,89.4,1,1,11.1,0.6,2.02,Activo,0,37.5,0,0.0,14.141834170421944,0,1
2023,3,Ing. Financiera y de Riesgos,4,4,1,1,3,0,35,4,0,0,1,0,0,0,0,ninguno,5,5,0,0.0,5,5,0,0.0,5,84.5,0,0,11.1,0.6,2.02,Abandono,1,37.5,0,2.0,0.0,1,0
2025,3,Lic. en Ciencia de Datos e Inteligencia de Negocios,5,1,1,1,1,0,19,1,0,0,1,0,1,0,0,ninguno,5,10,2,14.5,5,9,3,11.333333333333334,3,100.0,0,0,12.7,3.7,-1.7,Activo,0,37.5,0,2.0,12.004992823270632,1,0
2024,6,Ing. Comercial,1,1,1,1,1,0,19,1,0,1,1,0,0,0,0,beca,6,9,5,10.8,6,8,6,10.714285714285714,1,86.3,1,1,15.5,2.8,-4.06,Activo,0,75.0,0,1.0,10.420271524862068,0,1
2023,4,Ing. Comercio Internacional,2,1,2,1,1,0,18,1,0,0,1,0,0,0,1,ninguno,7,7,7,13.995714285714287,8,9,8,14.955555555555556,0,88.6,2,1,11.1,0.6,2.02,Activo,0,50.0,1,0.0,13.55323344723787,0,1
2023,4,Lic. en Administración de Empresas,3,8,1,1,1,0,20,1,0,0,1,0,0,0,1,ninguno,6,8,6,13.285714285714286,6,16,6,11.8,0,73.0,2,1,12.4,0.5,1.79,Activo,0,50.0,1,0.0,12.089428100900513,0,1
2023,3,Ing. Financiera y de Riesgos,4,1,4,1,1,0,19,1,0,1,1,0,1,0,1,mixto,12,12,12,12.75,11,16,11,13.25,0,77.3,1,1,8.9,1.4,3.51,Activo,0,37.5,0,0.0,12.225022529049937,0,1
2023,1,Lic. en Ciencia de Datos e Inteligencia de Negocios,5,14,1,1,1,0,21,1,0,1,1,0,0,0,1,credito,6,15,2,10.5,6,8,5,12.4,4,73.7,2,1,10.8,1.4,1.74,Activo,0,12.5,0,2.0,10.742213812530778,1,1
2025,1,Ing. Comercial,1,8,1,1,1,0,18,1,0,1,1,1,0,0,1,beca,7,7,7,12.714285714285714,7,7,7,12.285714285714286,0,67.3,0,0,16.2,0.3,-0.92,Activo,0,12.5,0,0.0,11.812941476267524,0,0
2025,3,Ing. Comercio Internacional,2,13,1,1,1,0,23,1,0,0,1,0,0,0,0,ninguno,8,8,8,12.88625,8,8,8,12.88625,0,85.4,1,1,9.4,-0.8,-3.12,Activo,0,37.5,0,0.0,11.984697842673025,0,1
2023,3,Lic. en Administración de Empresas,3,1,1,1,1,0,21,1,0,1,1,0,0,0,0,credito,6,7,5,13.0,6,6,6,12.666666666666666,1,75.4,1,1,16.2,0.3,-0.92,Activo,0,37.5,0,1.0,12.46223283278207,0,1
2025,3,Ing. Financiera y de Riesgos,4,1,1,1,1,0,19,1,0,1,1,0,0,0,0,mixto,5,7,5,12.2,5,6,5,11.2,0,88.2,0,0,11.1,0.6,2.02,Activo,0,37.5,0,0.0,11.157080382272055,0,0
2025,1,Lic. en Ciencia de Datos e Inteligencia de Negocios,5,1,2,1,1,0,19,1,0,0,1,0,1,0,0,ninguno,5,8,4,12.8,5,10,3,14.5,1,87.8,0,0,10.8,1.4,1.74,Activo,0,12.5,2,0.0,12.973223077558664,0,0
2025,2,Ing. Comercial,1,17,1,1,16,0,20,1,0,0,1,0,1,0,0,ninguno,11,15,11,13.785714285714286,9,9,9,13.88888888888889,0,83.2,0,0,8.9,1.4,3.51,Activo,0,25.0,0,0.0,12.969399389539362,0,0
2024,3,Ing. Comercio Internacional,2,14,1,1,1,0,18,1,0,0,1,0,0,0,0,ninguno,5,5,0,0.0,5,9,4,13.25,5,80.0,0,0,16.2,0.3,-0.92,Activo,0,37.5,0,3.0,6.17348984161183,1,0
2023,6,Lic. en Administración de Empresas,3,1,1,1,1,0,18,1,0,1,1,0,1,0,1,mixto,8,8,8,14.50125,8,8,8,14.50125,0,85.1,1,1,9.4,-0.8,-3.12,Activo,0,75.0,0,0.0,13.639199111038007,0,1
2025,4,Ing. Financiera y de Riesgos,4,1,5,1,1,0,19,2,0,0,1,0,0,0,1,ninguno,7,7,6,14.35,7,7,6,14.35,1,100.0,2,1,7.6,2.6,0.32,Activo,0,50.0,0,0.0,13.770253062254245,0,1
2023,7,Lic. en Ciencia de Datos e Inteligencia de Negocios,5,8,1,1,1,0,21,1,0,1,1,0,0,0,0,beca,6,6,6,11.5,6,6,6,12.333333333333334,0,66.1,1,1,9.4,-0.8,-3.12,Activo,0,87.5,0,0.0,11.484426967163081,0,1
2025,4,Ing. Comercial,1,1,1,1,1,0,18,1,0,1,1,0,1,1,0,mixto,6,8,6,11.714285714285714,6,6,6,14.666666666666666,0,71.1,0,0,12.7,3.7,-1.7,Activo,0,50.0,0,0.0,12.359185682165752,0,0
2023,3,Ing. Comercio Internacional,2,1,1,1,1,0,20,1,0,0,1,0,0,0,1,ninguno,6,9,6,13.571428571428571,6,10,5,13.6,0,82.0,0,0,15.5,2.8,-4.06,Activo,0,37.5,0,0.0,13.222085054682102,0,0
2024,5,Lic. en Administración de Empresas,3,1,1,1,1,0,18,1,0,0,1,0,0,0,1,ninguno,6,6,5,13.0,6,6,6,13.666666666666666,1,92.6,0,0,12.7,3.7,-1.7,Activo,0,62.5,1,0.0,12.672996171480522,0,0
2024,1,Ing. Financiera y de Riesgos,4,8,5,1,1,0,18,1,0,1,1,0,1,0,0,mixto,7,8,7,13.56875,8,8,8,14.02625,0,89.5,0,0,15.5,2.8,-4.06,Activo,0,12.5,1,0.0,13.452786951296677,0,0
2025,3,Lic. en Ciencia de Datos e Inteligencia de Negocios,5,14,1,0,1,0,32,2,0,0,1,0,0,0,0,ninguno,5,5,5,10.2,5,9,4,11.25,0,69.6,0,0,9.4,-0.8,-3.12,Activo,0,37.5,0,0.0,10.175507501389548,0,0
2025,7,Ing. Comercial,1,8,2,1,1,0,18,1,0,0,1,0,1,0,0,ninguno,0,0,0,0.0,0,0,0,0.0,0,83.9,0,0,13.9,-0.3,0.79,Activo,0,87.5,0,0.0,0.0,0,0
2023,4,Ing. Comercio Internacional,2,7,3,1,1,0,19,1,0,0,1,0,1,0,1,ninguno,6,8,5,12.2,6,8,5,11.8,1,73.5,0,0,10.8,1.4,1.74,Activo,0,50.0,0,0.0,11.31071912095895,0,0
2024,2,Lic. en Administración de Empresas,3,1,3,1,1,0,18,1,0,1,1,0,1,0,0,mixto,8,8,8,14.15375,8,8,8,14.15375,0,73.2,0,0,9.4,-0.8,-3.12,Activo,0,25.0,0,0.0,13.570491207466734,0,0
2023,1,Ing. Financiera y de Riesgos,4,1,6,1,1,0,18,1,0,0,0,0,0,0,0,ninguno,8,8,0,0.0,8,8,0,0.0,8,91.5,0,0,9.4,-0.8,-3.12,Abandono,1,12.5,0,2.0,0.0,1,0
2025,6,Lic. en Ciencia de Datos e Inteligencia de Negocios,5,1,5,1,1,0,20,1,0,0,1,0,1,0,0,ninguno,6,7,6,13.833333333333334,6,6,6,12.833333333333334,0,87.0,1,1,11.1,0.6,2.02,Activo,0,75.0,0,0.0,12.874594645987797,0,1
2025,4,Ing. Comercial,1,3,1,1,1,0,19,1,0,0,1,0,1,0,0,ninguno,6,7,6,13.428571428571429,6,6,4,14.0,0,84.2,0,0,12.4,0.5,1.79,Activo,0,50.0,0,0.0,13.095167902388843,0,0
2023,7,Ing. Comercio Internacional,2,8,4,1,1,0,19,1,0,0,1,0,1,0,1,ninguno,8,8,7,12.454285714285716,8,8,7,12.454285714285716,1,70.5,1,1,10.8,1.4,1.74,Activo,0,87.5,0,0.0,11.487007315281131,0,1
2024,3,Lic. en Administración de Empresas,3,8,1,1,1,0,18,1,0,0,1,0,0,0,0,ninguno,5,9,1,11.0,5,10,0,0.0,4,88.4,1,1,9.4,-0.8,-3.12,Activo,0,37.5,0,1.0,4.604682957551347,1,1
2025,5,Ing. Financiera y de Riesgos,4,1,4,1,1,0,18,1,0,0,1,0,1,0,0,ninguno,7,0,0,0.0,8,0,0,0.0,7,83.2,0,0,15.5,2.8,-4.06,Abandono,1,62.5,0,2.0,0.0,1,0
2023,2,Lic. en Ciencia de Datos e Inteligencia de Negocios,5,8,3,1,1,0,18,1,0,1,1,0,1,0,0,beca,7,8,6,13.271666666666668,8,11,7,12.94375,1,75.1,0,0,12.4,0.5,1.79,Activo,0,25.0,0,0.0,12.78686178220869,0,0
2023,3,Ing. Comercial,1,8,6,1,1,0,20,1,0,0,1,0,1,0,0,ninguno,7,8,6,13.548333333333334,8,11,6,14.775,1,92.2,0,0,11.1,0.6,2.02,Activo,0,37.5,0,0.0,13.208199647765026,0,0
2025,2,Ing. Comercio Internacional,2,1,1,1,1,0,19,1,0,0,1,0,0,0,0,ninguno,6,6,6,12.166666666666666,6,6,6,12.5,0,85.7,0,0,16.2,0.3,-0.92,Activo,0,25.0,0,0.0,11.664608508416809,0,0
2023,7,Lic. en Administración de Empresas,3,1,1,1,1,0,21,1,0,0,1,0,0,0,0,ninguno,6,16,2,11.0,6,12,0,0.0,4,75.7,1,1,12.7,3.7,-1.7,Abandono,1,87.5,1,2.0,4.8235135237954845,1,1
2024,6,Ing. Financiera y de Riesgos,4,1,1,1,1,0,19,1,0,1,1,0,1,0,0,mixto,7,7,7,13.285714285714286,7,7,7,14.428571428571429,0,89.3,1,1,11.1,0.6,2.02,Activo,0,75.0,0,0.0,13.010640260148293,0,1
2024,3,Lic. en Ciencia de Datos e Inteligencia de Negocios,5,8,1,1,1,0,20,1,0,1,1,0,1,0,1,beca,6,6,6,13.333333333333334,6,7,6,14.0,0,77.4,2,1,15.5,2.8,-4.06,Activo,0,37.5,0,0.0,13.14638438495674,0,1
2024,7,Ing. Comercial,1,1,1,1,1,0,21,1,0,1,1,0,0,0,0,beca,8,8,8,13.2575,8,8,8,13.2575,0,68.0,0,0,9.4,-0.8,-3.12,Activo,0,87.5,0,0.0,12.620164701814799,0,0
2023,3,Ing. Comercio Internacional,2,15,1,1,14,0,23,1,0,0,1,0,1,0,0,ninguno,6,7,0,0.0,6,7,0,0.0,6,82.4,0,0,11.1,0.6,2.02,Abandono,1,37.5,0,2.0,0.0,1,0
2024,3,Lic. en Administración de Empresas,3,8,1,1,1,0,18,1,0,1,0,0,0,0,0,beca,6,10,6,12.666666666666666,6,6,2,11.5,0,71.4,1,1,12.7,3.7,-1.7,Abandono,1,37.5,0,0.0,11.312829252480647,0,1
2025,8,Ing. Financiera y de Riesgos,4,12,1,0,3,0,30,2,0,0,1,0,0,0,1,ninguno,5,5,5,14.6,5,5,5,15.4,0,89.1,0,0,12.7,3.7,-1.7,Abandono,1,100.0,0,0.0,14.59237847760295,0,0
2024,7,Lic. en Ciencia de Datos e Inteligencia de Negocios,5,1,1,1,1,0,20,1,0,0,1,0,1,0,0,ninguno,5,13,0,0.0,5,5,0,0.0,5,79.1,1,1,9.4,-0.8,-3.12,Abandono,1,87.5,1,2.0,0.0,1,1
2023,4,Ing. Comercial,1,14,2,1,1,0,29,2,0,0,0,0,0,0,1,ninguno,5,7,3,12.333333333333334,5,8,0,0.0,2,64.5,0,0,10.8,1.4,1.74,Abandono,1,50.0,0,1.0,5.723681335833563,1,0
2024,4,Ing. Comercio Internacional,2,9,1,1,1,0,24,1,0,0,1,0,1,0,0,ninguno,5,5,5,10.8,5,11,2,11.0,0,76.2,2,1,10.8,1.4,1.74,Activo,0,50.0,0,0.0,10.063301827905498,0,1
2023,6,Lic. en Administración de Empresas,3,1,1,1,1,0,20,1,0,0,1,0,1,0,1,ninguno,6,7,6,11.666666666666666,6,10,6,11.333333333333334,0,82.2,1,1,7.6,2.6,0.32,Activo,0,75.0,1,0.0,10.993236097311568,0,1
2023,1,Ing. Financiera y de Riesgos,4,14,1,0,1,0,27,1,0,0,1,0,0,0,0,ninguno,6,6,4,12.5,6,6,6,14.333333333333334,2,95.4,1,1,13.9,-0.3,0.79,Abandono,1,12.5,0,1.0,13.101694473994112,1,1
2024,3,Lic. en Ciencia de Datos e Inteligencia de Negocios,5,4,1,1,3,0,23,2,0,0,1,0,0,0,0,ninguno,5,0,0,0.0,5,0,0,0.0,5,58.9,0,0,7.6,2.6,0.32,Abandono,1,37.5,0,3.0,0.0,1,0
2023,4,Ing. Comercial,1,16,1,1,1,0,23,1,0,1,1,0,0,0,0,beca,6,6,6,15.333333333333334,6,6,6,14.166666666666666,0,91.6,1,1,11.1,0.6,2.02,Activo,0,50.0,2,0.0,14.331200608523563,0,1
2023,5,Ing. Comercio Internacional,2,1,3,1,1,0,18,1,0,0,1,0,1,0,1,ninguno,8,8,7,14.2,8,8,7,14.2,1,86.9,0,0,12.7,3.7,-1.7,Activo,0,62.5,1,1.0,13.893309269696351,0,0
2024,2,Lic. en Administración de Empresas,3,1,1,1,1,0,19,1,0,1,1,0,1,0,1,beca,6,6,6,14.833333333333334,6,6,6,14.666666666666666,0,69.3,0,0,12.7,3.7,-1.7,Activo,0,25.0,0,0.0,14.284007878331675,0,0
2024,3,Ing. Financiera y de Riesgos,4,8,6,1,1,0,19,1,0,0,1,0,1,0,0,ninguno,7,7,7,13.642857142857142,8,8,8,14.3875,0,87.3,0,0,13.9,-0.3,0.79,Abandono,1,37.5,0,0.0,13.550658420445878,0,0
2024,4,Lic. en Ciencia de Datos e Inteligencia de Negocios,5,1,1,1,1,0,18,1,0,1,1,0,1,0,0,beca,6,6,6,13.833333333333334,6,6,6,14.0,0,70.7,3,1,11.1,0.6,2.02,Abandono,1,50.0,0,0.0,13.321262991074661,0,1
2023,4,Ing. Comercial,1,1,2,1,1,0,19,1,0,0,1,0,1,0,1,ninguno,6,6,6,11.833333333333334,6,7,6,13.0,0,79.1,3,1,9.4,-0.8,-3.12,Activo,0,50.0,1,0.0,11.472393784616642,0,1
2025,1,Ing. Comercio Internacional,2,1,1,1,1,0,18,1,0,1,1,0,0,0,0,beca,6,7,6,13.428571428571429,6,10,6,13.5,0,91.6,0,0,13.9,-0.3,0.79,Activo,0,12.5,1,0.0,12.548856271840346,0,0
2025,3,Lic. en Administración de Empresas,3,14,1,0,1,0,29,1,0,0,1,0,1,0,1,ninguno,13,16,8,10.5,12,19,9,10.333333333333334,5,91.7,0,0,9.4,-0.8,-3.12,Activo,0,37.5,0,2.0,9.796840478178968,1,0
2023,7,Ing. Financiera y de Riesgos,4,12,2,1,12,0,24,1,0,0,1,0,0,0,1,ninguno,7,10,6,11.416666666666666,8,9,8,11.9625,1,57.9,0,0,13.9,-0.3,0.79,Activo,0,87.5,0,1.0,11.101953399839068,1,0
2024,5,Lic. en Ciencia de Datos e Inteligencia de Negocios,5,8,2,1,1,0,19,1,0,0,1,0,1,0,0,ninguno,7,16,2,12.75,7,12,2,11.0,5,94.9,2,1,8.9,1.4,3.51,Abandono,1,62.5,0,1.0,11.186493639467605,1,1
2025,6,Ing. Comercial,1,8,1,1,1,0,19,1,0,0,1,0,0,0,1,ninguno,7,10,6,11.15,7,7,7,12.814285714285717,1,87.4,0,0,12.7,3.7,-1.7,Activo,0,75.0,1,0.0,11.51172504876262,0,0
2025,2,Ing. Comercio Internacional,2,1,1,1,1,0,19,1,0,0,1,0,0,0,1,ninguno,6,8,3,11.666666666666666,6,11,5,13.625,3,76.5,3,1,10.8,1.4,1.74,Activo,0,25.0,1,1.0,12.309303838956879,1,1
2025,6,Lic. en Administración de Empresas,3,8,4,1,1,0,20,1,0,0,1,0,1,0,0,ninguno,6,7,6,11.5,6,8,5,12.4,0,72.9,0,0,11.1,0.6,2.02,Activo,0,75.0,0,0.0,10.992543104680156,0,0
2025,2,Ing. Financiera y de Riesgos,4,1,2,1,1,0,18,1,0,0,1,0,0,0,0,ninguno,6,6,6,13.833333333333334,6,6,6,12.666666666666666,0,65.1,2,1,10.8,1.4,1.74,Activo,0,25.0,0,0.0,12.81931071058598,0,1
2025,3,Lic. en Ciencia de Datos e Inteligencia de Negocios,5,1,2,1,1,0,18,1,0,0,0,0,1,0,0,ninguno,6,8,6,11.714285714285714,6,11,4,11.333333333333334,0,64.4,0,0,13.9,-0.3,0.79,Abandono,1,37.5,0,0.0,11.084929013337522,1,0
2023,3,Ing. Comercial,1,1,5,1,1,0,19,1,0,1,1,0,1,0,1,beca,7,8,7,11.678571428571429,8,10,7,13.0375,0,94.2,0,0,12.4,0.5,1.79,Activo,0,37.5,0,0.0,11.72731348408795,0,0
2023,2,Ing. Comercio Internacional,2,7,1,1,1,0,19,1,0,0,1,0,1,0,0,ninguno,6,7,6,15.714285714285714,6,6,6,14.666666666666666,0,71.4,1,1,13.9,-0.3,0.79,Abandono,1,25.0,0,0.0,14.546346849087959,0,1
2024,3,Lic. en Administración de Empresas,3,1,1,1,1,0,18,1,0,1,1,0,1,0,1,beca,0,0,0,0.0,0,0,0,0.0,0,81.7,0,0,13.9,-0.3,0.79,Activo,0,37.5,0,0.0,0.0,0,0
2023,1,Ing. Financiera y de Riesgos,4,1,1,1,1,0,19,1,0,1,1,0,1,0,0,credito,6,6,6,13.0,6,7,6,13.0,0,65.1,2,1,10.8,1.4,1.74,Activo,0,12.5,1,0.0,12.59643168285822,0,1
2023,3,Lic. en Ciencia de Datos e Inteligencia de Negocios,5,1,2,1,1,0,18,1,0,1,1,0,1,0,0,credito,7,7,7,14.485714285714286,8,9,8,14.58888888888889,0,89.8,0,0,16.2,0.3,-0.92,Activo,0,37.5,0,0.0,13.972593214309068,0,0
2025,5,Ing. Comercial,1,12,1,0,1,0,24,1,0,0,1,0,0,0,1,ninguno,5,9,5,12.285714285714286,5,8,5,12.125,0,86.6,0,0,16.2,0.3,-0.92,Activo,0,62.5,0,0.0,11.426745657399765,0,0
2023,7,Ing. Comercio Internacional,2,12,1,1,1,0,28,1,0,0,1,1,0,0,0,ninguno,7,12,4,13.375,7,7,5,13.5,3,79.6,0,0,13.9,-0.3,0.79,Activo,0,87.5,0,1.0,12.977607080217645,1,0
2024,1,Lic. en Administración de Empresas,3,13,1,1,1,0,20,1,0,0,1,0,0,0,1,ninguno,8,8,7,11.571428571428571,8,8,7,11.571428571428571,1,69.5,0,0,12.7,3.7,-1.7,Activo,0,12.5,0,0.0,10.975318459059338,0,0
2025,1,Ing. Financiera y de Riesgos,4,1,6,1,1,0,19,1,0,1,1,0,1,0,0,credito,8,8,7,12.657142857142857,8,8,7,12.657142857142857,1,74.2,1,1,12.7,3.7,-1.7,Activo,0,12.5,4,0.0,11.96700131184133,0,1
2025,1,Lic. en Ciencia de Datos e Inteligencia de Negocios,5,8,1,1,1,0,22,1,0,0,0,0,0,0,0,ninguno,5,9,2,10.0,5,11,1,10.0,3,98.6,2,1,9.4,-0.8,-3.12,Abandono,1,12.5,0,1.0,9.077985253763696,1,1
2025,7,Ing. Comercial,1,1,1,1,1,0,19,1,0,0,1,0,1,0,0,ninguno,6,7,6,13.714285714285714,6,6,6,13.166666666666666,0,68.6,0,0,12.7,3.7,-1.7,Activo,0,87.5,0,0.0,12.912226838847204,0,0
2023,3,Ing. Comercio Internacional,2,4,1,1,3,0,36,1,0,0,1,0,1,0,0,ninguno,14,21,13,13.071428571428571,11,16,11,13.0,1,84.2,0,0,16.2,0.3,-0.92,Activo,0,37.5,0,1.0,12.642223499609846,0,0
2023,2,Lic. en Administración de Empresas,3,15,1,1,14,0,19,1,0,1,1,0,0,0,1,beca,6,7,6,15.333333333333334,6,9,6,14.0,0,83.2,0,0,15.5,2.8,-4.06,Activo,0,25.0,0,0.0,14.024176108538342,0,0
2025,1,Ing. Financiera y de Riesgos,4,8,1,1,1,0,18,1,0,0,1,0,0,0,0,ninguno,6,9,5,11.571428571428571,6,8,6,12.142857142857142,1,67.0,2,1,16.2,0.3,-0.92,Activo,0,12.5,0,0.0,11.034437735964014,0,1
2025,3,Lic. en Ciencia de Datos e Inteligencia de Negocios,5,14,4,0,9,0,40,4,0,0,0,0,0,0,1,ninguno,5,10,0,0.0,5,5,0,0.0,5,82.8,2,1,7.6,2.6,0.32,Abandono,1,37.5,0,3.0,0.0,1,1
2023,6,Ing. Comercial,1,1,2,1,1,0,19,1,0,1,1,0,1,0,1,beca,7,7,6,12.9,7,7,6,12.9,1,80.8,0,0,7.6,2.6,0.32,Activo,0,75.0,0,1.0,12.302721555812129,0,0
2024,8,Ing. Comercio Internacional,2,14,1,1,1,0,38,4,0,0,1,0,0,0,0,ninguno,8,12,5,13.126,8,12,5,13.126,3,78.1,0,0,10.8,1.4,1.74,Activo,0,100.0,0,2.0,12.813550401116261,1,0
2025,1,Lic. en Administración de Empresas,3,4,1,1,3,0,32,1,0,0,1,0,0,0,0,ninguno,10,20,4,11.5,9,13,3,11.666666666666666,6,86.6,0,0,15.5,2.8,-4.06,Abandono,1,12.5,0,1.0,11.259841906180256,1,0
2023,1,Ing. Financiera y de Riesgos,4,1,1,1,1,0,19,1,0,0,1,0,1,0,0,ninguno,6,11,3,10.333333333333334,6,10,5,11.8,3,82.7,2,1,9.4,-0.8,-3.12,Activo,0,12.5,0,1.0,10.428599312415,1,1
2024,1,Lic. en Ciencia de Datos e Inteligencia de Negocios,5,8,3,1,1,0,19,1,0,0,1,0,1,0,0,ninguno,6,6,6,13.5,6,7,6,13.428571428571429,0,93.4,1,1,8.9,1.4,3.51,Activo,0,12.5,0,0.0,12.955547605580065,0,1
2024,1,Ing. Comercial,1,12,1,1,1,0,35,2,0,0,1,0,0,0,0,ninguno,1,1,0,0.0,5,0,0,0.0,1,84.9,0,0,10.8,1.4,1.74,Abandono,1,12.5,0,0.0,0.0,0,0
2023,3,Ing. Comercio Internacional,2,1,1,1,1,0,20,1,0,0,1,0,1,0,0,ninguno,5,5,4,12.0,4,4,2,11.5,1,68.9,1,1,7.6,2.6,0.32,Activo,0,37.5,1,0.0,11.028491985711483,0,1
2023,6,Lic. en Administración de Empresas,3,8,1,1,1,0,29,1,0,0,1,0,0,0,1,ninguno,8,10,7,11.142857142857142,8,11,8,11.375,1,86.3,0,0,12.7,3.7,-1.7,Activo,0,75.0,0,1.0,10.641175498208478,0,0
2025,2,Ing. Financiera y de Riesgos,4,1,1,0,1,0,29,1,0,0,1,0,0,0,0,ninguno,5,11,5,11.4,5,10,4,10.25,0,92.2,1,1,15.5,2.8,-4.06,Activo,0,25.0,1,0.0,10.239445240261992,0,1
2025,1,Lic. en Ciencia de Datos e Inteligencia de Negocios,5,1,5,1,1,0,19,1,0,1,1,0,1,0,0,credito,8,8,7,12.771428571428572,8,8,7,12.771428571428572,1,76.7,0,0,9.4,-0.8,-3.12,Activo,0,12.5,0,0.0,12.123356735295879,0,0
2025,7,Ing. Comercial,1,1,6,1,1,0,18,1,0,1,1,0,1,0,0,beca,8,8,7,13.79857142857143,8,8,7,13.79857142857143,1,81.7,2,1,10.8,1.4,1.74,Activo,0,87.5,0,0.0,13.470264246722566,0,1
2023,2,Ing. Comercio Internacional,2,12,1,0,12,0,25,2,0,0,0,1,0,0,1,ninguno,6,7,6,13.333333333333334,6,6,6,13.5,0,98.0,2,1,7.6,2.6,0.32,Activo,0,25.0,0,0.0,12.491711317172205,0,1
2025,5,Lic. en Administración de Empresas,3,12,1,0,12,0,50,4,0,0,0,1,0,0,0,ninguno,6,11,0,0.0,5,6,0,0.0,6,78.2,0,0,8.9,1.4,3.51,Abandono,1,62.5,1,1.0,0.0,1,0
2023,1,Ing. Financiera y de Riesgos,4,1,1,1,1,0,24,2,0,0,1,0,0,0,0,ninguno,15,17,14,11.357142857142858,14,15,13,12.846153846153848,1,60.0,1,1,7.6,2.6,0.32,Abandono,1,12.5,0,0.0,11.674607364247265,1,1
2025,1,Lic. en Ciencia de Datos e Inteligencia de Negocios,5,1,5,1,1,0,18,1,0,0,1,0,0,0,1,ninguno,5,11,0,0.0,5,8,0,0.0,5,59.5,1,1,9.4,-0.8,-3.12,Abandono,1,12.5,0,2.0,0.0,1,1
2025,1,Ing. Comercial,1,8,1,1,1,0,20,1,0,0,1,0,1,0,0,ninguno,6,13,6,15.692307692307692,6,13,5,14.428571428571429,0,72.9,1,1,15.5,2.8,-4.06,Activo,0,12.5,0,0.0,14.659935336025544,0,1
2025,5,Ing. Comercio Internacional,2,7,1,1,1,0,20,1,0,1,1,1,1,0,0,mixto,18,19,18,15.052631578947368,13,13,13,14.538461538461538,0,88.2,0,0,15.5,2.8,-4.06,Activo,0,62.5,0,0.0,14.032827617940397,0,0
2024,2,Lic. en Administración de Empresas,3,14,1,0,1,0,21,1,0,0,1,0,0,0,0,ninguno,10,20,6,11.5,10,17,5,12.4,4,73.2,2,1,9.4,-0.8,-3.12,Abandono,1,25.0,0,2.0,11.186991413084456,1,1
2024,2,Ing. Financiera y de Riesgos,4,12,1,1,1,1,28,1,0,0,1,1,0,0,1,ninguno,8,15,7,11.0,6,17,1,10.0,1,73.8,0,0,10.8,1.4,1.74,Activo,0,25.0,0,1.0,9.606453086405113,0,0
2024,1,Lic. en Ciencia de Datos e Inteligencia de Negocios,5,1,1,1,1,1,19,1,0,1,1,0,0,0,1,mixto,6,6,6,13.0,6,6,6,13.166666666666666,0,58.7,3,1,12.4,0.5,1.79,Activo,0,12.5,0,0.0,12.257054861434955,1,1
2023,1,Ing. Comercial,1,1,1,1,1,1,18,1,0,1,1,0,0,0,0,mixto,8,8,8,12.93875,8,8,8,12.93875,0,86.1,2,1,9.4,-0.8,-3.12,Activo,0,12.5,0,0.0,12.323967228641463,0,1
2024,2,Ing. Comercio Internacional,2,8,1,1,1,1,22,1,0,0,1,0,0,0,0,ninguno,0,0,0,0.0,0,0,0,0.0,0,81.9,3,1,12.7,3.7,-1.7,Activo,0,25.0,0,0.0,0.0,0,1
2024,2,Lic. en Administración de Empresas,3,15,1,1,14,1,25,1,0,0,1,0,0,0,0,ninguno,6,6,0,0.0,6,8,0,0.0,6,80.8,0,0,15.5,2.8,-4.06,Abandono,1,25.0,0,2.0,0.0,1,0
2023,3,Ing. Financiera y de Riesgos,4,12,1,1,1,1,37,2,0,0,0,0,0,0,0,ninguno,7,10,5,13.0,7,9,5,12.88,2,65.1,1,1,11.1,0.6,2.02,Abandono,1,37.5,0,1.0,12.281084470800344,1,1
2023,5,Lic. en Ciencia de Datos e Inteligencia de Negocios,5,12,1,1,1,1,38,1,0,0,0,0,0,0,1,ninguno,7,11,5,12.18,7,11,4,11.8125,2,81.2,2,1,11.1,0.6,2.02,Abandono,1,62.5,0,1.0,11.363294310883854,1,1
2024,4,Ing. Comercial,1,12,1,1,1,1,36,2,0,0,1,0,0,0,0,ninguno,6,13,3,11.333333333333334,6,12,5,11.4,3,76.9,2,1,13.9,-0.3,0.79,Abandono,1,50.0,0,2.0,10.61509845471681,1,1
2024,1,Ing. Comercio Internacional,2,1,2,1,1,1,18,1,0,0,1,0,1,0,1,ninguno,8,8,7,13.0,8,8,7,13.0,1,88.3,3,1,12.7,3.7,-1.7,Activo,0,12.5,0,0.0,12.309767815717043,0,1
2023,3,Lic. en Administración de Empresas,3,1,1,1,1,1,19,1,0,0,0,0,0,0,0,ninguno,5,5,0,0.0,6,0,0,0.0,5,94.7,2,1,9.4,-0.8,-3.12,Abandono,1,37.5,1,1.0,0.0,1,1
2024,1,Ing. Financiera y de Riesgos,4,12,1,1,1,1,24,1,0,0,1,1,0,0,0,ninguno,5,13,2,12.5,5,8,3,12.333333333333334,3,83.3,0,0,9.4,-0.8,-3.12,Abandono,1,12.5,0,1.0,11.687668324892313,1,0
2025,2,Lic. en Ciencia de Datos e Inteligencia de Negocios,5,1,1,1,1,1,20,1,0,0,1,0,0,0,0,ninguno,6,9,5,11.0,6,9,5,12.166666666666666,1,89.0,3,1,11.1,0.6,2.02,Activo,0,25.0,0,0.0,10.779895740973775,0,1
2025,1,Ing. Comercial,1,1,1,1,1,1,21,1,0,0,1,0,1,0,0,ninguno,0,0,0,0.0,0,0,0,0.0,0,80.3,0,0,12.7,3.7,-1.7,Abandono,1,12.5,0,0.0,0.0,0,0
2025,2,Ing. Comercio Internacional,2,14,3,0,1,1,32,2,0,0,1,0,1,0,0,ninguno,5,5,0,0.0,5,5,0,0.0,5,72.5,2,1,7.6,2.6,0.32,Abandono,1,25.0,0,3.0,0.0,1,1
2023,4,Lic. en Administración de Empresas,3,12,1,0,12,1,39,2,0,0,1,0,0,0,1,ninguno,5,9,0,0.0,5,5,1,10.0,5,66.7,3,1,12.7,3.7,-1.7,Abandono,1,50.0,0,3.0,4.22274223210093,1,1
2025,7,Ing. Financiera y de Riesgos,4,4,1,1,3,1,33,1,0,0,0,0,0,0,0,ninguno,5,6,0,0.0,5,5,0,0.0,5,86.3,1,1,12.7,3.7,-1.7,Abandono,1,87.5,0,2.0,0.0,1,1
2025,2,Lic. en Ciencia de Datos e Inteligencia de Negocios,5,8,2,1,1,1,20,1,0,1,1,0,0,0,1,beca,5,5,5,12.4,5,5,4,10.75,0,73.2,0,0,9.4,-0.8,-3.12,Activo,0,25.0,1,0.0,11.105830141819178,0,0
2024,1,Ing. Comercial,1,1,1,1,1,1,19,1,0,0,1,0,0,0,1,ninguno,6,8,6,15.5,6,10,6,14.1,0,95.3,1,1,16.2,0.3,-0.92,Activo,0,12.5,0,0.0,14.49900724590626,0,1
2024,3,Ing. Comercio Internacional,2,12,1,0,1,1,43,2,0,0,0,0,0,0,1,ninguno,5,13,2,11.5,5,12,3,10.8,3,65.2,0,0,13.9,-0.3,0.79,Abandono,1,37.5,1,1.0,10.45802509699791,1,0
2024,6,Lic. en Administración de Empresas,3,14,1,0,1,1,49,2,0,0,1,0,0,0,1,ninguno,5,7,4,13.333333333333334,5,9,4,11.6,1,69.7,0,0,16.2,0.3,-0.92,Abandono,1,75.0,1,0.0,11.753208008040618,0,0
2025,4,Ing. Financiera y de Riesgos,4,1,2,1,1,1,18,1,0,1,1,0,1,0,0,beca,6,8,6,12.666666666666666,6,6,6,13.5,0,69.8,0,0,12.7,3.7,-1.7,Activo,0,50.0,1,0.0,12.102899057990331,0,0
2023,2,Lic. en Ciencia de Datos e Inteligencia de Negocios,5,12,1,1,1,1,27,1,0,0,1,0,0,0,0,ninguno,6,6,0,0.0,6,6,0,0.0,6,69.3,2,1,11.1,0.6,2.02,Activo,0,25.0,1,3.0,0.0,1,1
2023,4,Ing. Comercial,1,1,1,1,1,1,19,1,0,1,1,0,1,0,0,mixto,5,8,5,12.6,5,9,5,13.6,0,99.2,0,0,8.9,1.4,3.51,Abandono,1,50.0,0,0.0,12.524106730020181,0,0
2023,3,Ing. Comercio Internacional,2,12,1,1,1,1,45,1,0,1,1,1,0,0,1,credito,6,6,6,13.5,6,6,0,0.0,0,84.6,0,0,16.2,0.3,-0.92,Abandono,1,37.5,0,0.0,6.308740293060467,0,0
2025,8,Lic. en Administración de Empresas,3,6,1,1,1,1,19,1,0,0,0,0,1,0,0,ninguno,6,6,6,13.0,6,8,6,13.0,0,79.9,0,0,13.9,-0.3,0.79,Activo,0,100.0,0,0.0,12.650625993333875,0,0
2025,8,Ing. Financiera y de Riesgos,4,15,1,1,14,1,21,1,0,1,1,0,0,0,0,credito,6,15,6,11.714285714285714,6,8,4,11.75,0,62.8,1,1,13.9,-0.3,0.79,Activo,0,100.0,0,0.0,10.891179712139639,1,1
2023,2,Lic. en Ciencia de Datos e Inteligencia de Negocios,5,1,1,1,1,1,18,1,0,1,1,0,0,0,0,credito,6,8,6,12.166666666666666,6,7,5,13.0,0,81.8,0,0,13.9,-0.3,0.79,Activo,0,25.0,0,0.0,12.108556588295805,0,0
2023,2,Ing. Comercial,1,8,3,1,1,1,18,1,0,0,1,0,0,0,0,ninguno,5,10,0,0.0,5,13,0,0.0,5,80.4,0,0,9.4,-0.8,-3.12,Abandono,1,25.0,0,2.0,0.0,1,0
2025,1,Ing. Comercio Internacional,2,8,1,1,1,1,29,1,0,0,0,0,0,0,0,ninguno,6,12,0,0.0,6,6,0,0.0,6,86.0,2,1,9.4,-0.8,-3.12,Abandono,1,12.5,0,3.0,0.0,1,1
2023,5,Lic. en Administración de Empresas,3,1,1,1,1,1,19,1,0,0,1,0,0,0,0,ninguno,5,6,5,11.5,5,5,5,11.6,0,89.8,0,0,9.4,-0.8,-3.12,Activo,0,62.5,0,0.0,10.920134318895848,0,0
2023,4,Ing. Financiera y de Riesgos,4,1,1,1,1,1,18,1,0,1,1,0,1,0,1,credito,5,7,4,11.25,5,6,4,12.25,1,84.3,0,0,12.4,0.5,1.79,Activo,0,50.0,0,0.0,10.836553520880965,0,0
2024,6,Lic. en Ciencia de Datos e Inteligencia de Negocios,5,15,1,1,14,1,22,1,0,1,1,0,0,0,0,beca,7,7,7,12.285714285714286,9,10,8,12.375,0,72.2,0,0,12.4,0.5,1.79,Activo,0,75.0,0,0.0,11.719700754171333,0,0
2023,7,Ing. Comercial,1,8,6,1,1,1,18,1,0,1,1,0,1,0,0,beca,7,7,7,12.718571428571428,8,11,8,12.805555555555555,0,68.9,0,0,11.1,0.6,2.02,Abandono,1,87.5,0,0.0,12.262627455934256,0,0
2024,2,Ing. Comercio Internacional,2,15,1,1,14,1,20,1,0,0,1,0,0,0,0,ninguno,6,12,5,12.4,6,11,2,15.0,1,75.1,3,1,13.9,-0.3,0.79,Activo,0,25.0,0,0.0,12.772789133926864,0,1
2025,1,Lic. en Administración de Empresas,3,1,1,1,1,1,20,1,0,0,1,0,1,0,0,ninguno,0,0,0,0.0,0,0,0,0.0,0,81.3,0,0,10.8,1.4,1.74,Abandono,1,12.5,0,0.0,0.0,0,0
2024,2,Ing. Financiera y de Riesgos,4,12,1,1,12,1,29,4,0,1,1,1,0,0,0,beca,6,16,1,14.0,6,7,0,0.0,5,70.4,0,0,11.1,0.6,2.02,Abandono,1,25.0,0,2.0,6.585172037046511,1,0
2024,3,Lic. en Ciencia de Datos e Inteligencia de Negocios,5,12,1,1,1,1,29,1,0,0,1,0,1,0,0,ninguno,5,10,3,11.666666666666666,5,8,4,11.25,2,61.3,0,0,7.6,2.6,0.32,Abandono,1,37.5,0,1.0,11.140160620485588,1,0
2024,6,Ing. Comercial,1,14,1,1,1,1,23,1,0,0,1,0,1,0,0,ninguno,6,15,1,13.0,6,8,4,11.25,5,76.7,0,0,9.4,-0.8,-3.12,Activo,0,75.0,0,1.0,11.762010110555266,1,0
2023,1,Ing. Comercio Internacional,2,8,1,1,1,1,19,1,0,0,1,1,1,0,1,ninguno,0,0,0,0.0,0,0,0,0.0,0,84.3,2,1,10.8,1.4,1.74,Abandono,1,12.5,0,0.0,0.0,0,1
2023,3,Lic. en Administración de Empresas,3,1,1,1,1,1,18,1,0,0,1,0,1,0,0,ninguno,5,10,0,0.0,5,11,1,12.0,5,74.1,0,0,7.6,2.6,0.32,Abandono,1,37.5,1,1.0,5.019418138780803,1,0
2024,6,Ing. Financiera y de Riesgos,4,13,1,1,1,1,22,2,0,0,1,0,1,0,0,ninguno,6,13,4,11.5,6,12,2,12.5,2,65.9,2,1,7.6,2.6,0.32,Abandono,1,75.0,0,1.0,11.309038692787423,1,1
2025,2,Lic. en Ciencia de Datos e Inteligencia de Negocios,5,14,1,0,1,1,34,1,0,0,1,1,1,0,1,ninguno,10,10,7,11.714285714285714,10,10,6,11.5,3,70.7,0,0,10.8,1.4,1.74,Abandono,1,25.0,0,1.0,11.04585964472237,1,0
2025,3,Ing. Comercial,1,14,1,0,4,1,26,1,0,0,1,0,0,0,1,ninguno,5,7,5,12.6,5,7,5,13.714285714285714,0,81.0,0,0,13.9,-0.3,0.79,Activo,0,37.5,2,0.0,12.235041590913934,0,0
2024,3,Ing. Comercio Internacional,2,8,1,1,1,1,24,1,0,0,1,0,1,0,1,ninguno,17,19,13,11.642857142857142,17,25,12,11.25,4,68.7,0,0,11.1,0.6,2.02,Abandono,1,37.5,0,2.0,10.829233139393622,1,0
2023,2,Lic. en Administración de Empresas,3,1,1,1,1,1,17,1,0,1,1,0,1,0,1,beca,6,8,6,14.875,6,8,6,13.428571428571429,0,95.1,1,1,11.1,0.6,2.02,Activo,0,25.0,1,0.0,13.631118674405,0,1
2023,2,Ing. Financiera y de Riesgos,4,14,4,1,1,1,21,1,0,0,1,0,0,0,0,ninguno,5,11,2,10.0,5,10,3,10.333333333333334,3,67.1,1,1,9.4,-0.8,-3.12,Activo,0,25.0,0,1.0,9.207812996544707,1,1
2025,2,Lic. en Ciencia de Datos e Inteligencia de Negocios,5,12,1,0,1,1,34,2,0,0,1,0,0,0,0,ninguno,5,5,5,14.2,5,5,5,14.6,0,78.4,1,1,12.7,3.7,-1.7,Activo,0,25.0,0,0.0,13.505337633665125,0,1
2023,1,Ing. Comercial,1,15,1,1,14,1,19,1,0,0,1,0,1,0,0,ninguno,6,8,6,12.714285714285714,6,9,6,13.5,0,87.9,1,1,12.4,0.5,1.79,Activo,0,12.5,0,0.0,12.21657499434925,0,1
2025,7,Ing. Comercio Internacional,2,12,1,1,1,1,49,2,0,0,0,1,0,0,0,ninguno,12,16,5,11.6,7,7,5,11.2,7,82.4,3,1,8.9,1.4,3.51,Abandono,1,87.5,2,2.0,10.74140067986485,1,1
2024,1,Lic. en Administración de Empresas,3,14,1,1,1,1,23,1,0,0,1,0,0,0,0,ninguno,7,14,5,11.94,7,14,6,12.2,2,68.7,2,1,13.9,-0.3,0.79,Abandono,1,12.5,0,1.0,11.217393120829183,1,1
2025,8,Ing. Financiera y de Riesgos,4,9,3,1,1,1,18,1,0,0,1,0,1,0,0,ninguno,5,10,4,11.6,5,9,3,14.2,1,86.3,1,1,12.4,0.5,1.79,Abandono,1,100.0,1,0.0,12.474452648514813,0,1
2023,2,Lic. en Ciencia de Datos e Inteligencia de Negocios,5,1,1,1,1,1,20,1,0,0,1,0,0,0,0,ninguno,7,9,5,12.7,8,9,7,13.475,2,91.4,2,1,13.9,-0.3,0.79,Activo,0,25.0,0,1.0,12.386243929710629,1,1
2025,3,Ing. Comercial,1,1,3,1,1,1,19,1,0,0,1,0,1,0,0,ninguno,6,6,6,13.333333333333334,6,9,5,13.8,0,81.5,0,0,8.9,1.4,3.51,Activo,0,37.5,1,0.0,12.577974520673385,0,0
2024,1,Ing. Comercio Internacional,2,13,1,1,14,1,24,1,0,0,1,0,1,0,0,ninguno,9,13,8,13.333333333333334,10,12,9,13.11111111111111,1,82.7,0,0,16.2,0.3,-0.92,Activo,0,12.5,0,1.0,12.718551320859648,0,0
2023,4,Lic. en Administración de Empresas,3,1,1,1,1,1,18,1,0,0,1,0,1,0,1,ninguno,5,5,5,13.4,5,5,5,15.0,0,64.9,0,0,8.9,1.4,3.51,Activo,0,50.0,0,0.0,13.343953369526627,1,0
2023,1,Ing. Financiera y de Riesgos,4,12,1,1,12,1,45,2,0,0,0,1,0,0,0,ninguno,6,12,0,0.0,6,12,0,0.0,6,78.0,2,1,9.4,-0.8,-3.12,Abandono,1,12.5,1,2.0,0.0,1,1
2024,4,Lic. en Ciencia de Datos e Inteligencia de Negocios,5,12,1,0,1,1,30,1,0,0,1,0,1,0,0,ninguno,5,5,2,11.0,5,5,0,0.0,3,57.5,1,1,7.6,2.6,0.32,Abandono,1,50.0,0,1.0,5.172136021744539,1,1
2024,2,Ing. Comercial,1,16,1,0,14,1,28,1,0,0,1,0,0,0,1,ninguno,15,17,13,12.0,13,13,9,11.333333333333334,2,74.4,2,1,8.9,1.4,3.51,Abandono,1,25.0,0,1.0,10.8325530881957,1,1
2024,6,Ing. Comercio Internacional,2,12,1,0,1,1,40,1,0,0,1,0,0,0,0,ninguno,5,0,0,0.0,5,0,0,0.0,5,70.1,0,0,12.7,3.7,-1.7,Abandono,1,75.0,1,2.0,0.0,1,0
2023,8,Lic. en Administración de Empresas,3,12,2,1,12,1,32,1,0,0,0,0,0,0,0,ninguno,5,5,0,0.0,5,9,0,0.0,5,70.7,0,0,10.8,1.4,1.74,Abandono,1,100.0,0,2.0,0.0,1,0
2025,4,Ing. Financiera y de Riesgos,4,8,5,1,1,1,19,1,0,0,1,0,1,0,0,ninguno,6,12,4,12.5,6,12,4,10.25,2,87.0,0,0,7.6,2.6,0.32,Abandono,1,50.0,0,1.0,11.015035064167119,1,0
2023,2,Lic. en Ciencia de Datos e Inteligencia de Negocios,5,1,1,1,1,1,20,1,0,0,1,0,1,0,1,ninguno,6,7,6,13.666666666666666,6,7,6,12.166666666666666,0,82.7,1,1,16.2,0.3,-0.92,Activo,0,25.0,0,0.0,11.953859488419491,0,1
2024,6,Ing. Comercial,1,8,1,1,1,1,18,1,0,0,1,0,0,0,1,ninguno,5,10,1,10.0,5,7,0,0.0,4,66.6,1,1,9.4,-0.8,-3.12,Abandono,1,75.0,1,1.0,4.495793278973747,1,1
2023,1,Ing. Comercio Internacional,2,8,1,1,1,1,20,1,0,0,0,0,0,0,0,ninguno,6,6,6,11.5,6,9,2,13.0,0,84.8,3,1,10.8,1.4,1.74,Abandono,1,12.5,1,0.0,11.791474715825824,0,1
2025,3,Lic. en Administración de Empresas,3,12,1,0,1,1,39,1,0,0,1,0,0,0,1,ninguno,5,7,4,12.25,5,7,4,12.75,1,89.8,2,1,15.5,2.8,-4.06,Activo,0,37.5,1,0.0,12.109604517153565,0,1
2025,2,Ing. Financiera y de Riesgos,4,8,1,1,1,1,19,1,0,0,0,0,0,0,1,ninguno,6,11,5,13.6,6,11,5,13.666666666666666,1,68.5,0,0,11.1,0.6,2.02,Activo,0,25.0,0,0.0,12.671131797995999,0,0
2023,5,Lic. en Ciencia de Datos e Inteligencia de Negocios,5,12,1,0,9,1,38,1,0,0,1,0,0,0,1,ninguno,5,11,2,10.5,5,9,3,11.333333333333334,3,99.0,1,1,7.6,2.6,0.32,Activo,0,62.5,1,1.0,10.118334046957754,1,1
2025,2,Ing. Comercial,1,8,3,1,1,1,18,1,0,1,1,0,1,0,0,beca,7,7,6,13.266666666666666,7,7,6,13.266666666666666,1,58.9,2,1,7.6,2.6,0.32,Activo,0,25.0,0,0.0,12.447504044564004,1,1
2024,7,Ing. Comercio Internacional,2,8,4,1,1,1,18,1,0,1,1,0,1,0,0,beca,7,8,7,12.5125,8,8,8,14.1875,0,88.4,0,0,13.9,-0.3,0.79,Activo,0,87.5,0,0.0,12.700416807033829,0,0
2024,4,Lic. en Administración de Empresas,3,14,1,1,7,1,28,2,0,0,1,0,0,0,0,ninguno,5,9,0,0.0,5,5,0,0.0,5,81.6,0,0,7.6,2.6,0.32,Abandono,1,50.0,0,2.0,0.0,1,0
2025,3,Ing. Financiera y de Riesgos,4,12,1,1,1,1,31,1,0,0,0,0,1,0,1,ninguno,6,14,0,0.0,6,6,0,0.0,6,97.4,0,0,12.7,3.7,-1.7,Abandono,1,37.5,0,3.0,0.0,1,0
2024,4,Lic. en Ciencia de Datos e Inteligencia de Negocios,5,1,1,1,1,1,23,1,0,0,1,0,0,0,0,ninguno,7,7,6,13.483333333333334,7,7,6,13.483333333333334,1,84.6,1,1,7.6,2.6,0.32,Activo,0,50.0,0,0.0,12.79144456642454,0,1
2025,4,Ing. Comercial,1,1,1,1,1,1,21,1,0,0,1,0,1,0,1,ninguno,7,9,6,12.565,8,12,5,12.16,1,70.8,0,0,11.1,0.6,2.02,Activo,0,50.0,0,0.0,11.889658453423847,0,0
2023,1,Ing. Comercio Internacional,2,12,1,1,12,1,33,1,0,0,0,1,0,0,0,ninguno,6,8,0,0.0,5,6,0,0.0,6,82.6,0,0,16.2,0.3,-0.92,Abandono,1,12.5,0,3.0,0.0,1,0
2025,4,Lic. en Administración de Empresas,3,14,1,1,1,1,22,1,0,0,1,0,0,0,1,ninguno,5,9,3,13.0,5,9,3,11.666666666666666,2,94.2,0,0,12.7,3.7,-1.7,Abandono,1,50.0,0,1.0,11.47572667532273,1,0
2025,1,Ing. Financiera y de Riesgos,4,15,1,1,14,1,20,1,0,0,1,1,1,0,0,ninguno,5,6,5,16.5,5,7,5,17.714285714285715,0,77.7,1,1,12.4,0.5,1.79,Abandono,1,12.5,0,0.0,16.518048415007836,0,1
2025,3,Lic. en Ciencia de Datos e Inteligencia de Negocios,5,8,1,1,1,1,19,1,0,0,1,1,0,0,0,ninguno,6,7,6,13.166666666666666,6,9,5,13.2,0,80.4,1,1,8.9,1.4,3.51,Activo,0,37.5,1,0.0,12.777394452249261,0,1
2024,1,Ing. Comercial,1,15,1,1,14,1,20,1,0,0,1,0,1,0,0,ninguno,6,11,6,13.8,6,7,6,13.142857142857142,0,77.5,0,0,16.2,0.3,-0.92,Activo,0,12.5,0,0.0,12.621696387631422,0,0
2025,4,Ing. Comercio Internacional,2,12,1,1,9,1,25,1,0,0,1,0,1,0,0,ninguno,6,7,6,11.166666666666666,6,11,4,11.8,0,88.2,2,1,9.4,-0.8,-3.12,Activo,0,50.0,0,0.0,11.097895696376414,0,1
2023,5,Lic. en Administración de Empresas,3,12,1,1,1,1,25,1,0,0,0,0,0,0,0,ninguno,6,0,0,0.0,6,0,0,0.0,6,75.3,3,1,13.9,-0.3,0.79,Abandono,1,62.5,0,2.0,0.0,1,1
2023,1,Ing. Financiera y de Riesgos,4,1,4,1,1,1,19,1,0,0,1,0,1,0,0,ninguno,6,7,6,12.666666666666666,6,8,6,12.142857142857142,0,86.7,0,0,9.4,-0.8,-3.12,Activo,0,12.5,1,0.0,11.956697542340946,0,0
2023,2,Lic. en Ciencia de Datos e Inteligencia de Negocios,5,1,1,1,1,1,20,1,0,0,1,0,1,0,0,ninguno,5,5,5,12.6,5,6,4,14.5,0,91.0,0,0,7.6,2.6,0.32,Activo,0,25.0,0,0.0,12.860176553208834,0,0
2025,4,Ing. Comercial,1,12,1,1,12,1,33,2,0,0,1,0,0,0,1,ninguno,7,7,5,13.06,7,9,0,0.0,2,75.7,1,1,16.2,0.3,-0.92,Activo,0,50.0,1,1.0,5.679060342206744,1,1
2025,2,Ing. Comercio Internacional,2,8,5,1,1,1,19,1,0,0,1,0,1,0,0,ninguno,6,7,6,13.833333333333334,6,8,6,13.625,0,71.5,0,0,7.6,2.6,0.32,Activo,0,25.0,1,0.0,13.209146251559384,0,0
2023,4,Lic. en Administración de Empresas,3,12,1,1,12,1,31,1,0,0,1,0,0,0,0,ninguno,5,5,0,0.0,5,5,0,0.0,5,78.4,1,1,7.6,2.6,0.32,Abandono,1,50.0,1,3.0,0.0,1,1
2023,2,Ing. Financiera y de Riesgos,4,15,1,1,14,1,24,1,0,0,0,1,0,0,0,ninguno,6,6,2,16.0,7,7,2,16.0,4,73.0,0,0,8.9,1.4,3.51,Abandono,1,25.0,0,2.0,15.374823075532907,1,0
2025,1,Lic. en Ciencia de Datos e Inteligencia de Negocios,5,15,1,1,14,1,23,1,0,0,0,1,0,0,0,ninguno,5,5,0,0.0,5,5,0,0.0,5,93.4,0,0,15.5,2.8,-4.06,Abandono,1,12.5,0,3.0,0.0,1,0
2025,8,Ing. Comercial,1,12,1,0,1,1,26,2,0,1,0,0,0,0,1,beca,5,12,3,10.666666666666666,5,11,3,10.666666666666666,2,96.4,1,1,9.4,-0.8,-3.12,Abandono,1,100.0,0,1.0,10.211501976505494,1,1
2024,2,Ing. Comercio Internacional,2,14,1,1,2,1,38,2,0,0,1,0,1,0,0,ninguno,18,18,18,14.5,18,18,18,14.5,0,92.0,0,0,16.2,0.3,-0.92,Activo,0,25.0,0,0.0,14.046052816372438,0,0
2024,5,Lic. en Administración de Empresas,3,1,6,1,1,1,20,1,0,1,1,0,1,0,0,beca,5,6,5,14.0,5,7,5,13.8,0,65.5,0,0,8.9,1.4,3.51,Activo,0,62.5,0,0.0,12.936941080857302,0,0
2023,1,Ing. Financiera y de Riesgos,4,8,5,1,1,1,20,1,0,0,1,0,1,0,0,ninguno,5,10,3,13.333333333333334,5,11,5,13.571428571428571,2,72.6,3,1,12.4,0.5,1.79,Activo,0,12.5,0,1.0,12.484473343397529,1,1
2024,1,Lic. en Ciencia de Datos e Inteligencia de Negocios,5,12,1,1,12,1,25,1,0,0,1,0,0,0,1,ninguno,6,0,0,0.0,6,0,0,0.0,6,75.4,0,0,10.8,1.4,1.74,Abandono,1,12.5,1,3.0,0.0,1,0
2024,5,Ing. Comercial,1,8,2,1,1,1,19,1,0,0,1,0,1,0,1,ninguno,6,9,5,12.0,6,10,4,11.2,1,71.7,2,1,8.9,1.4,3.51,Activo,0,62.5,0,0.0,10.734638278897654,0,1
2023,7,Ing. Comercio Internacional,2,8,1,1,1,1,18,1,0,0,1,0,0,0,0,ninguno,5,6,5,16.2,5,8,5,16.0,0,89.0,2,1,8.9,1.4,3.51,Activo,0,87.5,1,0.0,15.66827108158244,0,1
2025,7,Lic. en Administración de Empresas,3,14,1,0,9,1,28,1,0,0,1,0,0,0,1,ninguno,13,13,7,10.285714285714286,11,13,5,10.6,6,74.4,0,0,10.8,1.4,1.74,Abandono,1,87.5,1,2.0,9.99447007829766,1,0
2024,2,Ing. Financiera y de Riesgos,4,1,2,1,1,1,18,1,0,0,1,0,1,0,1,ninguno,5,5,0,0.0,5,5,0,0.0,5,57.5,2,1,9.4,-0.8,-3.12,Activo,0,25.0,0,2.0,0.0,1,1
2023,5,Lic. en Ciencia de Datos e Inteligencia de Negocios,5,1,1,1,1,1,20,1,0,1,1,0,1,0,1,credito,6,7,6,13.571428571428571,6,8,6,13.166666666666666,0,86.8,1,1,8.9,1.4,3.51,Activo,0,62.5,1,0.0,12.846354847114174,0,1
2024,1,Ing. Comercial,1,1,1,1,1,1,18,1,0,0,1,0,0,0,0,ninguno,6,7,6,14.285714285714286,6,9,6,14.857142857142858,0,67.5,0,0,11.1,0.6,2.02,Activo,0,12.5,0,0.0,13.601859147073966,0,0
2024,1,Ing. Comercio Internacional,2,8,3,1,1,1,19,1,0,0,1,0,1,0,0,ninguno,5,7,5,10.2,5,6,4,10.5,0,85.5,0,0,12.4,0.5,1.79,Activo,0,12.5,0,0.0,9.497648211982813,0,0
2025,2,Lic. en Administración de Empresas,3,13,1,1,1,1,24,1,0,0,1,1,0,0,1,ninguno,8,16,2,10.25,8,16,2,10.25,6,100.0,1,1,12.7,3.7,-1.7,Abandono,1,25.0,0,2.0,9.443193845486912,1,1
2024,3,Ing. Financiera y de Riesgos,4,8,4,1,1,1,21,1,0,0,1,0,1,0,0,ninguno,6,0,0,0.0,6,0,0,0.0,6,98.0,3,1,10.8,1.4,1.74,Abandono,1,37.5,0,2.0,0.0,1,1
2025,4,Lic. en Ciencia de Datos e Inteligencia de Negocios,5,1,1,1,1,1,20,1,0,1,1,0,0,0,0,beca,6,7,6,14.833333333333334,6,6,6,14.833333333333334,0,77.8,0,0,12.7,3.7,-1.7,Activo,0,50.0,0,0.0,13.896665441779703,0,0
2023,1,Ing. Comercial,1,15,1,1,14,1,21,1,0,0,1,0,1,0,1,ninguno,6,12,5,13.625,6,6,5,12.6,1,77.3,0,0,13.9,-0.3,0.79,Activo,0,12.5,0,0.0,12.232990734345679,0,0
2024,6,Ing. Comercio Internacional,2,1,1,1,1,1,24,2,0,0,1,1,0,0,0,ninguno,7,7,7,12.271428571428572,8,10,7,13.657142857142857,0,93.5,0,0,10.8,1.4,1.74,Activo,0,75.0,1,0.0,12.54973642535617,0,0
2023,7,Lic. en Administración de Empresas,3,12,1,0,1,1,27,1,0,0,1,0,0,0,1,ninguno,5,0,0,0.0,5,0,0,0.0,5,80.9,0,0,10.8,1.4,1.74,Abandono,1,87.5,0,1.0,0.0,1,0
2023,5,Ing. Financiera y de Riesgos,4,8,6,1,1,1,19,1,0,0,0,1,1,0,0,ninguno,5,8,4,12.5,5,9,5,10.5,1,83.2,0,0,8.9,1.4,3.51,Activo,0,62.5,1,1.0,11.00942672454067,0,0
2025,1,Lic. en Ciencia de Datos e Inteligencia de Negocios,5,12,1,0,1,1,39,1,0,0,1,0,0,0,1,ninguno,9,10,9,13.22222222222222,7,8,7,13.142857142857142,0,73.0,1,1,8.9,1.4,3.51,Activo,0,12.5,0,0.0,12.825930860457206,0,1
2023,8,Ing. Comercial,1,12,1,1,1,1,25,1,0,0,1,0,0,0,0,ninguno,7,13,2,15.0,7,12,2,11.5,5,80.9,0,0,12.4,0.5,1.79,Abandono,1,100.0,1,2.0,12.490224385440053,1,0
2024,6,Ing. Comercio Internacional,2,4,1,1,3,1,18,1,0,0,0,0,0,0,0,ninguno,0,0,0,0.0,0,0,0,0.0,0,73.0,0,0,9.4,-0.8,-3.12,Abandono,1,75.0,1,0.0,0.0,0,0
2024,3,Lic. en Administración de Empresas,3,14,1,1,1,1,19,1,0,0,1,0,0,0,1,ninguno,12,12,12,13.166666666666666,12,12,12,13.0,0,72.1,0,0,10.8,1.4,1.74,Activo,0,37.5,1,0.0,12.7168809266374,0,0
2023,3,Ing. Financiera y de Riesgos,4,9,1,1,1,1,21,1,0,1,1,0,0,0,0,mixto,6,8,5,13.833333333333334,6,6,4,14.0,1,61.9,0,0,13.9,-0.3,0.79,Activo,0,37.5,0,1.0,13.39347040041106,1,0
2025,1,Lic. en Ciencia de Datos e Inteligencia de Negocios,5,4,1,0,15,1,27,1,0,0,1,0,0,0,1,ninguno,5,0,0,0.0,5,0,0,0.0,5,79.9,3,1,8.9,1.4,3.51,Abandono,1,12.5,1,2.0,0.0,1,1
2023,8,Ing. Comercial,1,1,3,1,1,1,19,1,0,0,1,0,1,0,0,ninguno,5,6,0,0.0,5,6,0,0.0,5,65.5,1,1,7.6,2.6,0.32,Activo,0,100.0,0,2.0,0.0,1,1
2025,2,Ing. Comercio Internacional,2,8,3,1,1,1,18,1,0,0,1,0,1,0,1,ninguno,8,8,7,13.154285714285717,8,8,7,13.154285714285717,1,73.3,1,1,10.8,1.4,1.74,Activo,0,25.0,1,0.0,12.343233097663386,0,1
2024,3,Lic. en Administración de Empresas,3,4,1,1,3,1,27,1,0,0,1,0,1,0,1,ninguno,12,12,9,12.333333333333334,11,11,6,13.166666666666666,3,84.1,0,0,9.4,-0.8,-3.12,Abandono,1,37.5,0,2.0,12.300957900076986,1,0
2023,3,Ing. Financiera y de Riesgos,4,1,3,1,1,1,18,1,0,0,1,1,1,0,1,ninguno,6,6,6,13.0,6,7,5,11.8,0,99.0,0,0,12.7,3.7,-1.7,Abandono,1,37.5,0,0.0,12.04485255029726,0,0
2025,5,Lic. en Ciencia de Datos e Inteligencia de Negocios,5,1,1,1,1,1,19,1,0,0,1,0,0,0,0,ninguno,5,14,2,11.5,5,8,5,11.4,3,85.5,2,1,9.4,-0.8,-3.12,Activo,0,62.5,0,1.0,10.956168817181343,1,1
2023,7,Ing. Comercial,1,15,1,1,14,1,19,1,0,0,1,0,0,0,0,ninguno,6,15,3,13.25,6,9,1,12.0,3,86.2,0,0,13.9,-0.3,0.79,Abandono,1,87.5,1,1.0,12.150771130364765,1,0
2023,3,Ing. Comercio Internacional,2,15,1,1,14,1,22,1,0,0,1,0,0,0,1,ninguno,6,12,3,13.333333333333334,6,12,3,12.75,3,70.1,0,0,15.5,2.8,-4.06,Activo,0,37.5,0,2.0,12.57748579614303,1,0
2023,3,Lic. en Administración de Empresas,3,7,2,1,1,0,18,1,0,0,1,0,1,0,1,ninguno,6,6,6,13.5,6,6,6,12.166666666666666,0,82.8,0,0,10.8,1.4,1.74,Activo,0,37.5,1,0.0,12.398405308012405,0,0
2025,5,Ing. Financiera y de Riesgos,4,7,4,1,1,0,18,1,0,1,1,0,1,0,1,beca,6,7,6,12.666666666666666,6,8,5,12.8,0,84.4,0,0,10.8,1.4,1.74,Activo,0,62.5,0,0.0,12.031004349874552,0,0
2025,7,Lic. en Ciencia de Datos e Inteligencia de Negocios,5,14,1,1,1,0,23,1,0,0,1,0,0,0,0,ninguno,11,18,11,15.090909090909092,6,7,6,14.5,0,85.2,2,1,9.4,-0.8,-3.12,Abandono,1,87.5,0,0.0,14.265782112365272,0,1
2025,4,Ing. Comercial,1,9,4,1,1,1,20,1,0,0,0,1,1,0,0,ninguno,0,0,0,0.0,0,0,0,0.0,0,63.5,0,0,9.4,-0.8,-3.12,Abandono,1,50.0,0,0.0,0.0,1,0
2023,7,Ing. Comercio Internacional,2,8,3,1,1,1,18,1,0,0,1,0,1,0,0,ninguno,6,7,6,13.166666666666666,6,7,6,12.666666666666666,0,76.7,0,0,16.2,0.3,-0.92,Activo,0,87.5,0,0.0,12.487903474173498,0,0
2023,7,Lic. en Administración de Empresas,3,1,4,1,1,1,18,1,0,0,1,0,1,0,0,ninguno,6,6,6,12.833333333333334,6,8,6,12.833333333333334,0,64.7,0,0,12.4,0.5,1.79,Activo,0,87.5,0,0.0,12.208094383725353,1,0
2025,5,Ing. Financiera y de Riesgos,4,8,3,1,1,1,18,1,0,0,1,0,1,0,0,ninguno,5,7,5,11.8,5,9,3,12.0,0,72.2,0,0,8.9,1.4,3.51,Activo,0,62.5,1,0.0,11.590439514501744,0,0
2025,4,Lic. en Ciencia de Datos e Inteligencia de Negocios,5,8,2,1,1,1,20,1,0,0,1,0,1,0,1,ninguno,6,6,6,11.833333333333334,6,6,6,12.166666666666666,0,74.7,1,1,12.7,3.7,-1.7,Activo,0,50.0,0,0.0,11.362822374281366,0,1
2025,2,Ing. Comercial,1,1,3,1,1,1,20,1,0,0,1,0,1,0,0,ninguno,6,6,5,12.8,6,11,3,12.75,1,77.7,0,0,15.5,2.8,-4.06,Activo,0,25.0,0,0.0,12.435913245386468,0,0
2023,3,Ing. Comercio Internacional,2,15,1,1,14,1,21,1,0,0,1,0,0,0,0,ninguno,7,7,5,11.8,9,9,5,11.0,2,77.6,1,1,12.4,0.5,1.79,Abandono,1,37.5,1,1.0,10.41559354168915,1,1
2023,1,Lic. en Administración de Empresas,3,14,1,1,1,1,22,1,0,0,1,0,0,0,0,ninguno,0,0,0,0.0,0,0,0,0.0,0,75.6,0,0,13.9,-0.3,0.79,Activo,0,12.5,0,0.0,0.0,0,0
2025,1,Ing. Financiera y de Riesgos,4,8,1,1,1,1,20,1,0,0,1,0,1,0,1,ninguno,5,7,5,15.8,5,7,5,14.571428571428571,0,63.9,0,0,11.1,0.6,2.02,Abandono,1,12.5,0,0.0,14.542636252068768,1,0
2025,1,Lic. en Ciencia de Datos e Inteligencia de Negocios,5,1,1,1,1,1,19,1,0,0,1,1,0,0,0,ninguno,0,0,0,0.0,0,0,0,0.0,0,92.7,1,1,15.5,2.8,-4.06,Activo,0,12.5,1,0.0,0.0,0,1
2025,2,Ing. Comercial,1,15,1,1,14,1,19,1,0,0,1,0,1,0,1,ninguno,5,9,2,12.5,5,10,3,11.6,3,89.2,1,1,12.4,0.5,1.79,Activo,0,25.0,0,2.0,11.335288191446711,1,1
2025,4,Ing. Comercio Internacional,2,8,1,1,1,1,20,1,0,0,1,0,1,0,0,ninguno,6,9,6,14.666666666666666,6,7,6,13.857142857142858,0,65.1,0,0,8.9,1.4,3.51,Activo,0,50.0,0,0.0,13.430770136413448,0,0
2024,8,Lic. en Administración de Empresas,3,15,1,1,14,1,19,1,0,0,1,0,1,0,0,ninguno,6,10,4,12.5,6,16,2,12.0,2,81.8,0,0,12.4,0.5,1.79,Abandono,1,100.0,1,1.0,11.816497922896678,1,0
2025,8,Ing. Financiera y de Riesgos,4,1,1,1,1,1,19,1,0,0,1,0,1,0,0,ninguno,5,7,3,12.0,6,10,2,10.5,2,73.7,2,1,11.1,0.6,2.02,Abandono,1,100.0,1,1.0,10.552254161448756,1,1
2024,8,Lic. en Ciencia de Datos e Inteligencia de Negocios,5,6,1,1,1,1,24,1,1,0,1,1,0,0,1,ninguno,8,8,7,13.142857142857142,6,8,6,11.833333333333334,1,71.9,0,0,8.9,1.4,3.51,Activo,0,100.0,0,1.0,11.618147609227229,0,0
2025,1,Ing. Comercial,1,8,1,1,1,1,18,1,0,0,1,1,0,0,1,ninguno,6,6,3,12.666666666666666,6,11,4,11.142857142857142,3,88.2,0,0,10.8,1.4,1.74,Abandono,1,12.5,0,1.0,11.066988460409483,1,0
2025,8,Ing. Comercio Internacional,2,1,1,1,1,1,18,1,0,1,0,0,0,0,0,credito,5,6,5,15.0,5,6,5,14.2,0,73.4,0,0,8.9,1.4,3.51,Activo,0,100.0,0,0.0,13.737905587492993,0,0
2024,1,Lic. en Administración de Empresas,3,1,1,1,1,0,18,1,0,0,1,1,1,0,0,ninguno,6,7,5,13.6,6,7,5,11.8,1,94.2,1,1,8.9,1.4,3.51,Abandono,1,12.5,1,0.0,11.784473602591195,0,1
2024,7,Ing. Financiera y de Riesgos,4,8,5,1,1,0,18,1,0,0,1,0,1,0,1,ninguno,6,6,6,12.5,6,6,6,13.833333333333334,0,92.1,1,1,8.9,1.4,3.51,Activo,0,87.5,1,0.0,12.210289195155038,0,1
2024,6,Lic. en Ciencia de Datos e Inteligencia de Negocios,5,8,1,1,1,0,21,1,0,1,1,0,1,0,0,credito,6,7,6,13.333333333333334,6,7,6,13.5,0,99.3,0,0,12.4,0.5,1.79,Activo,0,75.0,0,0.0,12.832801858024192,0,0
2025,4,Ing. Comercial,1,6,1,1,1,0,18,1,1,0,1,0,0,0,1,ninguno,6,13,4,12.25,6,15,5,11.0,2,68.9,0,0,11.1,0.6,2.02,Abandono,1,50.0,0,1.0,10.926861628233986,1,0
2025,2,Ing. Comercio Internacional,2,1,1,1,1,0,18,1,0,1,1,0,1,0,0,mixto,7,7,7,15.101428571428572,8,8,8,16.09375,0,62.8,0,0,11.1,0.6,2.02,Activo,0,25.0,0,0.0,14.744127617482357,1,0
2025,5,Lic. en Administración de Empresas,3,1,2,1,1,0,18,1,0,1,1,0,1,0,1,credito,6,6,6,13.166666666666666,6,6,6,16.0,0,78.3,0,0,10.8,1.4,1.74,Activo,0,62.5,1,0.0,13.795335463571284,0,0
2025,3,Ing. Financiera y de Riesgos,4,9,6,0,1,0,23,1,0,0,1,0,1,0,0,ninguno,6,8,4,11.0,6,6,0,0.0,2,81.9,1,1,13.9,-0.3,0.79,Abandono,1,37.5,0,1.0,4.503135840214934,1,1
2025,1,Lic. en Ciencia de Datos e Inteligencia de Negocios,5,1,2,1,1,0,21,1,0,0,1,0,1,0,0,ninguno,5,9,3,11.666666666666666,5,9,4,11.75,2,80.8,2,1,8.9,1.4,3.51,Activo,0,12.5,0,1.0,11.398758977560082,1,1
2024,2,Ing. Comercial,1,1,1,1,1,0,20,1,0,0,1,0,0,0,0,ninguno,6,13,1,10.0,6,13,1,13.0,5,72.5,1,1,9.4,-0.8,-3.12,Activo,0,25.0,0,3.0,10.951406749278947,1,1
2024,3,Ing. Comercio Internacional,2,8,1,0,1,0,26,1,0,0,1,0,1,0,1,ninguno,7,15,7,11.571428571428571,6,14,2,11.0,0,80.8,0,0,7.6,2.6,0.32,Abandono,1,37.5,0,0.0,10.788994737325144,0,0
2024,2,Lic. en Administración de Empresas,3,1,6,1,1,0,18,1,0,1,1,0,1,0,0,beca,6,6,6,12.166666666666666,6,10,5,11.2,0,78.8,0,0,7.6,2.6,0.32,Activo,0,25.0,1,0.0,11.19971223821746,0,0
2025,2,Ing. Financiera y de Riesgos,4,1,1,1,1,0,18,1,0,0,1,0,1,0,0,ninguno,0,0,0,0.0,0,0,0,0.0,0,96.7,0,0,16.2,0.3,-0.92,Abandono,1,25.0,0,0.0,0.0,0,0
2025,6,Lic. en Ciencia de Datos e Inteligencia de Negocios,5,1,1,1,1,0,19,1,0,1,0,0,0,0,0,beca,6,6,6,13.833333333333334,6,7,6,14.285714285714286,0,84.2,0,0,8.9,1.4,3.51,Activo,0,75.0,0,0.0,13.26313712095315,0,0
2025,3,Ing. Comercial,1,1,3,1,1,0,20,1,0,1,1,0,1,0,1,credito,7,10,6,12.357142857142858,8,9,7,13.0,1,95.8,0,0,13.9,-0.3,0.79,Activo,0,37.5,1,0.0,12.319239797278703,0,0
2024,1,Ing. Comercio Internacional,2,1,3,1,1,0,19,1,0,0,0,1,1,0,0,ninguno,6,7,6,12.166666666666666,6,10,2,10.333333333333334,0,75.1,0,0,16.2,0.3,-0.92,Abandono,1,12.5,0,0.0,10.430873816239663,0,0
2025,6,Lic. en Administración de Empresas,3,15,1,1,14,0,21,1,0,0,1,1,1,0,0,ninguno,6,8,3,12.0,6,6,2,12.5,3,94.1,0,0,12.4,0.5,1.79,Activo,0,75.0,0,1.0,11.464601910588609,1,0
2024,3,Ing. Financiera y de Riesgos,4,12,1,1,1,0,33,1,0,0,1,0,0,0,0,ninguno,10,14,9,12.416666666666666,9,14,7,13.0,1,84.1,1,1,10.8,1.4,1.74,Activo,0,37.5,0,0.0,12.232770440582705,0,1
2023,7,Lic. en Ciencia de Datos e Inteligencia de Negocios,5,1,2,1,1,0,18,1,0,0,1,0,0,0,0,ninguno,5,7,4,12.75,5,6,4,12.75,1,78.4,0,0,7.6,2.6,0.32,Activo,0,87.5,0,1.0,12.273016351784387,0,0
2025,6,Ing. Comercial,1,13,1,1,6,0,21,1,0,0,1,0,0,0,1,ninguno,21,33,18,14.933333333333334,21,33,18,14.933333333333334,3,80.5,0,0,7.6,2.6,0.32,Activo,0,75.0,0,2.0,14.193130923592182,1,0
2025,2,Ing. Comercio Internacional,2,1,1,1,1,0,19,1,0,0,1,0,1,0,0,ninguno,6,6,6,13.0,6,7,6,11.666666666666666,0,84.7,1,1,8.9,1.4,3.51,Activo,0,25.0,1,0.0,11.499813559494758,0,1
2024,1,Lic. en Administración de Empresas,3,12,1,1,12,0,33,4,0,0,0,1,0,0,1,ninguno,7,7,7,12.857142857142858,7,8,6,12.666666666666666,0,78.1,1,1,8.9,1.4,3.51,Activo,0,12.5,1,0.0,11.848364832743608,0,1
2025,1,Ing. Financiera y de Riesgos,4,1,4,1,1,0,18,2,0,0,1,0,1,0,1,ninguno,7,10,7,14.455000000000002,8,8,8,13.91,0,90.0,2,1,15.5,2.8,-4.06,Activo,0,12.5,0,0.0,13.286002305301867,0,1
2023,5,Lic. en Ciencia de Datos e Inteligencia de Negocios,5,1,1,1,1,0,18,1,0,1,1,0,0,0,1,mixto,6,8,6,14.0,6,7,6,13.285714285714286,0,88.5,3,1,11.1,0.6,2.02,Activo,0,62.5,0,0.0,12.667439046942444,0,1
2025,1,Ing. Comercial,1,1,3,1,1,0,20,1,0,1,1,0,1,0,1,credito,6,6,6,13.5,6,7,6,12.666666666666666,0,85.7,0,0,11.1,0.6,2.02,Activo,0,12.5,0,0.0,12.376363906597774,0,0
2023,5,Ing. Comercio Internacional,2,1,2,1,1,0,20,1,0,0,0,0,1,0,0,ninguno,6,0,0,0.0,6,0,0,0.0,6,84.8,1,1,11.1,0.6,2.02,Abandono,1,62.5,1,1.0,0.0,1,1
2023,1,Lic. en Administración de Empresas,3,8,2,0,1,0,20,1,0,1,1,0,0,0,1,beca,6,6,6,11.666666666666666,6,12,5,14.0,0,85.5,0,0,10.8,1.4,1.74,Activo,0,12.5,0,0.0,11.967374042051045,0,0
2024,2,Ing. Financiera y de Riesgos,4,8,1,1,1,0,19,1,0,1,1,0,1,0,0,beca,5,6,4,12.0,5,8,5,13.333333333333334,1,82.0,3,1,10.8,1.4,1.74,Activo,0,25.0,0,0.0,11.74039932964686,0,1
2023,5,Lic. en Ciencia de Datos e Inteligencia de Negocios,5,1,3,1,1,0,19,1,0,1,1,0,1,0,0,credito,6,7,6,11.714285714285714,6,6,6,11.833333333333334,0,85.6,1,1,13.9,-0.3,0.79,Activo,0,62.5,1,0.0,11.465670902909768,0,1
2023,1,Ing. Comercial,1,8,3,1,1,0,21,1,0,0,1,0,1,0,1,ninguno,6,8,6,12.666666666666666,6,7,6,12.428571428571429,0,76.5,0,0,11.1,0.6,2.02,Activo,0,12.5,1,0.0,11.57148695331298,0,0
2025,6,Ing. Comercio Internacional,2,12,1,1,1,0,26,1,0,0,1,0,1,0,0,ninguno,6,11,3,11.75,6,19,4,12.8,3,65.5,0,0,12.4,0.5,1.79,Activo,0,75.0,0,1.0,11.643528886007466,1,0
2024,2,Lic. en Administración de Empresas,3,8,1,1,1,0,21,1,0,0,1,0,0,0,0,ninguno,6,0,0,0.0,6,0,0,0.0,6,83.3,1,1,16.2,0.3,-0.92,Abandono,1,25.0,0,1.0,0.0,1,1
2025,3,Ing. Financiera y de Riesgos,4,1,4,1,1,0,18,1,0,0,1,0,1,0,0,ninguno,8,8,7,12.328571428571427,8,8,7,12.328571428571427,1,87.7,0,0,12.7,3.7,-1.7,Activo,0,37.5,0,0.0,11.939528545034982,0,0
2025,8,Lic. en Ciencia de Datos e Inteligencia de Negocios,5,12,1,1,12,0,27,5,0,0,1,0,0,0,1,ninguno,7,14,6,11.666666666666666,7,10,1,10.0,1,82.5,1,1,12.4,0.5,1.79,Abandono,1,100.0,0,0.0,10.25617456626355,0,1
2023,6,Ing. Comercial,1,14,1,1,1,0,20,1,0,1,1,0,1,0,0,beca,12,12,12,13.25,12,12,11,12.727272727272728,0,82.5,0,0,15.5,2.8,-4.06,Activo,0,75.0,0,0.0,12.49861389952167,0,0
2025,6,Ing. Comercio Internacional,2,14,1,1,14,0,21,1,0,0,1,0,0,0,1,ninguno,6,8,5,11.833333333333334,6,8,4,13.25,1,100.0,1,1,16.2,0.3,-0.92,Activo,0,75.0,2,0.0,12.037505527316013,0,1
2023,3,Lic. en Administración de Empresas,3,8,1,1,1,0,18,1,0,1,1,0,1,0,0,beca,7,7,7,13.3,8,8,8,15.125,0,77.2,0,0,15.5,2.8,-4.06,Activo,0,37.5,0,0.0,13.826221066034384,0,0
2025,3,Ing. Financiera y de Riesgos,4,15,1,1,14,0,20,1,0,0,1,0,1,0,0,ninguno,6,13,6,12.555555555555555,6,11,5,11.8,0,93.3,0,0,16.2,0.3,-0.92,Activo,0,37.5,0,0.0,11.313743094997673,0,0
2024,4,Lic. en Ciencia de Datos e Inteligencia de Negocios,5,1,1,1,1,0,18,1,0,0,1,0,1,0,0,ninguno,6,6,6,12.833333333333334,6,7,6,12.166666666666666,0,90.7,1,1,11.1,0.6,2.02,Activo,0,50.0,0,0.0,12.193530379793245,0,1
2023,3,Ing. Comercial,1,15,1,1,14,0,20,1,0,1,1,0,0,0,0,mixto,6,6,6,12.833333333333334,6,6,6,12.833333333333334,0,68.7,0,0,13.9,-0.3,0.79,Activo,0,37.5,0,0.0,12.314579513443693,0,0
2024,7,Ing. Comercio Internacional,2,1,2,1,1,0,19,1,0,1,1,0,1,0,0,beca,5,10,3,12.666666666666666,5,7,3,13.0,2,62.7,0,0,12.7,3.7,-1.7,Activo,0,87.5,1,1.0,12.411245953081842,1,0
2024,5,Lic. en Administración de Empresas,3,1,5,1,1,0,20,1,0,0,1,0,1,0,1,ninguno,7,8,6,13.271428571428572,8,8,7,14.471428571428572,1,79.2,0,0,13.9,-0.3,0.79,Activo,0,62.5,0,1.0,13.159101313002733,0,0
2024,1,Ing. Financiera y de Riesgos,4,1,1,0,1,0,20,1,0,1,1,0,0,0,0,mixto,5,5,5,12.4,5,6,5,12.833333333333334,0,92.8,1,1,10.8,1.4,1.74,Activo,0,12.5,0,0.0,12.138689984836487,0,1
2024,5,Lic. en Ciencia de Datos e Inteligencia de Negocios,5,15,1,1,14,0,20,1,0,0,1,0,0,0,0,ninguno,5,10,2,14.5,5,7,4,11.25,3,82.2,0,0,12.7,3.7,-1.7,Activo,0,62.5,0,1.0,12.393701081830331,1,0
2025,5,Ing. Comercial,1,1,3,1,1,0,19,1,0,0,1,1,1,0,1,ninguno,6,7,0,0.0,5,5,0,0.0,6,77.6,0,0,13.9,-0.3,0.79,Abandono,1,62.5,0,3.0,0.0,1,0
2024,3,Ing. Comercio Internacional,2,1,1,1,1,0,18,1,0,0,1,0,0,0,0,ninguno,6,7,6,14.285714285714286,6,8,6,13.25,0,71.6,0,0,8.9,1.4,3.51,Activo,0,37.5,0,0.0,13.010974815318495,0,0
2023,8,Lic. en Administración de Empresas,3,1,1,1,1,0,18,1,0,0,1,0,1,0,0,ninguno,5,7,3,12.333333333333334,5,9,5,12.6,2,87.7,0,0,10.8,1.4,1.74,Activo,0,100.0,0,0.0,12.081753373471052,1,0
2025,2,Ing. Financiera y de Riesgos,4,8,1,1,1,0,19,1,0,1,1,0,1,0,0,beca,7,10,6,12.583333333333334,8,8,7,12.671428571428573,1,77.9,0,0,13.9,-0.3,0.79,Activo,0,25.0,0,0.0,12.204522935655106,0,0
2023,1,Lic. en Ciencia de Datos e Inteligencia de Negocios,5,1,6,1,1,0,19,1,0,0,1,0,1,0,0,ninguno,7,8,6,13.731666666666667,8,10,7,13.771428571428572,1,77.1,2,1,12.4,0.5,1.79,Abandono,1,12.5,0,0.0,13.27852529783146,0,1
2023,5,Ing. Comercial,1,12,1,1,12,1,43,1,0,0,1,0,0,0,1,ninguno,6,8,6,12.875,6,14,5,12.142857142857142,0,71.0,0,0,16.2,0.3,-0.92,Activo,0,62.5,1,0.0,11.527304821545998,0,0
2024,5,Ing. Comercio Internacional,2,13,1,1,1,1,47,2,0,0,1,0,0,0,1,ninguno,10,14,8,14.625,7,7,5,13.4,2,81.5,0,0,9.4,-0.8,-3.12,Abandono,1,62.5,0,0.0,13.434493250039955,1,0
2024,2,Lic. en Administración de Empresas,3,13,1,1,1,1,23,1,0,0,0,0,1,0,0,ninguno,3,3,0,0.0,2,2,0,0.0,3,83.5,1,1,7.6,2.6,0.32,Abandono,1,25.0,0,1.0,0.0,1,1
2025,7,Ing. Financiera y de Riesgos,4,1,1,1,1,0,19,1,1,1,1,1,1,0,0,beca,6,8,6,12.666666666666666,6,7,6,12.666666666666666,0,91.1,1,1,8.9,1.4,3.51,Activo,0,87.5,0,0.0,12.197586697765482,0,1
2023,3,Lic. en Ciencia de Datos e Inteligencia de Negocios,5,13,1,1,1,0,20,1,0,0,1,0,1,0,0,ninguno,8,11,6,12.491666666666667,8,11,6,12.491666666666667,2,88.1,1,1,12.7,3.7,-1.7,Activo,0,37.5,0,1.0,11.848344999056426,1,1
2025,2,Ing. Comercial,1,1,1,1,1,0,19,1,0,1,1,0,1,0,0,beca,12,12,12,13.666666666666666,11,12,11,14.166666666666666,0,92.3,2,1,8.9,1.4,3.51,Activo,0,25.0,1,0.0,13.564783244596496,0,1
2023,1,Ing. Comercio Internacional,2,8,1,1,1,0,19,1,1,0,1,0,1,0,0,ninguno,6,13,6,16.0,6,8,6,14.5,0,79.8,1,1,15.5,2.8,-4.06,Activo,0,12.5,0,0.0,14.925680497854371,0,1
2025,2,Lic. en Administración de Empresas,3,15,1,1,14,0,19,1,0,0,1,0,1,0,0,ninguno,6,8,6,14.142857142857142,6,7,6,13.0,0,57.8,2,1,13.9,-0.3,0.79,Activo,0,25.0,0,0.0,12.94331510265355,1,1
2023,1,Ing. Financiera y de Riesgos,4,12,1,0,12,0,39,1,0,1,1,1,0,0,1,credito,6,9,6,11.833333333333334,6,9,4,13.75,0,81.0,0,0,11.1,0.6,2.02,Activo,0,12.5,0,0.0,12.21260516540378,0,0
2025,2,Lic. en Ciencia de Datos e Inteligencia de Negocios,5,1,1,1,1,0,20,1,0,1,1,0,1,0,0,beca,6,6,6,12.666666666666666,6,8,6,13.0,0,81.2,0,0,10.8,1.4,1.74,Activo,0,25.0,2,0.0,12.437517109549052,0,0
2023,3,Ing. Comercial,1,8,1,1,1,0,21,1,0,0,1,0,1,0,0,ninguno,6,6,6,12.5,6,6,6,12.666666666666666,0,96.9,0,0,7.6,2.6,0.32,Activo,0,37.5,1,0.0,11.802012333088818,0,0
2023,3,Ing. Comercio Internacional,2,14,5,1,1,0,22,1,1,0,0,1,1,0,0,ninguno,11,16,9,10.88888888888889,10,20,4,11.25,2,81.2,1,1,9.4,-0.8,-3.12,Activo,0,37.5,1,1.0,10.07441200081496,1,1
2023,4,Lic. en Administración de Empresas,3,1,2,1,1,0,19,1,0,0,1,0,1,0,0,ninguno,6,11,1,13.0,5,10,0,0.0,5,91.5,0,0,7.6,2.6,0.32,Abandono,1,50.0,2,1.0,5.923047225162302,1,0
2023,5,Ing. Financiera y de Riesgos,4,8,1,1,1,0,22,1,0,0,1,0,1,0,0,ninguno,6,6,6,15.166666666666666,6,6,6,16.0,0,88.4,0,0,13.9,-0.3,0.79,Activo,0,62.5,0,0.0,14.846142288191157,0,0
2023,5,Lic. en Ciencia de Datos e Inteligencia de Negocios,5,3,2,1,1,0,19,1,0,1,1,0,1,0,0,credito,6,8,6,12.666666666666666,6,7,6,12.0,0,81.7,0,0,12.7,3.7,-1.7,Activo,0,62.5,2,0.0,11.359250173678191,0,0
2023,2,Ing. Comercial,1,1,1,1,1,1,18,1,0,0,1,1,1,0,1,ninguno,0,0,0,0.0,0,0,0,0.0,0,59.0,0,0,7.6,2.6,0.32,Abandono,1,25.0,0,0.0,0.0,1,0
2023,2,Ing. Comercio Internacional,2,12,1,1,1,1,26,5,0,0,1,0,0,0,1,ninguno,5,9,5,12.0,5,5,5,10.2,0,79.1,0,0,11.1,0.6,2.02,Activo,0,25.0,0,0.0,10.47551344368812,0,0
2023,2,Lic. en Administración de Empresas,3,12,1,0,1,1,36,1,0,0,0,0,0,0,0,ninguno,5,5,0,0.0,5,5,0,0.0,5,57.3,0,0,12.7,3.7,-1.7,Abandono,1,25.0,0,1.0,0.0,1,0
2025,1,Ing. Financiera y de Riesgos,4,9,1,1,1,1,20,1,0,1,1,1,1,0,0,beca,0,0,0,0.0,0,0,0,0.0,0,74.3,1,1,12.4,0.5,1.79,Activo,0,12.5,0,0.0,0.0,0,1
2024,4,Lic. en Ciencia de Datos e Inteligencia de Negocios,5,12,1,1,1,1,30,2,0,0,1,0,0,0,0,ninguno,5,8,2,11.0,5,6,4,11.5,3,68.1,0,0,15.5,2.8,-4.06,Abandono,1,50.0,0,1.0,10.59152730117534,1,0
2023,2,Ing. Comercial,1,14,1,1,1,1,24,1,0,0,1,0,0,0,1,ninguno,6,7,6,15.714285714285714,6,10,6,15.9,0,100.0,0,0,15.5,2.8,-4.06,Abandono,1,25.0,1,0.0,15.311800663116902,0,0
2023,8,Ing. Comercio Internacional,2,1,1,1,1,1,26,1,0,0,1,0,0,0,1,ninguno,15,15,11,10.818181818181818,14,15,11,11.636363636363637,4,82.2,2,1,7.6,2.6,0.32,Abandono,1,100.0,1,2.0,10.814458145745414,1,1
2024,1,Lic. en Administración de Empresas,3,1,1,1,1,1,19,1,0,0,0,0,0,0,0,ninguno,5,16,1,12.0,5,6,0,0.0,4,75.5,3,1,13.9,-0.3,0.79,Abandono,1,12.5,0,2.0,5.401603365621826,1,1
2024,7,Ing. Financiera y de Riesgos,4,12,1,1,1,1,34,5,0,0,1,0,0,0,0,ninguno,6,8,5,12.6,6,11,4,11.25,1,69.5,0,0,12.4,0.5,1.79,Activo,0,87.5,0,0.0,11.53328981189647,0,0
2025,2,Lic. en Ciencia de Datos e Inteligencia de Negocios,5,14,1,1,1,1,33,1,0,0,1,0,1,0,1,ninguno,5,12,1,13.0,5,7,3,14.0,4,79.3,2,1,9.4,-0.8,-3.12,Activo,0,25.0,0,2.0,12.71071042427786,1,1
2025,7,Ing. Comercial,1,8,6,1,1,1,19,1,0,0,1,0,1,0,0,ninguno,5,8,5,11.6,5,10,4,10.75,0,88.0,0,0,9.4,-0.8,-3.12,Activo,0,87.5,0,0.0,10.555631969162667,0,0
2025,4,Ing. Comercio Internacional,2,8,5,1,1,1,26,1,0,0,0,1,1,0,0,ninguno,5,11,1,10.0,5,14,1,11.0,4,75.1,0,0,8.9,1.4,3.51,Abandono,1,50.0,0,2.0,9.828198757204735,1,0
2024,3,Lic. en Administración de Empresas,3,12,1,1,1,1,29,1,0,0,1,0,0,0,0,ninguno,6,7,1,14.0,6,6,0,0.0,5,61.8,1,1,16.2,0.3,-0.92,Abandono,1,37.5,0,3.0,6.59753684293229,1,1
2025,7,Ing. Financiera y de Riesgos,4,8,5,1,1,1,19,1,0,1,1,0,1,0,0,beca,5,9,5,12.6,5,8,2,12.5,0,75.8,0,0,8.9,1.4,3.51,Abandono,1,87.5,0,0.0,12.152159837234555,0,0
2024,1,Lic. en Ciencia de Datos e Inteligencia de Negocios,5,8,1,1,1,1,18,1,0,0,1,0,1,0,0,ninguno,0,0,0,0.0,0,0,0,0.0,0,81.0,0,0,12.7,3.7,-1.7,Abandono,1,12.5,0,0.0,0.0,0,0
2024,1,Ing. Comercial,1,12,1,0,12,1,29,1,0,0,0,0,0,0,1,ninguno,5,11,2,11.333333333333334,5,9,1,12.0,3,82.1,0,0,11.1,0.6,2.02,Abandono,1,12.5,0,1.0,10.677159843186056,1,0
2025,4,Ing. Comercio Internacional,2,14,1,1,1,1,21,1,0,0,1,0,0,0,0,ninguno,6,6,6,12.666666666666666,6,7,5,11.4,0,93.0,0,0,9.4,-0.8,-3.12,Activo,0,50.0,2,0.0,11.665957925066925,0,0
2025,1,Lic. en Administración de Empresas,3,8,1,1,1,1,19,1,0,0,1,0,0,0,1,ninguno,6,7,5,10.8,6,10,2,10.5,1,85.6,0,0,10.8,1.4,1.74,Activo,0,12.5,0,1.0,10.149988000003953,0,0
2025,3,Ing. Financiera y de Riesgos,4,1,1,1,1,1,20,1,0,0,1,0,0,0,0,ninguno,7,14,5,12.87857142857143,8,15,7,11.85625,2,66.2,0,0,15.5,2.8,-4.06,Activo,0,37.5,0,1.0,11.458789332709193,1,0
2023,5,Lic. en Ciencia de Datos e Inteligencia de Negocios,5,1,1,1,1,1,18,1,0,0,1,0,0,0,0,ninguno,5,5,0,0.0,5,5,0,0.0,5,72.2,0,0,7.6,2.6,0.32,Abandono,1,62.5,1,2.0,0.0,1,0
2025,3,Ing. Comercial,1,8,3,1,1,1,18,1,0,0,1,0,1,0,1,ninguno,6,6,6,12.833333333333334,6,8,5,11.4,0,73.4,1,1,15.5,2.8,-4.06,Activo,0,37.5,0,0.0,11.203546661709801,0,1
2024,2,Ing. Comercio Internacional,2,1,1,1,1,1,21,1,0,1,1,1,0,0,0,mixto,5,5,5,12.6,5,9,3,12.833333333333334,0,58.1,0,0,10.8,1.4,1.74,Activo,0,25.0,0,0.0,12.04966647830434,1,0
2024,3,Lic. en Administración de Empresas,3,1,1,1,1,1,20,1,0,0,1,0,1,0,0,ninguno,5,0,0,0.0,5,0,0,0.0,5,71.9,1,1,8.9,1.4,3.51,Abandono,1,37.5,0,2.0,0.0,1,1
2023,7,Ing. Financiera y de Riesgos,4,12,1,1,1,1,30,1,0,1,1,0,0,0,0,beca,5,11,0,0.0,5,5,0,0.0,5,81.2,1,1,12.7,3.7,-1.7,Abandono,1,87.5,0,2.0,0.0,1,1
2024,3,Lic. en Ciencia de Datos e Inteligencia de Negocios,5,9,2,1,1,1,19,1,0,0,1,0,1,0,0,ninguno,6,6,6,14.166666666666666,6,6,6,14.0,0,87.9,1,1,13.9,-0.3,0.79,Activo,0,37.5,1,0.0,13.575351322643844,0,1
2025,5,Ing. Comercial,1,16,1,1,1,1,30,1,0,0,1,0,1,0,0,ninguno,5,7,5,13.4,5,7,4,13.25,0,89.0,0,0,8.9,1.4,3.51,Abandono,1,62.5,0,0.0,12.810938192285365,0,0
2024,6,Ing. Comercio Internacional,2,1,1,1,1,1,22,1,0,1,1,0,1,0,0,credito,5,8,5,11.2,5,13,4,11.25,0,84.0,0,0,12.7,3.7,-1.7,Activo,0,75.0,0,0.0,10.305637843327862,0,0
2023,4,Lic. en Administración de Empresas,3,8,3,1,1,1,22,1,0,0,1,0,1,0,0,ninguno,0,0,0,0.0,0,0,0,0.0,0,82.5,0,0,12.4,0.5,1.79,Activo,0,50.0,0,0.0,0.0,0,0
2023,1,Ing. Financiera y de Riesgos,4,8,4,1,1,1,19,1,0,0,0,1,1,0,0,ninguno,6,6,6,12.666666666666666,6,8,5,11.8,0,72.2,2,1,11.1,0.6,2.02,Abandono,1,12.5,1,0.0,11.464527227851528,0,1
2025,8,Lic. en Ciencia de Datos e Inteligencia de Negocios,5,8,2,1,1,1,21,1,0,0,1,0,1,0,1,ninguno,5,7,3,12.333333333333334,5,5,4,11.25,2,78.6,2,1,7.6,2.6,0.32,Abandono,1,100.0,1,1.0,10.932542262400267,1,1
2025,2,Ing. Comercial,1,8,4,1,1,1,21,1,0,0,1,0,0,0,0,ninguno,5,7,4,12.25,5,7,5,12.0,1,79.0,0,0,7.6,2.6,0.32,Activo,0,25.0,0,0.0,11.6450197358971,0,0
2023,1,Ing. Comercio Internacional,2,15,1,1,14,1,21,1,0,1,1,1,1,0,0,beca,0,0,0,0.0,0,0,0,0.0,0,84.4,0,0,15.5,2.8,-4.06,Abandono,1,12.5,1,0.0,0.0,0,0
2023,5,Lic. en Administración de Empresas,3,12,1,1,1,1,27,1,0,0,1,0,0,0,1,ninguno,5,13,3,10.75,5,9,3,10.333333333333334,2,79.9,0,0,15.5,2.8,-4.06,Abandono,1,62.5,1,0.0,9.919620299396103,1,0
2024,5,Ing. Financiera y de Riesgos,4,14,1,1,1,1,32,1,0,0,1,0,1,0,0,ninguno,7,7,0,0.0,7,8,0,0.0,7,77.8,2,1,13.9,-0.3,0.79,Abandono,1,62.5,1,4.0,0.0,1,1
2024,1,Lic. en Ciencia de Datos e Inteligencia de Negocios,5,12,1,1,9,1,40,1,0,0,0,1,0,0,0,ninguno,6,13,0,0.0,6,6,0,0.0,6,73.8,0,0,15.5,2.8,-4.06,Abandono,1,12.5,0,3.0,0.0,1,0
2025,4,Ing. Comercial,1,1,2,1,1,1,20,1,0,0,1,0,1,0,0,ninguno,5,9,2,14.333333333333334,5,10,2,12.5,3,82.1,0,0,7.6,2.6,0.32,Activo,0,50.0,1,1.0,12.66644163485774,1,0
2025,7,Ing. Comercio Internacional,2,15,1,1,14,1,20,1,0,0,1,0,1,0,0,ninguno,5,8,2,11.5,5,13,2,11.5,3,68.7,0,0,12.7,3.7,-1.7,Abandono,1,87.5,2,1.0,10.58245131172788,1,0
2023,2,Lic. en Administración de Empresas,3,1,3,1,1,1,18,1,0,0,1,0,1,0,0,ninguno,0,0,0,0.0,0,0,0,0.0,0,79.4,1,1,7.6,2.6,0.32,Activo,0,25.0,0,0.0,0.0,0,1
2024,4,Ing. Financiera y de Riesgos,4,14,1,1,1,1,21,1,0,0,1,0,0,0,0,ninguno,5,11,2,10.5,5,13,0,0.0,3,81.6,0,0,12.7,3.7,-1.7,Abandono,1,50.0,0,1.0,4.903364538842777,1,0
2024,2,Lic. en Ciencia de Datos e Inteligencia de Negocios,5,8,1,1,1,1,18,1,0,0,1,0,0,0,0,ninguno,6,6,6,13.5,6,0,0,0.0,0,69.7,0,0,12.7,3.7,-1.7,Abandono,1,25.0,0,0.0,6.088764424360745,0,0
2023,6,Ing. Comercial,1,15,1,1,1,1,19,1,0,0,1,0,0,0,0,ninguno,6,17,1,11.0,6,19,0,0.0,5,79.4,0,0,16.2,0.3,-0.92,Activo,0,75.0,0,1.0,4.957819258535082,1,0
2025,4,Ing. Comercio Internacional,2,4,1,1,3,1,30,5,0,0,0,0,0,0,1,ninguno,6,6,1,10.0,6,6,0,0.0,5,76.3,3,1,15.5,2.8,-4.06,Abandono,1,50.0,0,3.0,4.229442233616978,1,1
2025,7,Lic. en Administración de Empresas,3,12,1,1,9,1,29,1,0,0,1,0,0,0,1,ninguno,6,17,0,0.0,6,8,0,0.0,6,85.3,1,1,15.5,2.8,-4.06,Abandono,1,87.5,0,2.0,0.0,1,1
2025,4,Ing. Financiera y de Riesgos,4,8,2,1,1,1,18,1,0,0,1,1,1,0,1,ninguno,5,10,1,12.0,5,7,3,10.666666666666666,4,81.8,0,0,7.6,2.6,0.32,Abandono,1,50.0,0,1.0,10.69340751073554,1,0
2024,6,Lic. en Ciencia de Datos e Inteligencia de Negocios,5,1,2,1,1,1,18,1,0,1,1,0,1,0,0,beca,5,6,4,12.25,5,5,5,12.2,1,78.1,0,0,9.4,-0.8,-3.12,Abandono,1,75.0,0,1.0,11.598666838891127,0,0
2023,2,Ing. Comercial,1,15,1,1,14,1,22,1,0,0,1,0,0,0,0,ninguno,10,21,5,11.4,7,13,6,11.666666666666666,5,82.4,0,0,15.5,2.8,-4.06,Abandono,1,25.0,0,2.0,10.77512397319931,1,0
2024,2,Ing. Comercio Internacional,2,14,2,0,1,1,27,1,0,0,0,0,1,0,0,ninguno,5,5,0,0.0,5,5,0,0.0,5,79.3,3,1,12.7,3.7,-1.7,Abandono,1,25.0,0,2.0,0.0,1,1
2023,8,Lic. en Administración de Empresas,3,8,6,1,1,1,20,1,0,0,1,0,1,0,0,ninguno,6,8,4,14.25,6,10,5,14.0,2,83.3,0,0,10.8,1.4,1.74,Activo,0,100.0,0,1.0,13.647545667752489,1,0
2024,2,Ing. Financiera y de Riesgos,4,16,1,0,2,1,42,1,0,0,1,0,0,0,1,ninguno,12,12,11,14.454545454545457,11,11,10,14.2,1,75.9,0,0,11.1,0.6,2.02,Activo,0,25.0,1,0.0,13.38398719942245,0,0
2024,1,Lic. en Ciencia de Datos e Inteligencia de Negocios,5,1,1,1,1,1,21,1,0,0,1,1,0,0,1,ninguno,12,13,12,14.538461538461538,12,14,12,14.461538461538462,0,98.6,0,0,15.5,2.8,-4.06,Activo,0,12.5,0,0.0,13.731040170645363,0,0
2023,8,Ing. Comercial,1,14,1,1,1,1,23,1,0,0,1,0,0,1,1,ninguno,7,10,6,12.733333333333334,8,10,7,11.95,1,81.5,0,0,16.2,0.3,-0.92,Activo,0,100.0,0,0.0,12.032255835878276,0,0
2024,2,Ing. Comercio Internacional,2,16,1,1,1,1,21,1,0,0,1,0,1,0,0,ninguno,12,13,5,13.2,12,12,4,13.5,7,59.5,0,0,8.9,1.4,3.51,Abandono,1,25.0,0,4.0,12.906762169208687,1,0
2025,2,Lic. en Administración de Empresas,3,1,3,1,1,1,19,1,0,0,1,0,1,0,0,ninguno,0,0,0,0.0,0,0,0,0.0,0,62.8,1,1,12.7,3.7,-1.7,Activo,0,25.0,0,0.0,0.0,1,1
2025,2,Ing. Financiera y de Riesgos,4,12,1,1,1,1,40,2,0,1,1,0,0,0,0,credito,6,7,6,12.333333333333334,6,10,4,12.75,0,86.8,0,0,8.9,1.4,3.51,Abandono,1,25.0,0,0.0,11.706587224872866,0,0
2023,1,Lic. en Ciencia de Datos e Inteligencia de Negocios,5,14,1,1,1,1,22,1,0,0,1,0,0,0,0,ninguno,9,9,5,11.2,9,14,7,11.25,4,57.6,0,0,12.7,3.7,-1.7,Abandono,1,12.5,0,2.0,10.33709829912817,1,0
2024,3,Ing. Comercial,1,1,2,1,1,1,19,1,0,0,1,0,1,0,1,ninguno,7,7,6,13.2,7,7,6,13.2,1,81.8,1,1,7.6,2.6,0.32,Activo,0,37.5,0,0.0,12.695476237632567,0,1
2025,4,Ing. Comercio Internacional,2,12,1,1,1,1,24,1,0,1,1,0,0,0,0,beca,5,8,5,11.833333333333334,5,8,4,14.0,0,77.6,0,0,12.7,3.7,-1.7,Activo,0,50.0,0,0.0,11.964946649272374,0,0
2023,1,Lic. en Administración de Empresas,3,1,1,1,1,1,21,1,0,0,1,0,0,0,0,ninguno,6,10,5,11.333333333333334,6,14,2,11.5,1,71.8,0,0,12.7,3.7,-1.7,Activo,0,12.5,2,0.0,10.729603841162143,0,0
2023,6,Ing. Financiera y de Riesgos,4,8,4,1,1,1,18,1,0,0,1,0,1,0,0,ninguno,5,5,5,13.6,5,6,5,14.6,0,75.5,2,1,8.9,1.4,3.51,Activo,0,75.0,0,0.0,13.312422684328475,0,1
2024,6,Lic. en Ciencia de Datos e Inteligencia de Negocios,5,8,3,1,1,1,18,1,0,0,1,0,0,0,0,ninguno,5,10,0,0.0,5,10,2,11.5,5,70.5,1,1,7.6,2.6,0.32,Abandono,1,75.0,0,3.0,5.032282796054065,1,1
2025,6,Ing. Comercial,1,16,1,1,1,1,24,1,0,0,1,0,0,0,0,ninguno,6,11,5,12.857142857142858,6,12,5,13.666666666666666,1,90.4,1,1,11.1,0.6,2.02,Abandono,1,75.0,0,0.0,12.87598672363253,0,1
2024,1,Ing. Comercio Internacional,2,12,1,1,1,1,28,1,0,1,1,0,0,0,0,beca,5,16,3,14.333333333333334,5,9,5,12.428571428571429,2,55.7,1,1,9.4,-0.8,-3.12,Activo,0,12.5,1,1.0,12.406772119382966,1,1
2023,8,Lic. en Administración de Empresas,3,8,1,1,1,0,19,1,0,1,1,0,1,0,1,beca,6,9,5,13.5,6,6,6,14.0,1,60.7,1,1,12.4,0.5,1.79,Activo,0,100.0,1,1.0,13.363987094074092,1,1
2025,4,Ing. Financiera y de Riesgos,4,16,1,1,15,0,28,1,0,0,1,0,0,0,1,ninguno,6,8,6,14.428571428571429,6,12,4,15.6,0,69.1,1,1,11.1,0.6,2.02,Activo,0,50.0,1,0.0,14.535868344797885,0,1
2023,4,Lic. en Ciencia de Datos e Inteligencia de Negocios,5,8,3,1,1,0,18,1,0,0,1,0,1,0,0,ninguno,6,12,0,0.0,6,12,0,0.0,6,93.7,3,1,7.6,2.6,0.32,Abandono,1,50.0,1,3.0,0.0,1,1
2025,2,Ing. Comercial,1,1,1,1,1,0,19,1,0,0,0,0,1,0,1,ninguno,0,0,0,0.0,0,0,0,0.0,0,92.6,1,1,16.2,0.3,-0.92,Activo,0,25.0,0,0.0,0.0,0,1
2024,5,Ing. Comercio Internacional,2,1,1,1,1,0,19,1,0,1,1,0,1,0,1,beca,8,8,8,12.82875,8,8,8,12.82875,0,68.3,0,0,9.4,-0.8,-3.12,Activo,0,62.5,0,0.0,11.94204558423655,0,0
2024,7,Lic. en Administración de Empresas,3,14,1,1,1,0,21,1,0,0,1,0,1,0,0,ninguno,5,6,0,0.0,5,6,4,13.75,5,71.9,0,0,10.8,1.4,1.74,Activo,0,87.5,0,1.0,6.213984668138169,1,0
2024,2,Ing. Financiera y de Riesgos,4,1,3,1,1,0,18,1,0,0,1,1,1,0,0,ninguno,7,0,0,0.0,8,0,0,0.0,7,89.6,2,1,13.9,-0.3,0.79,Abandono,1,25.0,3,2.0,0.0,1,1
2024,1,Lic. en Ciencia de Datos e Inteligencia de Negocios,5,1,4,1,1,0,19,1,0,0,1,0,1,0,0,ninguno,6,6,6,14.666666666666666,6,6,6,13.166666666666666,0,65.3,0,0,9.4,-0.8,-3.12,Activo,0,12.5,1,0.0,12.971374816983216,0,0
2023,5,Ing. Comercial,1,8,2,1,1,0,19,1,0,0,1,0,1,0,0,ninguno,8,8,7,13.937142857142858,8,8,7,13.937142857142858,1,68.4,1,1,10.8,1.4,1.74,Activo,0,62.5,0,1.0,13.611766234882502,0,1
2024,5,Ing. Comercio Internacional,2,1,1,1,1,0,20,1,0,0,1,0,1,0,0,ninguno,12,12,10,14.7,12,12,12,14.583333333333334,2,74.5,2,1,15.5,2.8,-4.06,Activo,0,62.5,0,1.0,13.742375512419533,1,1
2024,2,Lic. en Administración de Empresas,3,1,2,1,1,0,18,1,0,0,1,0,1,0,0,ninguno,6,6,6,11.666666666666666,6,6,5,12.2,0,74.6,1,1,12.7,3.7,-1.7,Activo,0,25.0,0,0.0,11.471760883701887,0,1
2023,8,Ing. Financiera y de Riesgos,4,14,4,1,6,0,20,1,0,0,1,0,1,0,0,ninguno,7,7,6,14.85,7,7,6,14.85,1,81.6,0,0,7.6,2.6,0.32,Activo,0,100.0,0,0.0,13.955884570572222,0,0
2025,4,Lic. en Ciencia de Datos e Inteligencia de Negocios,5,12,1,1,12,0,26,1,0,0,1,0,0,0,0,ninguno,5,11,1,12.0,5,12,0,0.0,4,77.1,0,0,10.8,1.4,1.74,Abandono,1,50.0,0,1.0,5.60256237060818,1,0
2024,3,Ing. Comercial,1,9,4,1,1,0,18,1,0,0,1,0,1,0,1,ninguno,7,8,7,13.6875,8,9,8,15.622222222222222,0,82.1,1,1,13.9,-0.3,0.79,Abandono,1,37.5,0,0.0,13.948707836527731,0,1
2024,1,Ing. Comercio Internacional,2,12,1,0,1,0,58,1,0,0,1,0,0,0,1,ninguno,6,14,5,12.4,6,10,5,11.6,1,74.4,0,0,9.4,-0.8,-3.12,Activo,0,12.5,1,0.0,11.07832445669197,0,0
2025,1,Lic. en Administración de Empresas,3,1,2,1,1,0,18,1,0,0,1,0,0,0,0,ninguno,7,10,7,13.398,8,8,8,13.5425,0,92.2,0,0,15.5,2.8,-4.06,Activo,0,12.5,0,0.0,12.838772247170777,0,0
2023,2,Ing. Financiera y de Riesgos,4,15,1,1,1,0,20,1,0,0,1,0,1,0,0,ninguno,6,13,5,11.8,6,19,4,12.0,1,79.2,2,1,12.4,0.5,1.79,Activo,0,25.0,0,0.0,11.077403328337626,0,1
2024,2,Lic. en Ciencia de Datos e Inteligencia de Negocios,5,8,1,0,1,0,20,1,0,0,1,0,0,0,1,ninguno,5,0,0,0.0,5,0,0,0.0,5,76.4,0,0,11.1,0.6,2.02,Abandono,1,25.0,0,2.0,0.0,1,0
2024,3,Ing. Comercial,1,2,1,1,1,0,29,1,0,0,1,0,1,0,0,ninguno,15,19,13,11.76923076923077,14,17,14,11.928571428571429,2,90.8,0,0,9.4,-0.8,-3.12,Activo,0,37.5,0,1.0,11.033355152799354,1,0
2024,2,Ing. Comercio Internacional,2,4,1,1,3,0,27,1,0,0,0,1,0,0,0,ninguno,6,8,0,0.0,5,6,0,0.0,6,89.5,1,1,16.2,0.3,-0.92,Abandono,1,25.0,0,3.0,0.0,1,1
2025,1,Lic. en Administración de Empresas,3,1,1,1,1,0,21,1,0,1,1,0,1,0,0,mixto,6,8,6,13.285714285714286,6,11,6,13.0,0,73.4,0,0,11.1,0.6,2.02,Activo,0,12.5,0,0.0,12.530073181493192,0,0
2025,5,Ing. Financiera y de Riesgos,4,1,1,1,1,0,20,1,0,1,1,0,0,0,0,credito,6,6,6,11.666666666666666,6,8,6,11.166666666666666,0,90.4,0,0,15.5,2.8,-4.06,Activo,0,62.5,0,0.0,10.995478859251056,0,0
2025,3,Lic. en Ciencia de Datos e Inteligencia de Negocios,5,8,1,1,1,0,19,1,0,1,1,0,0,0,0,beca,6,13,6,11.5,6,9,5,12.2,0,74.1,2,1,11.1,0.6,2.02,Activo,0,37.5,0,0.0,11.516532255408263,0,1
2024,2,Ing. Comercial,1,1,1,1,1,0,22,1,0,1,1,0,1,0,0,beca,7,9,6,13.081666666666669,8,12,6,13.15,1,68.3,0,0,11.1,0.6,2.02,Activo,0,25.0,1,1.0,12.64331142458708,0,0
2023,2,Ing. Comercio Internacional,2,9,3,1,1,0,19,1,0,1,1,0,1,0,0,beca,6,6,6,12.666666666666666,6,6,6,13.0,0,62.1,0,0,15.5,2.8,-4.06,Activo,0,25.0,0,0.0,12.433095080617163,1,0
2025,1,Lic. en Administración de Empresas,3,8,1,1,1,0,19,1,0,0,0,1,1,0,0,ninguno,6,6,3,11.333333333333334,6,6,0,0.0,3,80.4,0,0,12.4,0.5,1.79,Abandono,1,12.5,1,1.0,4.9761025476625305,1,0
2024,3,Ing. Financiera y de Riesgos,4,1,3,1,1,0,23,1,0,0,1,0,1,0,0,ninguno,6,8,5,13.6,6,8,5,11.6,1,77.7,3,1,7.6,2.6,0.32,Activo,0,37.5,0,0.0,12.170538263951787,0,1
2024,3,Lic. en Ciencia de Datos e Inteligencia de Negocios,5,1,3,1,1,0,18,1,0,1,1,0,1,0,0,beca,6,6,6,13.166666666666666,6,7,5,13.2,0,74.2,0,0,12.4,0.5,1.79,Abandono,1,37.5,1,0.0,12.856079738230774,0,0
2023,1,Ing. Comercial,1,15,1,1,14,0,19,1,0,0,1,0,0,0,0,ninguno,6,0,0,0.0,6,0,0,0.0,6,83.5,2,1,12.7,3.7,-1.7,Abandono,1,12.5,0,3.0,0.0,1,1
2024,3,Ing. Comercio Internacional,2,15,1,1,14,0,20,1,0,0,1,0,1,0,0,ninguno,6,10,5,11.666666666666666,6,7,5,12.6,1,77.0,0,0,12.4,0.5,1.79,Activo,0,37.5,0,0.0,11.25123468447793,0,0
2024,8,Lic. en Administración de Empresas,3,1,4,1,1,0,19,1,0,1,1,0,1,0,0,beca,6,6,6,13.5,6,7,6,13.428571428571429,0,62.7,0,0,11.1,0.6,2.02,Activo,0,100.0,0,0.0,12.750270762275598,1,0
2025,2,Ing. Financiera y de Riesgos,4,12,1,1,12,0,26,1,0,1,0,1,1,0,0,beca,6,7,0,0.0,6,6,0,0.0,6,88.8,0,0,13.9,-0.3,0.79,Abandono,1,25.0,0,1.0,0.0,1,0
2023,7,Lic. en Ciencia de Datos e Inteligencia de Negocios,5,1,1,1,1,0,18,1,0,1,1,0,1,0,0,beca,6,6,6,13.166666666666666,6,7,6,14.142857142857142,0,68.8,0,0,11.1,0.6,2.02,Activo,0,87.5,0,0.0,12.728802274843732,0,0
2025,4,Ing. Comercial,1,1,1,1,1,0,29,1,0,0,1,1,1,0,0,ninguno,5,11,4,12.5,5,11,2,12.5,1,72.6,0,0,12.7,3.7,-1.7,Abandono,1,50.0,0,0.0,12.1508623720146,0,0
2023,1,Ing. Comercio Internacional,2,15,1,1,14,0,20,1,0,0,0,0,1,0,0,ninguno,6,10,6,13.375,6,10,6,13.0,0,70.8,1,1,16.2,0.3,-0.92,Activo,0,12.5,0,0.0,12.201274549090522,0,1
2024,4,Lic. en Administración de Empresas,3,1,1,1,1,0,19,1,0,0,1,0,1,0,0,ninguno,6,6,6,13.166666666666666,6,6,6,12.666666666666666,0,79.1,0,0,15.5,2.8,-4.06,Activo,0,50.0,0,0.0,12.185262413488543,0,0
2025,8,Ing. Financiera y de Riesgos,4,15,1,1,14,0,23,1,0,0,1,0,1,0,0,ninguno,6,12,4,13.4,6,17,2,13.5,2,95.7,0,0,12.4,0.5,1.79,Activo,0,100.0,0,1.0,13.021575022221805,1,0
2025,7,Lic. en Ciencia de Datos e Inteligencia de Negocios,5,14,1,1,1,0,25,1,0,0,1,0,0,0,0,ninguno,7,10,3,13.0,8,10,3,11.666666666666666,4,68.1,0,0,10.8,1.4,1.74,Activo,0,87.5,0,1.0,11.557984964049455,1,0
2025,3,Ing. Comercial,1,9,1,1,1,0,18,1,0,0,1,0,1,0,0,ninguno,8,8,7,13.154285714285717,8,8,7,13.154285714285717,1,100.0,0,0,10.8,1.4,1.74,Activo,0,37.5,0,0.0,12.319918832437223,0,0
2023,5,Ing. Comercio Internacional,2,1,3,1,1,0,19,1,0,1,1,0,1,0,0,beca,6,6,6,12.833333333333334,6,6,6,12.833333333333334,0,79.7,0,0,9.4,-0.8,-3.12,Activo,0,62.5,0,0.0,12.232793384973792,0,0
2025,5,Lic. en Administración de Empresas,3,8,2,1,1,0,18,1,0,0,1,0,1,0,0,ninguno,7,10,7,12.142857142857142,7,7,7,13.142857142857142,0,77.4,2,1,12.4,0.5,1.79,Activo,0,62.5,1,0.0,11.739714318485259,0,1
2023,1,Ing. Financiera y de Riesgos,4,1,2,1,1,0,19,1,0,1,1,0,1,0,0,beca,7,9,5,13.34,7,9,6,12.385714285714286,2,75.7,1,1,12.4,0.5,1.79,Activo,0,12.5,0,1.0,12.457344457749613,1,1
2024,2,Lic. en Ciencia de Datos e Inteligencia de Negocios,5,4,1,0,15,0,36,1,0,0,1,0,0,0,1,ninguno,10,15,4,13.0,9,10,4,13.75,6,91.6,2,1,8.9,1.4,3.51,Abandono,1,25.0,0,3.0,12.879813691495674,1,1
2023,2,Ing. Comercial,1,15,1,1,14,1,20,1,0,1,1,0,0,0,0,beca,6,18,3,12.0,6,17,3,11.666666666666666,3,77.0,0,0,15.5,2.8,-4.06,Activo,0,25.0,0,1.0,11.46788868022454,1,0
2024,2,Ing. Comercio Internacional,2,8,2,1,1,1,20,1,1,0,1,0,1,0,0,ninguno,0,0,0,0.0,0,0,0,0.0,0,68.7,1,1,11.1,0.6,2.02,Abandono,1,25.0,1,0.0,0.0,0,1
2025,2,Lic. en Administración de Empresas,3,1,1,1,1,1,18,1,0,0,1,0,1,0,0,ninguno,6,9,5,11.0,6,12,0,0.0,1,84.8,0,0,11.1,0.6,2.02,Abandono,1,25.0,1,0.0,5.032889831662199,0,0
2024,3,Ing. Financiera y de Riesgos,4,15,1,1,14,1,19,1,0,0,1,0,0,0,0,ninguno,6,8,5,11.5,6,11,6,11.333333333333334,1,89.4,0,0,12.4,0.5,1.79,Activo,0,37.5,1,0.0,10.474323433021471,0,0
2023,6,Lic. en Ciencia de Datos e Inteligencia de Negocios,5,8,1,1,1,1,20,1,0,0,0,1,1,0,1,ninguno,9,9,3,13.333333333333334,6,6,2,12.5,6,72.5,2,1,8.9,1.4,3.51,Abandono,1,75.0,1,3.0,12.561989884540859,1,1
2023,1,Ing. Comercial,1,1,2,1,1,1,18,1,0,0,1,0,1,0,0,ninguno,7,9,7,14.594444444444443,8,10,8,13.472,0,82.2,2,1,15.5,2.8,-4.06,Activo,0,12.5,0,0.0,13.434031638090826,0,1
2023,2,Ing. Comercio Internacional,2,15,1,1,14,1,20,1,0,0,1,1,1,0,1,ninguno,6,9,4,11.0,6,13,3,10.666666666666666,2,68.7,1,1,12.4,0.5,1.79,Abandono,1,25.0,0,0.0,10.160654252274494,1,1
2024,1,Lic. en Administración de Empresas,3,9,1,1,1,1,24,1,0,0,0,1,1,0,0,ninguno,5,8,0,0.0,5,5,0,0.0,5,74.4,3,1,9.4,-0.8,-3.12,Abandono,1,12.5,0,2.0,0.0,1,1
2023,1,Ing. Financiera y de Riesgos,4,8,1,1,1,1,19,1,0,0,1,0,1,0,0,ninguno,6,6,0,0.0,6,0,0,0.0,6,100.0,0,0,8.9,1.4,3.51,Abandono,1,12.5,1,3.0,0.0,1,0
2024,4,Lic. en Ciencia de Datos e Inteligencia de Negocios,5,8,1,1,1,1,18,1,0,0,1,0,1,0,0,ninguno,5,9,1,12.0,5,10,2,12.0,4,83.6,2,1,7.6,2.6,0.32,Abandono,1,50.0,0,1.0,11.172628319556114,1,1
2025,8,Ing. Comercial,1,1,3,1,1,1,18,1,0,0,1,0,1,0,1,ninguno,5,8,5,14.0,5,6,5,13.2,0,82.7,0,0,8.9,1.4,3.51,Activo,0,100.0,1,0.0,12.620446306601679,0,0
2024,3,Ing. Comercio Internacional,2,1,1,1,1,1,18,1,0,0,1,0,0,0,1,ninguno,6,8,6,13.571428571428571,6,7,5,11.8,0,60.8,0,0,8.9,1.4,3.51,Activo,0,37.5,1,0.0,11.834743492939175,1,0
2025,3,Lic. en Administración de Empresas,3,14,2,1,1,1,22,1,0,0,1,0,1,0,1,ninguno,6,12,0,0.0,6,6,0,0.0,6,90.8,0,0,16.2,0.3,-0.92,Abandono,1,37.5,0,1.0,0.0,1,0
2024,3,Ing. Financiera y de Riesgos,4,1,1,1,1,1,19,1,0,0,1,0,0,0,0,ninguno,6,8,6,14.25,6,7,6,13.857142857142858,0,83.8,0,0,11.1,0.6,2.02,Activo,0,37.5,1,0.0,13.25848192041031,0,0
2023,2,Lic. en Ciencia de Datos e Inteligencia de Negocios,5,12,1,1,9,0,32,2,0,0,0,1,1,0,0,ninguno,6,7,0,0.0,6,6,0,0.0,6,77.0,1,1,13.9,-0.3,0.79,Abandono,1,25.0,0,2.0,0.0,1,1
2023,5,Ing. Comercial,1,8,1,1,1,0,21,1,0,1,1,0,1,0,0,mixto,6,12,0,0.0,6,12,0,0.0,6,59.8,0,0,7.6,2.6,0.32,Abandono,1,62.5,0,3.0,0.0,1,0
2023,5,Ing. Comercio Internacional,2,9,1,1,1,0,19,1,0,1,1,0,1,0,1,mixto,8,8,7,13.542857142857144,8,8,7,13.542857142857144,1,62.4,0,0,12.7,3.7,-1.7,Activo,0,62.5,0,0.0,12.790239044195415,1,0
2025,6,Lic. en Administración de Empresas,3,14,1,0,1,0,39,4,0,1,1,0,0,0,1,mixto,9,9,9,13.11111111111111,7,10,7,11.714285714285714,0,89.2,0,0,12.7,3.7,-1.7,Activo,0,75.0,1,0.0,11.867195456080436,0,0
2023,1,Ing. Financiera y de Riesgos,4,14,1,0,8,0,30,1,0,0,1,0,1,0,1,ninguno,9,11,9,12.666666666666666,7,7,7,12.142857142857142,0,69.1,1,1,7.6,2.6,0.32,Activo,0,12.5,0,0.0,11.91339316208226,0,1
2023,7,Lic. en Ciencia de Datos e Inteligencia de Negocios,5,1,1,1,1,0,18,1,0,0,1,0,1,0,1,ninguno,5,10,4,10.75,5,13,2,10.0,1,84.5,0,0,9.4,-0.8,-3.12,Abandono,1,87.5,0,1.0,9.670820513006836,0,0
2024,2,Ing. Comercial,1,14,1,0,1,0,38,2,0,0,1,0,1,0,1,ninguno,10,14,4,10.75,10,10,2,10.0,6,76.7,1,1,7.6,2.6,0.32,Abandono,1,25.0,1,1.0,9.421548686308295,1,1
2024,6,Ing. Comercio Internacional,2,1,3,1,1,0,20,1,0,0,1,0,1,0,1,ninguno,6,6,6,13.666666666666666,6,6,6,13.333333333333334,0,87.0,1,1,9.4,-0.8,-3.12,Activo,0,75.0,0,0.0,13.175512688538692,0,1
2025,3,Lic. en Administración de Empresas,3,12,1,0,12,0,55,1,0,0,1,0,0,0,1,ninguno,6,6,6,13.833333333333334,6,6,6,12.833333333333334,0,62.7,3,1,7.6,2.6,0.32,Activo,0,37.5,0,0.0,12.494871490854328,1,1
2024,3,Ing. Financiera y de Riesgos,4,11,1,1,2,0,53,4,0,0,1,0,0,0,0,ninguno,18,18,17,13.176470588235292,18,18,16,13.0,1,75.1,0,0,7.6,2.6,0.32,Abandono,1,37.5,1,0.0,12.282326199486405,0,0
2025,2,Lic. en Ciencia de Datos e Inteligencia de Negocios,5,12,1,0,1,0,54,2,0,0,1,0,0,0,1,ninguno,6,8,4,12.75,6,12,5,12.6,2,87.6,0,0,7.6,2.6,0.32,Abandono,1,25.0,1,1.0,11.7002326022282,1,0
2024,3,Ing. Comercial,1,14,1,1,1,0,18,1,0,1,1,0,1,0,0,beca,7,8,5,12.86,7,8,5,12.86,2,69.8,1,1,7.6,2.6,0.32,Activo,0,37.5,0,1.0,11.908502144367219,1,1
2023,5,Ing. Comercio Internacional,2,12,1,0,1,0,44,1,0,0,0,1,0,0,1,ninguno,8,12,4,12.0,7,9,4,12.0,4,74.3,1,1,8.9,1.4,3.51,Abandono,1,62.5,0,1.0,11.166437206569064,1,1
2023,1,Lic. en Administración de Empresas,3,14,1,1,1,0,28,1,0,0,1,0,1,0,0,ninguno,11,11,9,11.666666666666666,11,13,9,12.555555555555555,2,73.6,1,1,10.8,1.4,1.74,Activo,0,12.5,1,0.0,11.446824975833291,1,1
2024,2,Ing. Financiera y de Riesgos,4,4,1,0,17,0,37,1,0,0,1,0,0,0,1,ninguno,14,14,14,16.5,11,11,11,16.90909090909091,0,100.0,0,0,8.9,1.4,3.51,Activo,0,25.0,2,0.0,16.26155816728199,0,0
2023,3,Lic. en Ciencia de Datos e Inteligencia de Negocios,5,14,1,1,1,0,20,1,0,0,1,0,1,0,0,ninguno,10,14,9,12.333333333333334,7,10,7,11.77777777777778,1,78.4,1,1,7.6,2.6,0.32,Activo,0,37.5,1,0.0,11.373890552727655,0,1
2024,2,Ing. Comercial,1,1,3,1,1,0,18,1,0,0,1,0,1,0,0,ninguno,7,8,7,12.59125,8,11,7,12.820000000000002,0,73.5,0,0,15.5,2.8,-4.06,Activo,0,25.0,1,0.0,11.869878604256243,0,0
2024,1,Ing. Comercio Internacional,2,1,1,1,1,1,19,1,0,0,1,0,1,0,1,ninguno,6,9,4,11.5,6,12,3,11.0,2,67.5,1,1,8.9,1.4,3.51,Abandono,1,12.5,0,1.0,10.323031551153475,1,1
2024,3,Lic. en Administración de Empresas,3,8,1,1,1,1,23,1,0,1,1,0,1,0,0,beca,18,19,18,11.894736842105264,13,13,13,12.923076923076923,0,68.6,0,0,15.5,2.8,-4.06,Activo,0,37.5,0,0.0,11.55610847614371,0,0
2024,8,Ing. Financiera y de Riesgos,4,8,1,1,1,1,22,1,0,0,1,0,0,0,1,ninguno,6,0,0,0.0,6,0,0,0.0,6,85.6,0,0,13.9,-0.3,0.79,Abandono,1,100.0,0,3.0,0.0,1,0
2023,2,Lic. en Ciencia de Datos e Inteligencia de Negocios,5,12,1,1,1,1,24,1,0,0,0,0,0,0,0,ninguno,6,0,0,0.0,6,0,0,0.0,6,71.4,0,0,11.1,0.6,2.02,Abandono,1,25.0,0,3.0,0.0,1,0
2025,7,Ing. Comercial,1,15,1,1,14,1,22,1,0,0,1,0,1,0,0,ninguno,6,13,5,13.0,6,13,2,11.5,1,85.9,0,0,12.4,0.5,1.79,Activo,0,87.5,1,0.0,11.71747857832805,0,0
2023,4,Ing. Comercio Internacional,2,12,1,1,1,1,26,1,0,0,1,0,0,0,0,ninguno,6,9,0,0.0,6,6,0,0.0,6,75.6,0,0,13.9,-0.3,0.79,Abandono,1,50.0,0,3.0,0.0,1,0
2025,2,Lic. en Administración de Empresas,3,8,6,1,1,1,18,1,0,0,1,0,1,0,0,ninguno,6,6,6,15.166666666666666,6,6,6,14.833333333333334,0,65.0,0,0,9.4,-0.8,-3.12,Activo,0,25.0,0,0.0,14.559845344947934,0,0
2025,2,Ing. Financiera y de Riesgos,4,15,1,1,14,1,24,1,0,0,1,0,0,0,0,ninguno,6,8,4,11.75,6,8,2,13.5,2,73.3,2,1,11.1,0.6,2.02,Abandono,1,25.0,1,0.0,12.245745545046585,1,1
2025,7,Lic. en Ciencia de Datos e Inteligencia de Negocios,5,1,1,1,1,1,18,1,0,0,1,0,1,0,1,ninguno,5,5,0,0.0,5,6,1,15.0,5,80.7,0,0,10.8,1.4,1.74,Activo,0,87.5,0,2.0,6.610096613522372,1,0
2024,6,Ing. Comercial,1,1,1,1,1,1,26,1,0,0,1,0,1,0,0,ninguno,0,0,0,0.0,0,0,0,0.0,0,80.5,0,0,11.1,0.6,2.02,Abandono,1,75.0,0,0.0,0.0,0,0
2023,3,Ing. Comercio Internacional,2,12,1,1,12,1,27,1,0,0,1,0,0,0,0,ninguno,6,11,3,11.333333333333334,6,10,3,14.75,3,72.3,1,1,16.2,0.3,-0.92,Abandono,1,37.5,1,1.0,12.542378088445378,1,1
2024,1,Lic. en Administración de Empresas,3,15,1,1,14,1,20,1,0,1,1,0,1,0,0,credito,6,10,5,12.6,6,6,5,13.2,1,58.5,1,1,12.4,0.5,1.79,Activo,0,12.5,0,1.0,11.928044399740779,1,1
2024,3,Ing. Financiera y de Riesgos,4,1,1,1,1,1,19,1,0,0,1,0,1,0,0,ninguno,5,10,0,0.0,5,10,1,14.0,5,85.7,1,1,7.6,2.6,0.32,Abandono,1,37.5,1,1.0,6.4346392938658035,1,1
2024,2,Lic. en Ciencia de Datos e Inteligencia de Negocios,5,1,1,1,1,1,18,1,0,1,1,0,0,0,0,beca,6,8,6,15.5,6,9,4,15.5,0,70.6,0,0,11.1,0.6,2.02,Abandono,1,25.0,1,0.0,15.193290051898924,0,0
2023,4,Ing. Comercial,1,1,3,1,1,1,18,1,0,0,1,0,1,0,1,ninguno,8,8,7,12.365714285714288,8,8,7,12.365714285714288,1,74.8,0,0,10.8,1.4,1.74,Activo,0,50.0,0,0.0,11.867021981871993,0,0
2023,6,Ing. Comercio Internacional,2,8,1,1,1,1,19,1,0,0,1,0,1,0,0,ninguno,6,7,5,13.2,6,10,5,13.25,1,95.8,0,0,10.8,1.4,1.74,Activo,0,75.0,1,0.0,12.841490293578731,0,0
2025,1,Lic. en Administración de Empresas,3,14,1,1,1,1,34,1,0,0,1,0,1,0,0,ninguno,12,12,7,11.428571428571429,12,12,7,11.857142857142858,5,88.9,1,1,7.6,2.6,0.32,Activo,0,12.5,0,2.0,11.270891149642045,1,1
2024,1,Ing. Financiera y de Riesgos,4,1,1,1,1,1,19,1,0,0,1,0,1,0,0,ninguno,6,0,0,0.0,6,0,0,0.0,6,62.3,2,1,16.2,0.3,-0.92,Abandono,1,12.5,0,3.0,0.0,1,1
2023,1,Lic. en Ciencia de Datos e Inteligencia de Negocios,5,1,1,1,1,1,19,1,0,1,1,0,0,0,0,mixto,6,10,4,14.0,6,9,6,12.333333333333334,2,87.7,0,0,9.4,-0.8,-3.12,Activo,0,12.5,0,1.0,12.451385037543904,1,0
2025,1,Ing. Comercial,1,12,1,1,1,1,30,2,0,0,1,0,0,0,0,ninguno,12,12,3,12.0,12,16,5,11.8,9,88.0,0,0,15.5,2.8,-4.06,Abandono,1,12.5,0,4.0,11.467456593459099,1,0
2024,5,Ing. Comercio Internacional,2,14,1,1,1,1,22,1,0,0,0,0,0,0,1,ninguno,4,4,0,0.0,5,8,3,12.0,4,73.1,2,1,10.8,1.4,1.74,Abandono,1,62.5,0,2.0,5.447130044171293,1,1
2023,2,Lic. en Administración de Empresas,3,8,1,1,1,1,19,1,0,0,0,0,0,0,0,ninguno,5,13,4,10.0,5,7,3,11.333333333333334,1,86.2,0,0,15.5,2.8,-4.06,Abandono,1,25.0,0,0.0,9.763254265375656,0,0
2024,8,Ing. Financiera y de Riesgos,4,1,1,1,1,1,21,1,0,0,1,0,0,0,0,ninguno,5,9,1,10.0,5,10,1,10.0,4,92.6,0,0,7.6,2.6,0.32,Abandono,1,100.0,0,1.0,9.402963302142608,1,0
2025,3,Lic. en Ciencia de Datos e Inteligencia de Negocios,5,1,2,1,1,1,22,1,0,0,0,0,1,0,1,ninguno,0,0,0,0.0,0,0,0,0.0,0,75.8,3,1,7.6,2.6,0.32,Abandono,1,37.5,1,0.0,0.0,0,1
2025,7,Ing. Comercial,1,1,1,1,1,1,19,1,0,1,1,0,0,0,0,beca,6,7,6,11.166666666666666,6,12,3,11.666666666666666,0,64.4,1,1,10.8,1.4,1.74,Activo,0,87.5,0,0.0,10.768110029289742,1,1
2025,1,Ing. Comercio Internacional,2,1,1,1,1,1,20,1,0,0,1,0,0,0,0,ninguno,6,12,4,11.75,6,13,3,11.333333333333334,2,78.4,0,0,15.5,2.8,-4.06,Activo,0,12.5,1,1.0,10.962481036278838,1,0
2025,3,Lic. en Administración de Empresas,3,12,1,1,12,1,35,1,0,0,1,0,1,0,0,ninguno,6,13,3,11.75,6,10,0,0.0,3,69.9,1,1,13.9,-0.3,0.79,Abandono,1,37.5,0,1.0,5.049727751036508,1,1
2024,3,Ing. Financiera y de Riesgos,4,7,2,1,1,1,20,1,0,0,1,0,1,0,0,ninguno,5,8,1,10.0,5,7,1,11.0,4,74.1,0,0,7.6,2.6,0.32,Abandono,1,37.5,0,2.0,10.148777430862399,1,0
2024,7,Lic. en Ciencia de Datos e Inteligencia de Negocios,5,1,1,1,1,1,21,1,0,0,1,0,0,0,0,ninguno,5,8,3,14.0,5,5,5,12.8,2,84.2,0,0,7.6,2.6,0.32,Activo,0,87.5,0,1.0,13.037365131912308,1,0
2024,3,Ing. Comercial,1,12,1,1,9,1,27,1,0,0,0,1,0,0,1,ninguno,5,5,0,0.0,5,5,0,0.0,5,83.7,1,1,7.6,2.6,0.32,Abandono,1,37.5,0,1.0,0.0,1,1
2023,5,Ing. Comercio Internacional,2,14,1,1,1,1,26,1,0,0,0,0,1,0,0,ninguno,6,12,3,12.0,6,15,0,0.0,3,84.2,0,0,9.4,-0.8,-3.12,Abandono,1,62.5,2,1.0,5.359141500732527,1,0
2024,2,Lic. en Administración de Empresas,3,8,1,1,1,1,20,1,0,0,0,0,0,0,0,ninguno,6,10,0,0.0,5,10,0,0.0,6,69.8,0,0,10.8,1.4,1.74,Abandono,1,25.0,0,2.0,0.0,1,0
2025,6,Ing. Financiera y de Riesgos,4,12,1,1,1,1,28,1,0,0,0,1,0,0,0,ninguno,10,19,8,11.88888888888889,8,17,5,11.6,2,87.3,1,1,15.5,2.8,-4.06,Abandono,1,75.0,0,1.0,10.803054858303971,1,1
2025,4,Lic. en Ciencia de Datos e Inteligencia de Negocios,5,1,3,1,1,1,19,1,0,0,1,0,1,0,0,ninguno,6,6,6,13.833333333333334,6,6,6,13.666666666666666,0,77.6,0,0,11.1,0.6,2.02,Activo,0,50.0,0,0.0,13.178143185629917,0,0
2023,1,Ing. Comercial,1,14,1,0,1,1,47,1,0,0,0,0,0,0,1,ninguno,5,5,0,0.0,5,5,0,0.0,5,83.8,2,1,12.7,3.7,-1.7,Abandono,1,12.5,1,1.0,0.0,1,1
2025,4,Ing. Comercio Internacional,2,12,1,1,9,1,55,4,0,0,0,0,0,0,0,ninguno,6,8,5,11.4,6,9,5,12.4,1,84.3,0,0,10.8,1.4,1.74,Abandono,1,50.0,0,1.0,11.249512360543283,0,0
2023,5,Lic. en Administración de Empresas,3,14,1,1,1,1,39,1,0,0,1,0,1,0,0,ninguno,6,8,0,0.0,6,8,2,11.0,6,100.0,1,1,16.2,0.3,-0.92,Abandono,1,62.5,1,3.0,4.512872541050297,1,1
2023,2,Ing. Financiera y de Riesgos,4,1,1,1,1,1,35,2,0,0,1,1,1,0,1,ninguno,17,17,14,10.642857142857142,12,12,12,10.666666666666666,3,64.5,2,1,15.5,2.8,-4.06,Abandono,1,25.0,0,1.0,9.77300281961229,1,1
2023,5,Lic. en Ciencia de Datos e Inteligencia de Negocios,5,12,1,1,1,1,32,1,0,0,0,0,0,0,0,ninguno,6,10,2,11.0,6,12,0,0.0,4,94.5,2,1,7.6,2.6,0.32,Abandono,1,62.5,0,1.0,4.561783604205853,1,1
2024,4,Ing. Comercial,1,1,4,1,1,1,20,1,0,0,1,0,1,0,0,ninguno,6,6,6,16.833333333333332,6,6,6,16.666666666666668,0,82.7,1,1,8.9,1.4,3.51,Activo,0,50.0,1,0.0,16.27196193869568,0,1
2025,1,Ing. Comercio Internacional,2,12,1,1,1,1,36,1,0,0,1,0,0,0,0,ninguno,6,8,6,13.571428571428571,6,9,5,13.2,0,82.7,0,0,12.7,3.7,-1.7,Activo,0,12.5,1,0.0,12.54494578950047,0,0
2024,6,Lic. en Administración de Empresas,3,12,1,0,12,1,34,1,0,1,1,1,0,0,1,beca,5,11,5,14.714285714285714,5,14,5,14.375,0,67.3,0,0,16.2,0.3,-0.92,Activo,0,75.0,1,0.0,14.058811599644503,0,0
2025,1,Ing. Financiera y de Riesgos,4,1,1,1,1,1,21,1,0,0,1,0,1,0,0,ninguno,5,8,0,0.0,5,5,0,0.0,5,81.1,0,0,9.4,-0.8,-3.12,Abandono,1,12.5,0,1.0,0.0,1,0
2024,1,Lic. en Ciencia de Datos e Inteligencia de Negocios,5,14,1,0,1,1,42,1,0,1,1,0,0,0,1,beca,5,14,1,10.0,5,14,1,11.0,4,76.3,2,1,13.9,-0.3,0.79,Abandono,1,12.5,0,2.0,9.539013688241115,1,1
2025,6,Ing. Comercial,1,12,1,1,12,1,25,1,0,0,1,0,0,0,1,ninguno,6,15,1,11.0,6,13,4,11.75,5,65.5,0,0,12.4,0.5,1.79,Abandono,1,75.0,0,2.0,11.061486908297493,1,0
2025,4,Ing. Comercio Internacional,2,9,1,1,1,1,18,1,0,1,1,0,1,0,0,beca,6,6,1,11.0,6,0,0,0.0,5,82.0,0,0,8.9,1.4,3.51,Abandono,1,50.0,0,2.0,4.524227907435599,1,0
2023,1,Lic. en Administración de Empresas,3,1,1,1,1,1,18,1,0,1,1,0,0,0,0,mixto,6,6,5,12.0,6,6,6,12.833333333333334,1,77.5,2,1,12.7,3.7,-1.7,Activo,0,12.5,0,0.0,12.012183338774504,0,1
2023,7,Ing. Financiera y de Riesgos,4,1,2,1,1,1,19,1,0,0,1,0,1,0,0,ninguno,6,10,6,11.125,6,7,6,11.857142857142858,0,81.5,2,1,7.6,2.6,0.32,Activo,0,87.5,0,0.0,10.617464771316142,0,1
2024,7,Lic. en Ciencia de Datos e Inteligencia de Negocios,5,14,1,1,1,1,34,1,0,0,0,1,0,0,0,ninguno,6,13,3,11.333333333333334,6,8,2,11.5,3,61.7,1,1,13.9,-0.3,0.79,Abandono,1,87.5,0,1.0,10.923520879518996,1,1
2023,6,Ing. Comercial,1,8,2,1,1,1,20,1,0,0,1,0,0,0,0,ninguno,6,15,2,12.0,6,12,0,0.0,4,64.9,1,1,10.8,1.4,1.74,Abandono,1,75.0,0,1.0,5.454508370798491,1,1
2023,7,Ing. Comercio Internacional,2,1,1,1,1,1,20,1,0,0,1,0,0,0,0,ninguno,7,8,0,0.0,7,7,0,0.0,7,83.6,2,1,13.9,-0.3,0.79,Abandono,1,87.5,0,3.0,0.0,1,1
2025,1,Lic. en Administración de Empresas,3,8,1,1,1,1,21,1,0,0,1,0,0,0,0,ninguno,8,8,7,14.54,8,8,7,14.54,1,84.7,1,1,10.8,1.4,1.74,Activo,0,12.5,0,0.0,13.830140170263244,0,1
2024,7,Ing. Financiera y de Riesgos,4,15,1,1,14,1,19,1,0,0,1,0,1,0,0,ninguno,6,9,6,12.166666666666666,6,14,4,13.0,0,67.6,2,1,12.4,0.5,1.79,Activo,0,87.5,0,0.0,12.03966645007782,0,1
2023,3,Lic. en Ciencia de Datos e Inteligencia de Negocios,5,12,1,1,1,1,31,1,0,0,0,1,0,0,0,ninguno,5,13,4,13.5,5,12,3,11.666666666666666,1,82.2,0,0,9.4,-0.8,-3.12,Abandono,1,37.5,1,0.0,11.823158205687069,0,0
2023,8,Ing. Comercial,1,8,1,1,1,1,21,1,0,0,1,0,0,0,0,ninguno,6,8,6,14.75,6,9,5,14.333333333333334,0,87.8,0,0,11.1,0.6,2.02,Activo,0,100.0,0,0.0,14.230713544107221,0,0
2024,6,Ing. Comercio Internacional,2,1,1,1,1,1,20,1,0,1,1,0,0,0,0,beca,5,8,5,12.375,5,7,5,11.666666666666666,0,80.2,1,1,13.9,-0.3,0.79,Activo,0,75.0,1,0.0,11.675770914872805,0,1
2023,5,Lic. en Administración de Empresas,3,14,2,1,6,1,22,1,0,0,1,0,0,0,0,ninguno,7,7,6,12.733333333333334,7,7,6,12.733333333333334,1,67.2,0,0,7.6,2.6,0.32,Activo,0,62.5,1,1.0,12.36357052642146,0,0
2025,8,Ing. Financiera y de Riesgos,4,1,2,1,1,1,19,1,0,0,0,0,1,1,0,ninguno,6,9,4,12.5,6,6,0,0.0,2,77.7,0,0,9.4,-0.8,-3.12,Abandono,1,100.0,0,1.0,5.656704420282838,1,0
2023,3,Lic. en Ciencia de Datos e Inteligencia de Negocios,5,12,1,1,1,1,41,1,0,0,0,1,1,0,1,ninguno,5,5,0,0.0,5,5,0,0.0,5,69.5,1,1,12.7,3.7,-1.7,Abandono,1,37.5,0,2.0,0.0,1,1
2025,1,Ing. Comercial,1,14,1,1,12,1,27,1,0,0,1,0,1,0,0,ninguno,7,7,0,0.0,7,7,0,0.0,7,64.5,0,0,7.6,2.6,0.32,Abandono,1,12.5,0,2.0,0.0,1,0
2025,8,Ing. Comercio Internacional,2,8,1,1,1,0,19,1,0,0,1,0,0,0,0,ninguno,7,7,7,13.44285714285714,8,8,7,13.771428571428572,0,100.0,0,0,13.9,-0.3,0.79,Abandono,1,100.0,0,0.0,13.135775339100226,0,0
2023,6,Lic. en Administración de Empresas,3,9,2,1,1,0,20,1,1,1,1,0,1,0,0,credito,8,8,8,14.2,8,8,8,14.2,0,75.5,0,0,9.4,-0.8,-3.12,Activo,0,75.0,0,0.0,13.49794119303269,0,0
2024,4,Ing. Financiera y de Riesgos,4,14,4,1,6,0,19,1,0,1,1,0,1,0,0,beca,7,7,6,13.55,7,7,6,13.55,1,87.5,0,0,7.6,2.6,0.32,Activo,0,50.0,0,0.0,12.71214450511518,0,0
2024,1,Lic. en Ciencia de Datos e Inteligencia de Negocios,5,12,1,0,1,0,35,2,0,0,1,0,0,0,0,ninguno,5,5,5,11.6,5,6,5,11.166666666666666,0,78.8,0,0,15.5,2.8,-4.06,Activo,0,12.5,0,0.0,10.881152732389607,0,0
2024,8,Ing. Comercial,1,8,5,1,1,0,22,1,0,0,1,0,1,0,1,ninguno,6,7,6,13.571428571428571,6,7,6,15.285714285714286,0,66.5,0,0,13.9,-0.3,0.79,Activo,0,100.0,0,0.0,13.842266012856037,0,0
2025,3,Ing. Comercio Internacional,2,1,2,1,1,0,20,1,0,1,1,0,1,0,0,beca,6,6,6,13.833333333333334,6,6,6,15.0,0,76.4,0,0,11.1,0.6,2.02,Activo,0,37.5,0,0.0,13.749884724786668,0,0
2023,6,Lic. en Administración de Empresas,3,1,1,1,1,0,18,1,0,0,0,1,1,0,0,ninguno,6,7,4,11.25,6,9,4,10.857142857142858,2,69.6,0,0,10.8,1.4,1.74,Abandono,1,75.0,0,1.0,10.659159036085795,1,0
2024,5,Ing. Financiera y de Riesgos,4,1,1,1,1,0,18,1,0,1,1,0,1,0,1,beca,6,7,5,10.2,6,9,4,11.25,1,86.5,0,0,12.4,0.5,1.79,Activo,0,62.5,0,0.0,10.406812394391954,0,0
2025,1,Lic. en Ciencia de Datos e Inteligencia de Negocios,5,4,1,1,3,0,30,1,0,0,1,0,0,0,1,ninguno,8,8,7,15.675714285714283,8,8,7,15.675714285714283,1,51.0,1,1,10.8,1.4,1.74,Activo,0,12.5,1,1.0,15.268750219191485,1,1
2024,1,Ing. Comercial,1,9,1,1,1,0,18,1,0,1,1,1,0,0,0,beca,6,9,6,10.833333333333334,6,8,6,12.0,0,99.4,1,1,11.1,0.6,2.02,Activo,0,12.5,1,0.0,10.677869131789194,0,1
2024,7,Ing. Comercio Internacional,2,1,1,1,1,0,20,1,0,1,1,0,1,0,0,beca,6,6,6,14.5,6,7,5,15.0,0,82.6,1,1,12.4,0.5,1.79,Activo,0,87.5,0,0.0,14.398467216926424,0,1
2023,1,Lic. en Administración de Empresas,3,1,1,1,1,0,19,1,0,1,1,0,0,1,1,beca,6,12,4,10.4,6,11,4,10.75,2,63.8,2,1,12.4,0.5,1.79,Activo,0,12.5,0,1.0,10.14221254460491,1,1
2024,5,Ing. Financiera y de Riesgos,4,8,1,1,1,0,19,1,0,0,1,0,0,0,0,ninguno,5,7,5,13.0,5,7,5,13.333333333333334,0,70.9,0,0,7.6,2.6,0.32,Activo,0,62.5,0,0.0,12.630168946679955,0,0
2025,4,Lic. en Ciencia de Datos e Inteligencia de Negocios,5,1,2,1,1,0,21,1,0,1,1,0,1,0,1,beca,7,7,7,12.242857142857144,8,8,8,14.125,0,75.8,1,1,15.5,2.8,-4.06,Activo,0,50.0,0,0.0,12.829419526414116,0,1
2024,7,Ing. Comercial,1,9,1,1,1,0,21,1,0,0,1,1,1,0,0,ninguno,7,7,7,13.0,7,8,6,12.5,0,73.2,0,0,8.9,1.4,3.51,Activo,0,87.5,0,0.0,12.315810510186855,0,0
2025,3,Ing. Comercio Internacional,2,1,4,1,1,0,18,1,0,0,1,0,1,0,1,ninguno,6,6,6,14.166666666666666,6,7,6,13.428571428571429,0,68.2,0,0,8.9,1.4,3.51,Activo,0,37.5,0,0.0,12.85973019533059,0,0
2023,7,Lic. en Administración de Empresas,3,1,3,1,1,0,18,1,0,1,1,0,1,0,1,mixto,5,11,4,14.25,5,7,4,12.5,1,84.2,2,1,12.7,3.7,-1.7,Activo,0,87.5,0,0.0,13.06149060744111,0,1
2023,1,Ing. Financiera y de Riesgos,4,12,1,1,1,0,35,4,0,0,0,0,0,0,0,ninguno,5,14,1,12.0,5,11,2,10.5,4,61.3,3,1,9.4,-0.8,-3.12,Abandono,1,12.5,0,2.0,10.492597653077947,1,1
2025,1,Lic. en Ciencia de Datos e Inteligencia de Negocios,5,1,6,1,1,0,21,1,1,0,1,0,1,0,0,ninguno,7,11,4,13.25,7,9,5,13.82,3,84.3,1,1,11.1,0.6,2.02,Activo,0,12.5,0,2.0,12.965913748359371,1,1
2024,1,Ing. Comercial,1,1,1,1,1,1,18,1,0,1,1,0,1,0,0,credito,7,7,6,13.183333333333332,7,7,6,13.183333333333332,1,83.6,2,1,7.6,2.6,0.32,Activo,0,12.5,0,0.0,12.412479215730672,0,1
2023,2,Ing. Comercio Internacional,2,8,5,1,1,1,22,1,0,0,1,0,1,0,0,ninguno,6,6,1,11.0,6,6,0,0.0,5,89.3,0,0,9.4,-0.8,-3.12,Activo,0,25.0,1,2.0,4.787915795745617,1,0
2025,8,Lic. en Administración de Empresas,3,8,1,1,1,1,20,1,0,1,1,0,1,0,0,beca,7,8,7,11.9725,8,8,8,12.65125,0,83.7,3,1,15.5,2.8,-4.06,Activo,0,100.0,0,0.0,11.85542587195175,0,1
2024,1,Ing. Financiera y de Riesgos,4,12,1,1,1,0,34,2,0,0,1,0,1,0,1,ninguno,6,7,5,12.4,6,8,5,12.8,1,66.1,2,1,9.4,-0.8,-3.12,Activo,0,12.5,0,0.0,11.70695335869863,0,1
2024,8,Lic. en Ciencia de Datos e Inteligencia de Negocios,5,4,1,1,3,0,33,2,0,0,1,0,0,0,0,ninguno,8,9,5,12.6,7,13,5,11.25,3,80.9,0,0,10.8,1.4,1.74,Activo,0,100.0,0,1.0,11.280641732173452,1,0
2023,6,Ing. Comercial,1,1,3,1,1,0,22,1,0,1,1,0,1,0,0,mixto,7,7,6,13.9,7,7,6,13.9,1,84.7,1,1,7.6,2.6,0.32,Activo,0,75.0,0,0.0,13.02422478676057,0,1
2025,1,Ing. Comercio Internacional,2,8,3,1,1,0,20,1,0,1,1,0,1,0,0,beca,6,11,4,11.5,6,12,3,11.0,2,88.0,0,0,7.6,2.6,0.32,Activo,0,12.5,0,1.0,10.665791224668247,1,0
2023,5,Lic. en Administración de Empresas,3,12,1,1,1,0,35,2,0,0,1,0,0,0,0,ninguno,5,6,4,14.2,5,10,4,11.857142857142858,1,78.8,1,1,10.8,1.4,1.74,Activo,0,62.5,0,0.0,12.039291540830762,0,1
2025,2,Ing. Financiera y de Riesgos,4,12,1,1,1,0,39,2,0,0,0,0,1,0,0,ninguno,5,12,3,10.666666666666666,5,15,3,10.666666666666666,2,89.2,0,0,9.4,-0.8,-3.12,Abandono,1,25.0,0,1.0,9.827324115715758,1,0
2025,3,Lic. en Ciencia de Datos e Inteligencia de Negocios,5,9,6,1,1,0,19,1,0,0,0,0,1,0,0,ninguno,7,14,0,0.0,8,0,0,0.0,7,72.8,0,0,11.1,0.6,2.02,Abandono,1,37.5,2,1.0,0.0,1,0
2024,1,Ing. Comercial,1,12,1,1,1,0,36,4,0,1,1,0,0,0,0,beca,6,10,6,11.0,6,14,3,11.333333333333334,0,100.0,0,0,10.8,1.4,1.74,Activo,0,12.5,0,0.0,10.506638131429767,0,0
2024,6,Ing. Comercio Internacional,2,1,2,1,1,0,21,1,0,1,1,0,1,0,0,beca,8,8,7,13.957142857142856,8,8,7,13.957142857142856,1,86.9,1,1,12.7,3.7,-1.7,Activo,0,75.0,0,0.0,13.325559064539366,0,1
2023,2,Lic. en Administración de Empresas,3,1,1,1,1,0,22,1,0,0,1,0,1,0,1,ninguno,6,11,4,12.5,6,13,3,13.666666666666666,2,64.5,1,1,9.4,-0.8,-3.12,Activo,0,25.0,0,1.0,12.254515666805652,1,1
2025,3,Ing. Financiera y de Riesgos,4,12,1,1,1,0,42,2,0,1,1,1,0,0,0,credito,6,8,6,13.333333333333334,6,7,6,15.285714285714286,0,90.4,1,1,11.1,0.6,2.02,Activo,0,37.5,0,0.0,13.39331992541441,0,1
2024,1,Lic. en Ciencia de Datos e Inteligencia de Negocios,5,12,1,1,1,0,34,1,0,0,1,0,1,0,1,ninguno,5,5,0,0.0,5,6,0,0.0,5,87.7,0,0,10.8,1.4,1.74,Abandono,1,12.5,0,2.0,0.0,1,0
2025,2,Ing. Comercial,1,8,1,1,1,0,20,1,0,0,1,0,1,0,0,ninguno,6,9,6,11.666666666666666,6,8,5,11.6,0,90.4,1,1,7.6,2.6,0.32,Activo,0,25.0,1,0.0,11.106146999110583,0,1
2023,1,Ing. Comercio Internacional,2,15,1,0,14,0,33,2,0,0,1,0,0,0,1,ninguno,6,7,6,15.714285714285714,6,7,6,15.5,0,83.1,1,1,13.9,-0.3,0.79,Activo,0,12.5,0,0.0,14.748049655453011,0,1
2024,8,Lic. en Administración de Empresas,3,1,4,1,1,0,20,1,0,0,1,0,1,0,0,ninguno,6,8,5,11.0,6,9,5,11.4,1,61.3,0,0,13.9,-0.3,0.79,Activo,0,100.0,0,0.0,10.752548081655124,1,0
2024,3,Ing. Financiera y de Riesgos,4,1,2,1,1,0,19,1,0,0,1,1,1,0,0,ninguno,5,8,4,12.25,5,7,4,12.75,1,90.2,0,0,7.6,2.6,0.32,Activo,0,37.5,0,1.0,11.818097957278189,0,0
2024,6,Lic. en Ciencia de Datos e Inteligencia de Negocios,5,14,1,0,3,0,34,2,0,0,1,1,0,0,1,ninguno,10,25,5,12.2,9,18,8,12.22222222222222,5,82.0,0,0,16.2,0.3,-0.92,Abandono,1,75.0,0,2.0,11.78521740722467,1,0
2024,2,Ing. Comercial,1,1,1,1,1,0,18,1,0,0,1,0,1,0,0,ninguno,5,6,5,13.0,5,5,5,14.0,0,68.5,1,1,7.6,2.6,0.32,Activo,0,25.0,1,0.0,12.956821846774762,0,1
2024,6,Ing. Comercio Internacional,2,8,1,0,1,0,24,1,0,1,1,0,0,0,1,beca,6,11,4,12.0,6,7,6,13.0,2,84.8,1,1,10.8,1.4,1.74,Activo,0,75.0,0,1.0,11.54804914295548,1,1
2025,3,Lic. en Administración de Empresas,3,1,1,1,1,0,18,1,0,0,1,0,1,0,0,ninguno,6,6,6,13.333333333333334,6,7,6,12.333333333333334,0,76.2,0,0,7.6,2.6,0.32,Activo,0,37.5,0,0.0,12.431069843492173,0,0
2024,6,Ing. Financiera y de Riesgos,4,1,1,1,1,0,20,1,0,0,1,0,1,0,0,ninguno,5,6,3,13.0,5,7,3,13.0,2,86.3,0,0,7.6,2.6,0.32,Activo,0,75.0,0,1.0,12.257319373405362,1,0
2025,6,Lic. en Ciencia de Datos e Inteligencia de Negocios,5,8,1,1,1,0,21,1,0,0,1,0,1,0,0,ninguno,8,8,7,12.91,8,8,7,12.91,1,76.6,0,0,10.8,1.4,1.74,Activo,0,75.0,0,0.0,12.194932008950818,0,0
2023,3,Ing. Comercial,1,1,5,1,1,0,19,1,0,1,1,0,1,0,1,credito,6,8,6,11.0,6,13,3,11.0,0,60.6,0,0,9.4,-0.8,-3.12,Activo,0,37.5,0,0.0,10.61548315310371,1,0
2023,2,Ing. Comercio Internacional,2,8,4,1,1,0,19,1,0,1,1,0,0,0,0,mixto,7,8,6,13.579999999999998,8,8,8,12.93625,1,69.6,0,0,15.5,2.8,-4.06,Activo,0,25.0,0,0.0,12.729939669361832,0,0
2025,4,Lic. en Administración de Empresas,3,1,1,1,1,0,18,1,0,1,1,0,1,0,0,mixto,6,10,4,12.4,6,8,6,12.5,2,87.5,1,1,12.4,0.5,1.79,Activo,0,50.0,1,1.0,11.755912946839313,1,1
2025,6,Ing. Financiera y de Riesgos,4,12,1,0,1,0,38,4,0,1,1,0,0,0,1,mixto,9,13,8,12.88888888888889,7,9,7,13.0,1,68.8,2,1,13.9,-0.3,0.79,Activo,0,75.0,0,1.0,12.513419418152502,0,1
2024,7,Lic. en Ciencia de Datos e Inteligencia de Negocios,5,1,1,1,1,1,21,1,0,0,1,1,1,0,1,ninguno,12,12,11,11.545454545454543,11,18,9,11.7,1,79.6,1,1,8.9,1.4,3.51,Activo,0,87.5,0,0.0,10.7622907132383,0,1
2025,1,Ing. Comercial,1,14,1,1,1,1,23,1,1,0,1,0,1,0,1,ninguno,5,6,1,10.0,5,5,0,0.0,4,91.5,0,0,15.5,2.8,-4.06,Activo,0,12.5,1,2.0,4.019490443325675,1,0
2025,7,Ing. Comercio Internacional,2,8,5,1,1,0,19,1,0,0,1,0,1,0,1,ninguno,8,8,8,14.34125,8,8,8,14.34125,0,81.8,0,0,9.4,-0.8,-3.12,Activo,0,87.5,0,0.0,13.89091842002627,0,0
2025,2,Lic. en Administración de Empresas,3,1,2,1,1,0,18,1,0,0,0,1,1,0,1,ninguno,6,8,6,14.142857142857142,6,6,5,12.0,0,72.9,2,1,13.9,-0.3,0.79,Abandono,1,25.0,0,0.0,12.640590196075168,0,1
2023,7,Ing. Financiera y de Riesgos,4,1,6,1,1,0,18,1,0,1,1,0,1,0,0,beca,0,0,0,0.0,0,0,0,0.0,0,86.1,0,0,9.4,-0.8,-3.12,Activo,0,87.5,0,0.0,0.0,0,0
2023,2,Lic. en Ciencia de Datos e Inteligencia de Negocios,5,12,1,1,1,0,24,1,0,0,1,0,1,0,0,ninguno,6,10,5,11.8,6,13,4,11.25,1,97.9,0,0,12.4,0.5,1.79,Activo,0,25.0,0,0.0,10.701564306001977,0,0
2025,1,Ing. Comercial,1,1,1,1,1,0,18,1,1,1,1,0,0,0,0,credito,6,6,6,13.333333333333334,6,6,6,14.166666666666666,0,71.3,0,0,12.7,3.7,-1.7,Activo,0,12.5,1,0.0,13.252879572835324,0,0
2024,1,Ing. Comercio Internacional,2,1,1,1,1,0,18,1,0,0,1,0,1,0,0,ninguno,6,8,6,14.5,6,9,6,12.857142857142858,0,86.5,0,0,13.9,-0.3,0.79,Activo,0,12.5,0,0.0,13.364655492483333,0,0
2023,3,Lic. en Administración de Empresas,3,4,1,0,15,0,26,1,0,0,1,0,0,0,1,ninguno,10,13,8,12.666666666666666,10,12,10,13.4,2,60.9,1,1,11.1,0.6,2.02,Activo,0,37.5,0,1.0,12.354478893710308,1,1
2024,4,Ing. Financiera y de Riesgos,4,1,1,1,1,0,19,1,0,0,1,1,0,0,0,ninguno,5,13,1,10.0,5,8,2,10.0,4,71.7,0,0,12.4,0.5,1.79,Activo,0,50.0,1,1.0,9.030379602562885,1,0
2024,8,Lic. en Ciencia de Datos e Inteligencia de Negocios,5,9,3,1,1,0,19,1,0,1,1,0,1,0,0,beca,6,10,0,0.0,6,6,0,0.0,6,92.3,1,1,12.7,3.7,-1.7,Abandono,1,100.0,0,2.0,0.0,1,1
2024,5,Ing. Comercial,1,1,1,1,1,0,19,1,0,0,1,0,0,0,0,ninguno,6,12,4,11.0,6,6,4,12.5,2,66.8,1,1,16.2,0.3,-0.92,Activo,0,62.5,0,1.0,11.155905812071829,1,1
2023,8,Ing. Comercio Internacional,2,1,1,1,1,0,20,1,0,0,1,1,1,0,0,ninguno,5,10,2,12.0,5,9,4,11.0,3,77.2,0,0,9.4,-0.8,-3.12,Abandono,1,100.0,0,2.0,10.521768798020174,1,0
2023,2,Lic. en Administración de Empresas,3,1,3,1,1,0,22,1,0,0,1,0,1,0,1,ninguno,6,10,4,10.0,6,12,2,13.5,2,72.4,3,1,9.4,-0.8,-3.12,Activo,0,25.0,0,1.0,10.963774671861291,1,1
2023,3,Ing. Financiera y de Riesgos,4,1,2,1,1,0,19,1,0,0,1,0,1,0,0,ninguno,7,7,7,14.20857142857143,8,9,8,15.127777777777778,0,66.8,0,0,11.1,0.6,2.02,Activo,0,37.5,0,0.0,13.864754257185117,0,0
2023,6,Lic. en Ciencia de Datos e Inteligencia de Negocios,5,1,5,1,1,0,20,1,0,0,1,0,1,0,1,ninguno,7,7,7,14.30714285714286,8,8,8,15.0125,0,75.8,1,1,12.4,0.5,1.79,Activo,0,75.0,0,0.0,13.965930024811684,0,1
2024,8,Ing. Comercial,1,12,1,1,1,0,36,2,0,0,1,0,0,0,0,ninguno,5,8,3,11.0,5,12,4,13.375,2,74.5,0,0,10.8,1.4,1.74,Activo,0,100.0,0,1.0,11.205273552395731,1,0
2024,2,Ing. Comercio Internacional,2,12,1,1,12,0,29,1,0,0,1,0,1,0,0,ninguno,7,14,0,0.0,6,6,0,0.0,7,70.5,0,0,11.1,0.6,2.02,Abandono,1,25.0,0,3.0,0.0,1,0
2025,1,Lic. en Administración de Empresas,3,8,3,1,1,0,19,1,0,0,1,0,1,0,0,ninguno,6,10,6,12.0,6,12,4,11.0,0,79.4,2,1,12.7,3.7,-1.7,Activo,0,12.5,0,0.0,10.573477073876381,0,1
2025,7,Ing. Financiera y de Riesgos,4,12,1,1,1,0,24,5,0,0,0,1,0,0,0,ninguno,5,0,0,0.0,5,0,0,0.0,5,92.2,0,0,13.9,-0.3,0.79,Abandono,1,87.5,0,3.0,0.0,1,0
2025,4,Lic. en Ciencia de Datos e Inteligencia de Negocios,5,12,1,1,1,0,27,5,0,0,0,1,0,0,0,ninguno,6,6,0,0.0,6,7,0,0.0,6,75.7,2,1,8.9,1.4,3.51,Abandono,1,50.0,1,1.0,0.0,1,1
2024,5,Ing. Comercial,1,8,1,1,1,0,18,1,0,1,1,0,1,0,0,beca,6,7,6,13.857142857142858,6,7,6,14.285714285714286,0,89.8,1,1,13.9,-0.3,0.79,Activo,0,62.5,2,0.0,13.568140925929,0,1
2025,8,Ing. Comercio Internacional,2,8,2,1,1,0,18,1,0,1,1,0,1,0,0,beca,0,0,0,0.0,0,0,0,0.0,0,94.7,0,0,15.5,2.8,-4.06,Activo,0,100.0,0,0.0,0.0,0,0
2024,2,Lic. en Administración de Empresas,3,8,4,1,1,0,21,1,0,0,1,0,1,0,0,ninguno,7,0,0,0.0,7,0,0,0.0,7,84.0,0,0,12.7,3.7,-1.7,Abandono,1,25.0,0,3.0,0.0,1,0
2023,7,Ing. Financiera y de Riesgos,4,12,1,1,1,0,43,2,0,1,1,0,0,0,1,mixto,6,8,5,11.0,6,9,5,13.0,1,77.1,0,0,12.4,0.5,1.79,Activo,0,87.5,0,0.0,11.49230559758107,0,0
2025,3,Lic. en Ciencia de Datos e Inteligencia de Negocios,5,14,1,1,1,0,18,1,0,1,1,0,0,0,1,mixto,5,9,5,13.2,5,13,5,14.4,0,82.0,0,0,16.2,0.3,-0.92,Activo,0,37.5,0,0.0,13.106060950438929,0,0
2025,1,Ing. Comercial,1,9,1,1,1,0,21,1,0,1,1,0,1,0,1,credito,6,7,6,13.5,6,6,3,15.333333333333334,0,89.5,2,1,8.9,1.4,3.51,Abandono,1,12.5,0,0.0,13.942120049031976,0,1
2024,1,Ing. Comercio Internacional,2,4,1,1,3,0,26,1,0,0,1,0,0,0,1,ninguno,5,5,0,0.0,5,0,0,0.0,5,73.7,1,1,9.4,-0.8,-3.12,Abandono,1,12.5,1,2.0,0.0,1,1
2025,5,Lic. en Administración de Empresas,3,1,6,1,1,0,19,1,0,1,1,0,1,0,1,mixto,8,8,7,14.214285714285714,8,8,7,14.214285714285714,1,82.6,1,1,12.7,3.7,-1.7,Activo,0,62.5,0,0.0,13.83693476842633,0,1
2024,5,Ing. Financiera y de Riesgos,4,1,1,1,1,0,18,1,0,0,1,0,0,0,1,ninguno,5,5,5,13.0,5,5,5,12.4,0,89.4,0,0,7.6,2.6,0.32,Activo,0,62.5,1,0.0,11.819387352166835,0,0
2025,4,Lic. en Ciencia de Datos e Inteligencia de Negocios,5,1,1,1,1,0,22,1,0,0,1,0,1,0,0,ninguno,6,13,2,12.0,6,14,1,10.0,4,69.2,0,0,9.4,-0.8,-3.12,Abandono,1,50.0,0,1.0,10.27808913964468,1,0
2024,1,Ing. Comercial,1,12,1,1,12,0,27,1,0,0,1,0,1,0,0,ninguno,7,0,0,0.0,8,0,0,0.0,7,69.6,1,1,11.1,0.6,2.02,Abandono,1,12.5,1,2.0,0.0,1,1
2025,6,Ing. Comercio Internacional,2,1,3,1,1,0,18,1,0,0,1,0,1,0,0,ninguno,5,6,5,12.8,5,6,5,12.6,0,94.3,2,1,9.4,-0.8,-3.12,Activo,0,75.0,0,0.0,12.020575230145717,0,1
2023,2,Lic. en Administración de Empresas,3,8,1,1,1,0,19,1,0,0,1,0,0,0,1,ninguno,5,11,4,13.6,5,9,4,12.2,1,95.1,0,0,9.4,-0.8,-3.12,Activo,0,25.0,0,1.0,12.40225081420686,0,0
2023,3,Ing. Financiera y de Riesgos,4,8,4,1,1,0,18,1,0,0,1,0,1,0,0,ninguno,7,7,7,13.971428571428572,8,8,8,15.75,0,84.9,0,0,13.9,-0.3,0.79,Activo,0,37.5,0,0.0,14.334287151402938,0,0
2024,3,Lic. en Ciencia de Datos e Inteligencia de Negocios,5,1,1,1,1,0,19,1,0,1,1,0,0,0,1,mixto,6,8,6,15.0,6,9,6,14.857142857142858,0,70.8,1,1,11.1,0.6,2.02,Activo,0,37.5,1,0.0,14.382501799453612,0,1
2025,2,Ing. Comercial,1,12,1,1,1,0,32,1,0,0,0,0,0,0,0,ninguno,6,0,0,0.0,6,0,0,0.0,6,65.9,0,0,11.1,0.6,2.02,Abandono,1,25.0,0,3.0,0.0,1,0
2024,1,Ing. Comercio Internacional,2,13,1,1,1,0,23,1,0,0,1,0,1,0,1,ninguno,26,27,26,15.07777777777778,17,17,17,15.023529411764704,0,79.1,0,0,15.5,2.8,-4.06,Activo,0,12.5,0,0.0,14.060480415690249,0,0
2025,3,Lic. en Administración de Empresas,3,8,3,1,1,0,20,1,0,0,1,0,1,0,0,ninguno,7,7,6,13.383333333333333,7,7,6,13.383333333333333,1,84.4,0,0,7.6,2.6,0.32,Activo,0,37.5,0,0.0,13.061259093641477,0,0
2024,2,Ing. Financiera y de Riesgos,4,1,1,1,1,0,20,1,0,0,1,1,1,0,1,ninguno,12,12,12,13.25,11,16,10,13.090909090909092,0,89.3,0,0,8.9,1.4,3.51,Activo,0,25.0,1,0.0,12.406706734225551,0,0
2024,3,Lic. en Ciencia de Datos e Inteligencia de Negocios,5,8,1,1,1,0,19,1,0,0,0,1,1,0,1,ninguno,6,10,5,11.714285714285714,6,13,2,10.666666666666666,1,76.8,2,1,16.2,0.3,-0.92,Abandono,1,37.5,0,0.0,10.630616837045988,0,1
2023,1,Ing. Comercial,1,1,3,1,1,0,18,1,0,1,1,0,1,0,0,credito,8,8,8,13.01125,8,8,8,13.01125,0,85.8,1,1,9.4,-0.8,-3.12,Activo,0,12.5,0,0.0,12.259042796337312,0,1
2023,1,Ing. Comercio Internacional,2,15,1,1,14,0,21,1,0,0,1,0,0,0,1,ninguno,6,12,3,10.666666666666666,6,12,4,12.0,3,85.6,0,0,15.5,2.8,-4.06,Abandono,1,12.5,0,2.0,10.783959556172023,1,0
2024,6,Lic. en Administración de Empresas,3,1,1,1,1,0,20,1,0,1,1,0,0,0,1,credito,7,14,0,0.0,7,15,0,0.0,7,79.7,2,1,11.1,0.6,2.02,Activo,0,75.0,1,4.0,0.0,1,1
2023,7,Ing. Financiera y de Riesgos,4,15,1,1,14,0,22,1,0,0,1,0,1,0,0,ninguno,6,9,6,13.0,6,18,3,12.666666666666666,0,65.6,2,1,12.4,0.5,1.79,Activo,0,87.5,0,0.0,12.02286847670548,0,1
2023,5,Lic. en Ciencia de Datos e Inteligencia de Negocios,5,15,1,0,14,0,26,1,0,0,1,0,0,0,1,ninguno,5,5,5,12.0,5,7,5,11.4,0,76.2,0,0,12.7,3.7,-1.7,Activo,0,62.5,0,0.0,10.916613151720249,0,0
2024,3,Ing. Comercial,1,1,1,1,1,0,20,1,0,0,1,0,1,0,0,ninguno,6,6,6,12.166666666666666,6,7,5,13.8,0,63.9,1,1,12.7,3.7,-1.7,Activo,0,37.5,1,0.0,12.603559946382628,1,1
2024,7,Ing. Comercio Internacional,2,1,1,1,1,0,19,1,0,0,1,0,1,0,0,ninguno,7,10,6,11.85,8,10,7,13.65,1,92.3,1,1,16.2,0.3,-0.92,Activo,0,87.5,1,0.0,11.990174735741721,0,1
2023,1,Lic. en Administración de Empresas,3,12,1,0,1,0,31,1,0,0,1,0,0,0,0,ninguno,5,8,4,11.0,5,6,5,11.2,1,88.7,0,0,7.6,2.6,0.32,Activo,0,12.5,1,0.0,10.60400871538213,0,0
2023,2,Ing. Financiera y de Riesgos,4,14,3,1,1,0,20,1,0,1,1,1,1,0,0,beca,7,9,7,12.327777777777778,8,10,8,11.736,0,91.9,2,1,15.5,2.8,-4.06,Activo,0,25.0,0,0.0,11.711727929490356,0,1
2025,5,Lic. en Ciencia de Datos e Inteligencia de Negocios,5,14,1,1,1,0,20,1,0,0,1,0,1,0,0,ninguno,5,9,4,12.0,5,10,5,13.428571428571429,1,81.3,0,0,10.8,1.4,1.74,Activo,0,62.5,0,0.0,12.123904243963448,0,0
2024,4,Ing. Comercial,1,8,4,1,1,0,21,1,0,0,1,0,1,0,0,ninguno,7,7,7,14.428571428571429,8,9,8,14.511111111111113,0,88.7,0,0,16.2,0.3,-0.92,Activo,0,50.0,0,0.0,13.866361097878611,0,0
2024,2,Ing. Comercio Internacional,2,1,4,1,1,0,18,1,0,0,1,0,1,0,1,ninguno,7,7,7,13.78,8,8,8,12.6125,0,83.9,3,1,12.4,0.5,1.79,Activo,0,25.0,1,0.0,12.569228106653286,0,1
2024,5,Lic. en Administración de Empresas,3,8,2,1,1,0,19,1,0,1,1,0,1,0,1,beca,7,7,6,13.8,7,7,6,13.8,1,75.1,2,1,7.6,2.6,0.32,Activo,0,62.5,0,0.0,13.006623084226499,0,1
2025,3,Ing. Financiera y de Riesgos,4,1,1,1,1,0,18,1,0,1,1,0,1,0,0,beca,7,7,7,14.857142857142858,7,7,7,15.142857142857142,0,84.0,0,0,13.9,-0.3,0.79,Activo,0,37.5,0,0.0,14.483809333600279,0,0
2024,6,Lic. en Ciencia de Datos e Inteligencia de Negocios,5,12,1,1,13,0,40,4,0,0,1,0,0,0,0,ninguno,6,8,5,13.0,6,7,5,12.6,1,69.4,1,1,16.2,0.3,-0.92,Activo,0,75.0,0,0.0,12.279303640827255,0,1
2025,8,Ing. Comercial,1,8,6,1,1,0,18,1,0,1,1,0,0,0,0,beca,6,7,6,12.142857142857142,6,6,6,13.333333333333334,0,96.0,1,1,13.9,-0.3,0.79,Activo,0,100.0,1,0.0,12.395708658726354,0,1
2025,4,Ing. Comercio Internacional,2,1,2,1,1,0,18,1,0,0,1,0,1,0,1,ninguno,6,7,6,15.666666666666666,6,6,6,14.833333333333334,0,76.2,3,1,8.9,1.4,3.51,Activo,0,50.0,0,0.0,14.469225148805393,0,1
2025,1,Lic. en Administración de Empresas,3,8,1,1,1,0,19,1,0,0,1,0,1,0,0,ninguno,7,13,5,12.5,8,14,7,12.166666666666666,2,62.0,0,0,15.5,2.8,-4.06,Activo,0,12.5,0,1.0,11.635855069353623,1,0
2025,1,Ing. Financiera y de Riesgos,4,8,1,1,1,0,19,1,0,1,1,0,0,0,0,beca,6,7,6,12.833333333333334,6,6,6,13.166666666666666,0,65.9,0,0,12.4,0.5,1.79,Activo,0,12.5,0,0.0,12.455402421114348,0,0
2024,2,Lic. en Ciencia de Datos e Inteligencia de Negocios,5,12,1,1,1,0,28,1,0,0,0,1,0,0,0,ninguno,6,6,0,0.0,6,7,0,0.0,6,88.0,0,0,8.9,1.4,3.51,Abandono,1,25.0,0,2.0,0.0,1,0
2024,2,Ing. Comercial,1,8,1,1,1,0,20,1,0,0,1,0,1,0,0,ninguno,6,6,6,12.5,6,6,6,12.666666666666666,0,81.7,3,1,7.6,2.6,0.32,Activo,0,25.0,0,0.0,11.907182908874518,0,1
2024,2,Ing. Comercio Internacional,2,1,2,1,1,0,18,1,0,0,1,0,1,0,0,ninguno,6,14,4,11.25,6,9,5,13.0,2,76.6,0,0,9.4,-0.8,-3.12,Activo,0,25.0,0,1.0,11.496528537890622,1,0
2024,3,Lic. en Administración de Empresas,3,1,2,1,1,0,18,1,0,0,1,0,1,0,0,ninguno,7,7,6,15.25,7,7,6,15.25,1,76.1,0,0,7.6,2.6,0.32,Activo,0,37.5,1,1.0,14.592072819437211,0,0
2024,1,Ing. Financiera y de Riesgos,4,1,1,1,1,0,20,1,0,1,1,0,1,0,1,beca,5,13,5,14.0,5,10,3,12.0,0,78.4,1,1,9.4,-0.8,-3.12,Activo,0,12.5,0,0.0,12.25455631231306,0,1
2025,1,Lic. en Ciencia de Datos e Inteligencia de Negocios,5,14,1,1,1,0,28,1,0,0,1,1,0,0,1,ninguno,16,16,13,12.076923076923077,13,13,11,12.090909090909092,3,77.4,0,0,16.2,0.3,-0.92,Activo,0,12.5,0,1.0,11.321914260713864,1,0
2024,3,Ing. Comercial,1,6,1,1,1,0,23,1,1,0,1,0,0,0,0,ninguno,16,17,16,14.625,10,12,9,14.88888888888889,0,74.9,2,1,8.9,1.4,3.51,Activo,0,37.5,1,0.0,14.254673971045943,0,1
2025,4,Ing. Comercio Internacional,2,1,1,1,1,0,19,1,0,0,1,0,1,0,1,ninguno,7,10,4,10.5,7,7,2,10.5,3,68.3,2,1,16.2,0.3,-0.92,Abandono,1,50.0,0,1.0,10.101479645626192,1,1
2025,3,Lic. en Administración de Empresas,3,8,1,1,1,0,18,1,0,1,1,0,1,0,0,beca,6,8,6,12.833333333333334,6,6,6,12.166666666666666,0,76.5,0,0,8.9,1.4,3.51,Activo,0,37.5,0,0.0,12.090356073166637,0,0
2023,6,Ing. Financiera y de Riesgos,4,1,3,1,1,0,20,1,1,1,0,1,0,0,0,credito,6,6,6,12.5,6,7,5,11.8,0,91.0,0,0,10.8,1.4,1.74,Activo,0,75.0,0,0.0,11.402426379867899,0,0
2025,1,Lic. en Ciencia de Datos e Inteligencia de Negocios,5,1,1,1,1,0,20,1,0,0,1,0,1,0,0,ninguno,12,13,12,11.23076923076923,11,18,9,12.77777777777778,0,67.3,0,0,11.1,0.6,2.02,Activo,0,12.5,0,0.0,11.093262204236519,0,0
2023,1,Ing. Comercial,1,12,1,0,1,0,27,2,0,0,1,0,0,0,1,ninguno,5,5,2,10.5,5,5,0,0.0,3,80.3,1,1,7.6,2.6,0.32,Abandono,1,12.5,1,1.0,4.663352605158114,1,1
2025,1,Ing. Comercio Internacional,2,1,1,1,1,0,18,1,0,0,1,0,1,0,1,ninguno,6,11,3,12.0,6,13,2,12.0,3,79.9,1,1,12.7,3.7,-1.7,Abandono,1,12.5,0,1.0,11.581335887769376,1,1
2024,4,Lic. en Administración de Empresas,3,12,2,1,12,0,37,4,0,1,1,0,0,0,0,mixto,7,10,7,10.985714285714286,8,11,8,12.3,0,94.8,1,1,10.8,1.4,1.74,Activo,0,50.0,0,0.0,10.813235394051445,0,1
2023,5,Ing. Financiera y de Riesgos,4,4,1,1,15,0,42,4,0,0,0,0,0,0,0,ninguno,7,10,5,12.62,7,11,3,14.166666666666666,2,71.1,0,0,12.4,0.5,1.79,Abandono,1,62.5,1,1.0,12.51059070123972,1,0
2023,2,Lic. en Ciencia de Datos e Inteligencia de Negocios,5,8,6,1,1,0,20,1,0,0,1,0,1,0,0,ninguno,7,9,6,13.0,8,8,8,14.2125,1,65.3,0,0,13.9,-0.3,0.79,Abandono,1,25.0,1,0.0,12.689842289815322,0,0
2023,7,Ing. Comercial,1,12,1,1,1,1,34,2,0,0,0,0,0,0,0,ninguno,5,5,0,0.0,5,5,0,0.0,5,58.9,0,0,15.5,2.8,-4.06,Abandono,1,87.5,1,3.0,0.0,1,0
2024,3,Ing. Comercio Internacional,2,13,1,1,1,1,22,1,0,0,1,0,1,0,0,ninguno,5,0,0,0.0,5,0,0,0.0,5,84.2,1,1,10.8,1.4,1.74,Abandono,1,37.5,1,2.0,0.0,1,1
2024,8,Lic. en Administración de Empresas,3,12,2,1,12,1,39,2,0,0,1,0,0,0,0,ninguno,6,6,6,13.5,6,6,6,13.333333333333334,0,85.5,1,1,12.4,0.5,1.79,Activo,0,100.0,0,0.0,13.105876195752783,0,1
2025,3,Ing. Financiera y de Riesgos,4,1,1,1,1,1,18,1,0,1,1,0,1,0,1,credito,7,7,6,13.516666666666666,7,7,6,13.516666666666666,1,85.0,1,1,7.6,2.6,0.32,Activo,0,37.5,1,0.0,13.141601605427999,0,1
2024,6,Lic. en Ciencia de Datos e Inteligencia de Negocios,5,1,2,1,1,1,21,1,0,1,1,0,1,0,0,mixto,6,6,6,13.166666666666666,6,8,6,13.285714285714286,0,87.2,0,0,8.9,1.4,3.51,Activo,0,75.0,0,0.0,12.861387229254007,0,0
2024,2,Ing. Comercial,1,12,1,1,1,1,34,2,0,0,1,0,0,0,0,ninguno,6,0,0,0.0,6,0,0,0.0,6,84.3,0,0,10.8,1.4,1.74,Abandono,1,25.0,0,2.0,0.0,1,0
2023,5,Ing. Comercio Internacional,2,15,1,1,14,1,22,1,0,1,1,0,0,0,1,beca,6,8,6,13.125,6,10,6,13.0,0,75.0,0,0,16.2,0.3,-0.92,Activo,0,62.5,1,0.0,12.713792751519495,0,0
2025,8,Lic. en Administración de Empresas,3,12,1,1,1,1,31,1,0,0,1,0,0,0,1,ninguno,6,15,3,14.4,6,20,0,0.0,3,69.4,0,0,16.2,0.3,-0.92,Abandono,1,100.0,0,1.0,6.552544939273585,1,0
2025,5,Ing. Financiera y de Riesgos,4,9,3,1,1,1,19,1,0,0,0,0,1,0,0,ninguno,6,10,4,12.0,6,12,0,0.0,2,77.5,2,1,10.8,1.4,1.74,Abandono,1,62.5,1,0.0,5.369105170954597,1,1
2025,7,Lic. en Ciencia de Datos e Inteligencia de Negocios,5,8,5,1,1,1,19,1,0,0,1,0,0,0,0,ninguno,5,5,0,0.0,5,10,0,0.0,5,80.8,0,0,10.8,1.4,1.74,Abandono,1,87.5,0,3.0,0.0,1,0
2023,2,Ing. Comercial,1,12,1,1,12,1,31,1,0,0,1,0,0,0,0,ninguno,7,7,0,0.0,7,7,0,0.0,7,80.1,0,0,15.5,2.8,-4.06,Abandono,1,25.0,0,3.0,0.0,1,0
2025,5,Ing. Comercio Internacional,2,3,1,1,1,0,19,1,0,0,1,0,1,0,1,ninguno,5,15,3,10.8,5,6,3,10.5,2,83.5,0,0,13.9,-0.3,0.79,Activo,0,62.5,0,1.0,10.230696758684003,1,0
2025,2,Lic. en Administración de Empresas,3,12,2,1,1,0,30,2,1,0,1,0,0,0,0,ninguno,6,0,0,0.0,6,0,0,0.0,6,76.2,0,0,9.4,-0.8,-3.12,Abandono,1,25.0,0,3.0,0.0,1,0
2023,6,Ing. Financiera y de Riesgos,4,16,1,1,1,0,20,1,0,1,1,0,1,0,0,mixto,7,7,7,16.13142857142857,8,9,8,15.52222222222222,0,72.3,0,0,11.1,0.6,2.02,Activo,0,75.0,1,0.0,14.984905346809345,0,0
2024,4,Lic. en Ciencia de Datos e Inteligencia de Negocios,5,8,1,1,1,0,18,1,0,1,1,0,1,0,0,credito,7,7,7,14.838571428571427,8,9,8,14.8,0,86.2,1,1,12.4,0.5,1.79,Activo,0,50.0,0,0.0,14.497990094210415,0,1
2025,1,Ing. Comercial,1,12,1,0,1,0,31,4,0,0,1,0,0,0,1,ninguno,5,7,3,10.333333333333334,5,6,3,12.0,2,74.7,0,0,10.8,1.4,1.74,Abandono,1,12.5,1,0.0,10.39560138649421,1,0
2023,1,Ing. Comercio Internacional,2,8,1,1,1,0,19,1,0,0,1,0,1,0,1,ninguno,6,11,3,12.0,6,11,4,11.25,3,88.0,0,0,7.6,2.6,0.32,Abandono,1,12.5,1,2.0,10.753521591546901,1,0
2024,2,Lic. en Administración de Empresas,3,12,1,0,1,0,43,4,0,1,1,0,0,0,1,credito,6,6,0,0.0,5,5,0,0.0,6,53.4,2,1,8.9,1.4,3.51,Abandono,1,25.0,1,2.0,0.0,1,1
2023,3,Ing. Financiera y de Riesgos,4,8,2,1,1,0,20,1,0,1,1,0,1,0,0,beca,6,6,6,13.166666666666666,6,6,6,14.0,0,80.5,0,0,13.9,-0.3,0.79,Activo,0,37.5,1,0.0,12.669925684989293,0,0
2023,3,Lic. en Ciencia de Datos e Inteligencia de Negocios,5,1,2,1,1,0,19,1,0,1,1,0,1,0,0,beca,8,8,8,13.9475,8,8,8,13.9475,0,74.0,1,1,9.4,-0.8,-3.12,Activo,0,37.5,0,0.0,13.42393111821642,0,1
2024,1,Ing. Comercial,1,1,1,1,1,0,22,1,0,0,1,0,0,0,0,ninguno,5,6,3,11.333333333333334,5,5,0,0.0,2,72.9,1,1,9.4,-0.8,-3.12,Abandono,1,12.5,1,1.0,4.9562117677406,1,1
2024,4,Ing. Comercio Internacional,2,1,1,0,1,0,26,1,0,0,1,0,0,0,1,ninguno,8,11,7,12.75,7,7,7,12.285714285714286,1,66.9,1,1,16.2,0.3,-0.92,Activo,0,50.0,0,0.0,12.163751697651817,0,1
2025,1,Lic. en Administración de Empresas,3,9,1,1,1,0,19,1,0,1,1,0,1,0,0,beca,5,6,5,12.6,5,8,5,11.25,0,81.7,2,1,10.8,1.4,1.74,Activo,0,12.5,0,0.0,11.444490997516395,0,1
2023,1,Ing. Financiera y de Riesgos,4,4,1,1,3,0,29,1,0,0,1,0,1,0,0,ninguno,8,8,6,12.25,8,8,6,12.25,2,68.3,2,1,12.7,3.7,-1.7,Abandono,1,12.5,1,1.0,11.884044334876744,1,1
2024,6,Lic. en Ciencia de Datos e Inteligencia de Negocios,5,6,1,1,1,0,20,1,1,0,1,0,0,0,0,ninguno,7,14,0,0.0,7,12,2,11.666666666666666,7,75.7,0,0,8.9,1.4,3.51,Activo,0,75.0,0,4.0,5.312702230225558,1,0
2023,7,Ing. Comercial,1,1,1,0,1,0,38,4,0,1,1,0,0,0,1,beca,5,8,5,11.0,5,7,5,11.4,0,85.0,1,1,9.4,-0.8,-3.12,Activo,0,87.5,0,0.0,10.28736895057889,0,1
2024,1,Ing. Comercio Internacional,2,12,1,1,1,0,41,1,0,0,1,0,0,0,0,ninguno,12,17,12,11.833333333333334,12,22,9,12.7,0,69.8,1,1,15.5,2.8,-4.06,Activo,0,12.5,0,0.0,11.72364987889466,0,1
2024,6,Lic. en Administración de Empresas,3,1,6,1,1,0,19,1,0,0,1,0,1,0,0,ninguno,8,10,6,13.066666666666668,8,10,6,13.066666666666668,2,82.4,1,1,12.7,3.7,-1.7,Abandono,1,75.0,0,1.0,12.37333799456567,1,1
2025,4,Ing. Financiera y de Riesgos,4,1,1,1,1,0,19,1,0,0,1,1,0,0,1,ninguno,6,6,6,13.833333333333334,6,8,6,13.875,0,90.5,2,1,10.8,1.4,1.74,Activo,0,50.0,0,0.0,13.250800072986209,0,1
2025,5,Lic. en Ciencia de Datos e Inteligencia de Negocios,5,4,1,1,3,0,43,4,0,0,1,0,0,0,1,ninguno,7,7,3,13.833333333333334,7,7,0,0.0,4,79.9,0,0,16.2,0.3,-0.92,Abandono,1,62.5,0,2.0,6.295425099657552,1,0
2023,2,Ing. Comercial,1,8,1,1,1,0,19,1,0,0,1,0,1,0,0,ninguno,5,5,5,11.8,5,5,5,13.2,0,93.1,1,1,10.8,1.4,1.74,Activo,0,25.0,0,0.0,11.52129956371441,0,1
2024,1,Ing. Comercio Internacional,2,1,1,1,1,1,19,1,0,1,1,0,1,0,0,beca,12,12,12,13.333333333333334,11,15,10,12.818181818181818,0,75.0,0,0,8.9,1.4,3.51,Activo,0,12.5,0,0.0,12.568449447972876,0,0
2023,4,Lic. en Administración de Empresas,3,1,6,1,1,1,18,1,0,0,1,0,1,0,1,ninguno,8,8,8,13.74625,8,8,8,13.74625,0,97.9,0,0,9.4,-0.8,-3.12,Activo,0,50.0,1,0.0,13.00712287133378,0,0
2023,6,Ing. Financiera y de Riesgos,4,1,1,1,1,1,19,1,0,0,1,0,1,0,0,ninguno,0,0,0,0.0,0,0,0,0.0,0,69.7,2,1,16.2,0.3,-0.92,Abandono,1,75.0,0,0.0,0.0,0,1
2023,1,Lic. en Ciencia de Datos e Inteligencia de Negocios,5,12,1,0,12,1,38,2,0,0,1,0,0,0,1,ninguno,6,0,0,0.0,6,0,0,0.0,6,72.8,2,1,9.4,-0.8,-3.12,Abandono,1,12.5,0,3.0,0.0,1,1
2024,1,Ing. Comercial,1,4,1,1,2,1,37,2,0,0,1,0,1,0,0,ninguno,6,9,0,0.0,6,6,0,0.0,6,65.0,2,1,16.2,0.3,-0.92,Abandono,1,12.5,0,4.0,0.0,1,1
2025,2,Ing. Comercio Internacional,2,12,1,1,1,0,26,1,0,1,1,0,1,0,0,mixto,6,6,6,13.333333333333334,6,10,5,14.5,0,81.5,0,0,10.8,1.4,1.74,Activo,0,25.0,0,0.0,13.047326336335091,0,0
2023,3,Lic. en Administración de Empresas,3,8,1,1,1,0,21,1,0,1,1,0,1,0,0,beca,6,8,1,10.0,6,13,5,11.4,5,66.4,2,1,12.7,3.7,-1.7,Activo,0,37.5,0,3.0,10.330872921922818,1,1
2024,8,Ing. Financiera y de Riesgos,4,1,3,1,1,0,18,1,0,1,1,0,1,0,1,beca,6,7,6,15.666666666666666,6,8,6,15.285714285714286,0,73.0,3,1,8.9,1.4,3.51,Activo,0,100.0,0,0.0,15.12747618301306,0,1
2025,7,Lic. en Ciencia de Datos e Inteligencia de Negocios,5,1,1,1,1,0,18,1,0,0,1,0,0,0,1,ninguno,7,9,7,11.857142857142858,7,7,7,11.857142857142858,0,87.4,1,1,16.2,0.3,-0.92,Activo,0,87.5,0,0.0,11.449600792867571,0,1
2025,5,Ing. Comercial,1,1,1,1,1,0,18,1,0,0,1,0,0,0,0,ninguno,5,12,5,14.5,5,5,5,13.6,0,82.9,1,1,9.4,-0.8,-3.12,Activo,0,62.5,0,0.0,13.214919922027487,0,1
2024,7,Ing. Comercio Internacional,2,8,1,1,1,0,19,1,0,0,1,0,0,0,0,ninguno,6,6,6,12.166666666666666,6,7,6,13.714285714285714,0,79.7,0,0,15.5,2.8,-4.06,Activo,0,87.5,0,0.0,12.133679421574874,0,0
2025,2,Lic. en Administración de Empresas,3,1,1,1,1,0,18,1,0,0,1,0,1,0,0,ninguno,6,6,5,12.6,6,8,6,12.0,1,89.3,0,0,11.1,0.6,2.02,Activo,0,25.0,0,0.0,11.604487561765723,0,0
2024,2,Ing. Financiera y de Riesgos,4,8,2,1,1,0,18,1,0,0,1,0,1,0,1,ninguno,8,12,7,12.285714285714286,8,12,7,12.285714285714286,1,85.6,2,1,12.7,3.7,-1.7,Activo,0,25.0,0,0.0,11.657955802849443,0,1
2024,7,Lic. en Ciencia de Datos e Inteligencia de Negocios,5,8,1,1,1,0,19,1,0,1,1,1,0,0,0,credito,6,6,6,12.666666666666666,6,7,6,13.0,0,81.7,0,0,8.9,1.4,3.51,Activo,0,87.5,1,0.0,11.911505263041496,0,0
2025,2,Ing. Comercial,1,1,1,1,1,0,19,1,0,0,1,0,0,0,0,ninguno,7,0,0,0.0,8,0,0,0.0,7,75.6,3,1,16.2,0.3,-0.92,Abandono,1,25.0,0,3.0,0.0,1,1
2024,7,Ing. Comercio Internacional,2,1,1,1,1,0,18,1,0,1,1,0,1,0,0,beca,6,7,6,12.857142857142858,6,10,4,13.0,0,97.4,0,0,12.7,3.7,-1.7,Activo,0,87.5,1,0.0,12.060211852660165,0,0
2024,2,Lic. en Administración de Empresas,3,1,1,1,1,0,18,2,0,0,1,0,0,0,1,ninguno,8,8,7,13.9,8,8,7,13.9,1,78.5,0,0,12.7,3.7,-1.7,Activo,0,25.0,0,0.0,13.030716389054543,0,0
2023,2,Ing. Financiera y de Riesgos,4,1,1,1,1,0,20,1,0,1,1,0,1,0,0,beca,8,8,7,13.817142857142857,8,8,7,13.817142857142857,1,73.7,2,1,10.8,1.4,1.74,Activo,0,25.0,1,0.0,13.067240848820965,0,1
2025,5,Lic. en Ciencia de Datos e Inteligencia de Negocios,5,17,1,1,16,0,22,1,0,1,1,0,0,0,0,credito,7,10,6,13.314285714285717,8,10,7,12.875,1,89.2,0,0,8.9,1.4,3.51,Activo,0,62.5,0,0.0,12.474032620121696,0,0
2023,1,Ing. Comercial,1,1,1,1,1,0,18,1,0,0,1,0,0,0,1,ninguno,6,0,0,0.0,6,0,0,0.0,6,89.2,1,1,7.6,2.6,0.32,Abandono,1,12.5,0,3.0,0.0,1,1
2024,6,Ing. Comercio Internacional,2,8,4,1,1,0,19,1,0,1,1,0,1,0,1,beca,6,6,6,12.166666666666666,6,6,6,12.166666666666666,0,72.4,1,1,12.4,0.5,1.79,Activo,0,75.0,0,0.0,11.218461474344391,0,1
2024,5,Lic. en Administración de Empresas,3,1,1,1,1,0,20,1,0,1,0,0,1,0,1,beca,6,12,4,11.25,6,12,3,11.333333333333334,2,69.7,1,1,7.6,2.6,0.32,Abandono,1,62.5,1,1.0,10.975002436385827,1,1
2023,1,Ing. Financiera y de Riesgos,4,14,1,1,1,0,19,1,0,0,1,0,0,0,0,ninguno,6,6,5,12.4,6,8,6,12.75,1,83.8,1,1,10.8,1.4,1.74,Activo,0,12.5,0,0.0,12.238911588713624,0,1
2024,1,Lic. en Ciencia de Datos e Inteligencia de Negocios,5,1,2,1,1,0,20,1,0,1,1,0,1,1,0,beca,6,6,6,14.666666666666666,6,7,6,14.571428571428571,0,78.5,1,1,8.9,1.4,3.51,Activo,0,12.5,1,0.0,13.647927311211713,0,1
2025,1,Ing. Comercial,1,12,1,1,1,0,28,1,0,0,1,0,0,0,0,ninguno,6,15,4,12.0,6,14,4,12.0,2,80.7,1,1,11.1,0.6,2.02,Abandono,1,12.5,0,1.0,11.505987570309063,1,1
2023,5,Ing. Comercio Internacional,2,1,2,1,1,0,19,1,0,0,1,0,0,0,0,ninguno,6,8,6,14.0,6,18,3,12.666666666666666,0,90.5,0,0,12.4,0.5,1.79,Activo,0,62.5,0,0.0,12.421974725578739,0,0
2025,1,Lic. en Administración de Empresas,3,13,1,1,14,0,22,1,0,0,1,0,0,0,0,ninguno,6,10,6,12.571428571428571,6,12,4,13.666666666666666,0,86.8,0,0,15.5,2.8,-4.06,Activo,0,12.5,0,0.0,12.546891035774637,0,0
2025,1,Ing. Financiera y de Riesgos,4,1,1,1,1,0,19,1,0,0,1,0,1,0,0,ninguno,6,14,6,15.538461538461538,6,9,6,12.625,0,63.4,0,0,15.5,2.8,-4.06,Activo,0,12.5,1,0.0,13.698360728904222,1,0
2025,1,Lic. en Ciencia de Datos e Inteligencia de Negocios,5,1,3,1,1,0,18,1,0,0,0,0,1,0,0,ninguno,6,0,0,0.0,6,0,0,0.0,6,76.5,0,0,13.9,-0.3,0.79,Abandono,1,12.5,1,1.0,0.0,1,0
2025,1,Ing. Comercial,1,3,1,1,1,0,18,1,0,0,1,0,1,0,0,ninguno,6,6,6,15.0,6,6,6,14.833333333333334,0,79.5,0,0,8.9,1.4,3.51,Activo,0,12.5,0,0.0,14.507111137310348,0,0
2025,1,Ing. Comercio Internacional,2,14,1,1,1,0,22,1,0,0,1,0,1,0,0,ninguno,5,11,4,12.25,5,9,5,13.285714285714286,1,67.5,2,1,12.7,3.7,-1.7,Activo,0,12.5,1,0.0,12.292931906449986,0,1
2024,1,Lic. en Administración de Empresas,3,17,1,1,16,0,20,1,0,0,1,0,0,0,0,ninguno,11,13,11,15.692307692307692,9,9,9,15.555555555555555,0,72.7,1,1,8.9,1.4,3.51,Activo,0,12.5,0,0.0,14.981968776180045,0,1
2025,6,Ing. Financiera y de Riesgos,4,12,1,0,1,0,24,1,0,1,1,0,0,0,1,mixto,5,7,5,12.285714285714286,5,9,5,12.75,0,74.4,0,0,16.2,0.3,-0.92,Activo,0,75.0,0,0.0,11.726808612461094,0,0
2024,4,Lic. en Ciencia de Datos e Inteligencia de Negocios,5,8,1,1,1,0,22,1,0,0,1,1,1,0,0,ninguno,17,19,12,11.833333333333334,17,22,11,11.25,5,80.2,3,1,11.1,0.6,2.02,Activo,0,50.0,1,2.0,10.551187663126958,1,1
2024,3,Ing. Comercial,1,14,1,0,1,0,20,1,0,0,1,0,0,0,1,ninguno,6,6,6,12.166666666666666,6,7,5,14.0,0,69.5,0,0,12.7,3.7,-1.7,Activo,0,37.5,0,0.0,12.474278613030913,0,0
2024,6,Ing. Comercio Internacional,2,1,1,1,1,0,20,1,0,1,1,0,1,0,1,beca,7,10,7,11.88888888888889,8,10,8,11.95625,0,64.3,2,1,12.7,3.7,-1.7,Activo,0,75.0,0,0.0,11.259839984804268,1,1
2024,5,Lic. en Administración de Empresas,3,4,1,0,3,0,35,2,0,0,0,0,0,0,1,ninguno,6,0,0,0.0,6,0,0,0.0,6,78.5,0,0,10.8,1.4,1.74,Abandono,1,62.5,0,3.0,0.0,1,0
2024,3,Ing. Financiera y de Riesgos,4,1,1,1,1,0,18,1,0,1,1,0,0,0,0,mixto,5,6,5,11.8,5,5,5,12.6,0,94.4,0,0,9.4,-0.8,-3.12,Activo,0,37.5,1,0.0,11.522395951158444,0,0
2025,5,Lic. en Ciencia de Datos e Inteligencia de Negocios,5,8,2,1,1,0,19,1,0,0,1,0,1,0,0,ninguno,6,7,6,11.166666666666666,6,9,6,11.666666666666666,0,67.1,1,1,9.4,-0.8,-3.12,Activo,0,62.5,0,0.0,10.754248206693543,0,1
2025,2,Ing. Comercial,1,9,1,1,1,0,18,1,0,0,1,0,0,0,0,ninguno,7,7,7,14.05714285714286,8,9,8,14.6,0,80.0,0,0,16.2,0.3,-0.92,Activo,0,25.0,0,0.0,14.022429100028086,0,0
2025,1,Ing. Comercio Internacional,2,1,2,1,1,0,18,1,0,0,1,0,1,0,0,ninguno,6,10,4,11.75,6,13,4,10.0,2,84.5,1,1,7.6,2.6,0.32,Abandono,1,12.5,0,1.0,10.573792624523112,1,1
2023,2,Lic. en Administración de Empresas,3,12,1,1,12,0,31,2,0,0,1,0,0,0,0,ninguno,6,6,6,13.166666666666666,6,8,6,13.0,0,80.0,1,1,9.4,-0.8,-3.12,Activo,0,25.0,1,0.0,12.714966910645046,0,1
2025,2,Ing. Financiera y de Riesgos,4,8,1,1,1,0,19,1,0,1,1,0,0,0,0,beca,6,7,6,13.5,6,7,6,14.0,0,75.7,2,1,15.5,2.8,-4.06,Activo,0,25.0,1,0.0,13.378910377599574,0,1
2023,5,Lic. en Ciencia de Datos e Inteligencia de Negocios,5,9,1,1,1,0,20,1,0,1,1,0,1,0,0,mixto,7,10,7,12.625,8,8,8,13.0625,0,90.5,0,0,15.5,2.8,-4.06,Activo,0,62.5,0,0.0,12.050322163731643,0,0
2024,1,Ing. Comercial,1,8,3,1,1,0,21,1,0,0,1,0,0,0,0,ninguno,6,0,0,0.0,6,0,0,0.0,6,78.1,1,1,15.5,2.8,-4.06,Abandono,1,12.5,1,4.0,0.0,1,1
2023,7,Ing. Comercio Internacional,2,1,3,1,1,0,18,1,0,1,1,0,1,0,1,beca,8,8,7,13.971428571428572,8,8,7,13.971428571428572,1,72.3,1,1,12.7,3.7,-1.7,Activo,0,87.5,0,0.0,13.045128698099642,0,1
2024,6,Lic. en Administración de Empresas,3,1,5,1,1,0,18,1,0,0,1,0,1,0,0,ninguno,6,7,2,11.0,6,0,0,0.0,4,75.0,1,1,9.4,-0.8,-3.12,Abandono,1,75.0,1,1.0,4.549975569296087,1,1
2025,5,Ing. Financiera y de Riesgos,4,12,1,0,1,0,33,2,0,0,1,0,0,0,1,ninguno,5,5,5,12.8,5,6,5,15.333333333333334,0,95.8,1,1,10.8,1.4,1.74,Activo,0,62.5,0,0.0,13.083541330139537,0,1
2023,8,Lic. en Ciencia de Datos e Inteligencia de Negocios,5,1,2,1,1,0,18,1,0,1,1,0,1,0,1,beca,6,8,6,13.571428571428571,6,6,5,12.8,0,71.3,2,1,12.4,0.5,1.79,Activo,0,100.0,0,0.0,12.228357372293372,0,1
2023,7,Ing. Comercial,1,1,1,1,1,0,18,1,0,1,0,0,1,0,0,credito,0,0,0,0.0,0,0,0,0.0,0,89.5,2,1,12.7,3.7,-1.7,Abandono,1,87.5,0,0.0,0.0,0,1
2024,6,Ing. Comercio Internacional,2,1,1,1,1,0,21,1,0,0,1,1,0,0,1,ninguno,5,9,2,11.5,5,13,4,11.0,3,90.0,2,1,10.8,1.4,1.74,Activo,0,75.0,0,2.0,10.59315620870754,1,1
2023,7,Lic. en Administración de Empresas,3,8,3,1,1,0,19,1,0,0,1,0,1,0,0,ninguno,6,8,4,11.25,6,8,4,12.0,2,70.7,0,0,10.8,1.4,1.74,Activo,0,87.5,0,1.0,11.20218152086214,1,0
2024,3,Ing. Financiera y de Riesgos,4,4,1,0,3,0,28,1,0,0,1,0,0,0,0,ninguno,5,7,5,13.714285714285714,5,7,5,13.142857142857142,0,77.9,0,0,16.2,0.3,-0.92,Activo,0,37.5,0,0.0,12.564224669950724,0,0
2024,7,Lic. en Ciencia de Datos e Inteligencia de Negocios,5,12,1,1,1,0,29,2,0,0,0,0,0,0,1,ninguno,4,4,0,0.0,5,0,0,0.0,4,92.3,2,1,12.7,3.7,-1.7,Abandono,1,87.5,1,2.0,0.0,1,1
2023,3,Ing. Comercial,1,15,1,1,14,0,36,1,0,0,0,1,1,0,0,ninguno,6,9,6,12.0,6,8,3,14.666666666666666,0,85.7,0,0,12.4,0.5,1.79,Abandono,1,37.5,0,0.0,12.437431145825071,0,0
2025,7,Ing. Comercio Internacional,2,12,1,0,12,0,32,1,0,1,1,0,0,0,1,credito,6,7,6,12.666666666666666,6,7,6,13.333333333333334,0,96.1,2,1,12.7,3.7,-1.7,Activo,0,87.5,0,0.0,12.396643135912216,0,1
2024,2,Lic. en Administración de Empresas,3,12,1,1,1,0,25,1,0,1,1,0,1,0,0,beca,8,11,7,13.29,8,11,7,13.29,1,90.2,0,0,9.4,-0.8,-3.12,Activo,0,25.0,0,0.0,12.458928280719253,0,0
2023,1,Ing. Financiera y de Riesgos,4,14,1,0,1,0,33,2,0,0,1,0,0,0,1,ninguno,10,15,8,10.375,10,13,9,10.444444444444445,2,63.2,1,1,7.6,2.6,0.32,Activo,0,12.5,0,1.0,10.041416803518834,1,1
2025,4,Lic. en Ciencia de Datos e Inteligencia de Negocios,5,14,1,0,10,0,34,2,0,0,0,0,0,0,0,ninguno,7,13,3,12.0,7,15,1,13.0,4,100.0,1,1,9.4,-0.8,-3.12,Abandono,1,50.0,1,2.0,12.171828660566524,1,1
2025,2,Ing. Comercial,1,12,1,0,1,0,33,2,0,0,1,0,0,0,0,ninguno,6,10,5,11.4,6,7,6,11.166666666666666,1,85.4,1,1,7.6,2.6,0.32,Activo,0,25.0,1,0.0,10.4560678433172,0,1
2024,2,Ing. Comercio Internacional,2,14,1,0,1,0,29,1,0,0,0,1,0,0,0,ninguno,5,15,2,13.25,5,12,3,12.6,3,67.6,0,0,16.2,0.3,-0.92,Abandono,1,25.0,0,1.0,12.327251307969922,1,0
2023,8,Lic. en Administración de Empresas,3,1,1,1,1,0,18,1,0,0,1,0,0,0,0,ninguno,7,7,6,13.861666666666666,8,16,0,0.0,1,64.9,0,0,12.4,0.5,1.79,Abandono,1,100.0,0,1.0,5.933948848015635,1,0
2023,5,Ing. Financiera y de Riesgos,4,1,1,1,1,0,18,1,0,1,1,0,0,0,1,mixto,6,6,6,12.166666666666666,6,7,6,12.142857142857142,0,76.1,1,1,15.5,2.8,-4.06,Activo,0,62.5,0,0.0,11.786683953663033,0,1
2024,7,Lic. en Ciencia de Datos e Inteligencia de Negocios,5,4,1,1,3,0,38,2,0,0,1,0,0,0,1,ninguno,6,17,4,13.75,6,15,6,14.5,2,81.9,0,0,16.2,0.3,-0.92,Activo,0,87.5,0,1.0,13.226060622925337,1,0
2025,4,Ing. Comercial,1,1,4,1,1,0,19,1,0,1,1,0,1,0,0,beca,7,7,6,15.433333333333332,7,7,6,15.433333333333332,1,95.4,0,0,7.6,2.6,0.32,Activo,0,50.0,2,1.0,14.797345187463037,0,0
2024,3,Ing. Comercio Internacional,2,12,1,0,12,0,39,4,0,1,1,0,0,0,0,beca,6,6,6,13.833333333333334,6,6,6,15.5,0,100.0,2,1,11.1,0.6,2.02,Activo,0,37.5,0,0.0,13.787661529813954,0,1
2025,3,Lic. en Administración de Empresas,3,14,1,0,3,0,37,1,0,0,1,0,0,0,0,ninguno,14,21,12,11.833333333333334,12,15,11,11.363636363636363,2,89.5,2,1,12.7,3.7,-1.7,Activo,0,37.5,2,1.0,10.726495750965746,1,1
2023,1,Ing. Financiera y de Riesgos,4,8,2,1,1,0,32,1,0,0,1,0,1,0,0,ninguno,7,7,0,0.0,8,8,0,0.0,7,85.8,0,0,16.2,0.3,-0.92,Abandono,1,12.5,0,4.0,0.0,1,0
2024,4,Lic. en Ciencia de Datos e Inteligencia de Negocios,5,9,1,1,1,0,18,1,0,0,1,0,0,0,0,ninguno,1,1,0,0.0,6,0,0,0.0,1,93.9,2,1,10.8,1.4,1.74,Abandono,1,50.0,0,0.0,0.0,0,1
2025,2,Ing. Comercial,1,14,1,1,1,0,20,1,0,0,1,0,1,1,0,ninguno,7,9,7,12.333333333333334,8,8,8,12.625,0,65.1,1,1,12.7,3.7,-1.7,Activo,0,25.0,1,0.0,11.514307119243266,0,1
2023,8,Ing. Comercio Internacional,2,1,5,1,1,0,20,1,0,0,1,0,1,0,1,ninguno,6,6,6,11.166666666666666,6,6,6,12.166666666666666,0,87.3,1,1,7.6,2.6,0.32,Activo,0,100.0,0,0.0,11.260499794416331,0,1
2025,4,Lic. en Administración de Empresas,3,8,1,1,1,0,23,1,0,1,1,0,1,0,0,credito,6,6,6,14.666666666666666,6,8,6,12.428571428571429,0,81.5,2,1,8.9,1.4,3.51,Activo,0,50.0,0,0.0,13.190240903303604,0,1
2025,6,Ing. Financiera y de Riesgos,4,1,2,1,1,0,19,1,0,0,1,0,1,0,0,ninguno,5,5,5,11.2,5,11,4,11.75,0,85.0,0,0,10.8,1.4,1.74,Activo,0,75.0,0,0.0,10.872869137839356,0,0
2025,4,Lic. en Ciencia de Datos e Inteligencia de Negocios,5,1,1,1,1,0,18,1,0,0,1,0,0,0,0,ninguno,6,9,6,13.714285714285714,6,6,6,14.166666666666666,0,73.7,0,0,13.9,-0.3,0.79,Activo,0,50.0,0,0.0,13.0606501124269,0,0
2024,1,Ing. Comercial,1,1,1,1,1,1,19,1,0,0,1,0,1,0,1,ninguno,5,5,5,12.8,5,10,5,11.444444444444445,0,78.9,2,1,10.8,1.4,1.74,Activo,0,12.5,1,0.0,11.490827430778811,0,1
2025,2,Ing. Comercio Internacional,2,8,4,1,1,0,20,1,0,0,1,0,1,0,0,ninguno,6,9,4,13.25,6,11,5,11.8,2,88.4,0,0,12.4,0.5,1.79,Activo,0,25.0,0,1.0,11.64449932572864,1,0
2025,4,Lic. en Administración de Empresas,3,1,6,1,1,0,19,1,0,0,1,0,1,0,0,ninguno,8,10,6,13.78,8,10,6,13.78,2,90.7,1,1,9.4,-0.8,-3.12,Abandono,1,50.0,0,1.0,12.969219235943985,1,1
2024,6,Ing. Financiera y de Riesgos,4,8,3,1,1,0,19,1,0,0,1,0,1,0,0,ninguno,8,8,7,15.11,8,8,7,15.11,1,66.6,0,0,10.8,1.4,1.74,Activo,0,75.0,0,1.0,14.663400129702746,0,0
2024,3,Lic. en Ciencia de Datos e Inteligencia de Negocios,5,1,2,1,1,0,18,1,0,0,1,0,0,0,1,ninguno,6,10,4,11.0,6,8,5,11.2,2,87.3,0,0,10.8,1.4,1.74,Activo,0,37.5,0,1.0,10.135782862570375,1,0
2023,3,Ing. Comercial,1,1,1,1,1,0,20,1,0,1,1,0,1,0,1,mixto,8,8,7,15.798571428571426,8,8,7,15.798571428571426,1,61.3,2,1,10.8,1.4,1.74,Activo,0,37.5,0,0.0,15.456024610530843,1,1
2023,8,Ing. Comercio Internacional,2,1,3,1,1,0,20,1,0,0,1,0,1,0,1,ninguno,7,7,7,13.775714285714288,8,8,8,15.599999999999998,0,75.8,1,1,12.4,0.5,1.79,Activo,0,100.0,0,0.0,13.759061347576488,0,1
2023,2,Lic. en Administración de Empresas,3,12,1,1,1,0,24,4,0,0,1,0,1,0,0,ninguno,8,11,7,12.16,8,11,7,12.16,1,72.5,2,1,10.8,1.4,1.74,Activo,0,25.0,0,0.0,11.646889585706738,0,1
2023,1,Ing. Financiera y de Riesgos,4,12,2,1,1,0,24,4,0,0,1,0,1,0,0,ninguno,7,0,0,0.0,7,0,0,0.0,7,79.2,0,0,10.8,1.4,1.74,Abandono,1,12.5,0,4.0,0.0,1,0
2025,2,Lic. en Ciencia de Datos e Inteligencia de Negocios,5,8,2,1,1,0,20,1,0,0,1,0,1,0,0,ninguno,6,6,6,14.333333333333334,6,6,6,15.5,0,99.3,0,0,12.4,0.5,1.79,Activo,0,25.0,0,0.0,14.321020355776154,0,0
2023,1,Ing. Comercial,1,1,3,1,1,0,20,1,0,0,1,0,1,0,1,ninguno,6,6,6,11.833333333333334,6,6,3,13.333333333333334,0,78.3,2,1,9.4,-0.8,-3.12,Activo,0,12.5,2,0.0,12.163049143491493,0,1
2024,4,Ing. Comercio Internacional,2,1,1,1,1,0,18,1,0,0,0,0,1,0,0,ninguno,6,7,6,14.833333333333334,6,8,6,12.5,0,97.5,3,1,8.9,1.4,3.51,Activo,0,50.0,0,0.0,13.115963860185483,0,1
2023,2,Lic. en Administración de Empresas,3,1,1,1,1,0,18,1,0,0,1,0,0,0,0,ninguno,8,8,7,14.2,8,8,7,14.2,1,74.8,0,0,12.7,3.7,-1.7,Activo,0,25.0,1,0.0,13.764945894595042,0,0
2025,2,Ing. Financiera y de Riesgos,4,1,1,1,1,0,21,1,0,0,1,0,1,0,0,ninguno,5,6,5,12.2,5,5,5,13.2,0,88.5,0,0,10.8,1.4,1.74,Activo,0,25.0,2,0.0,12.257279467177632,0,0
2025,2,Lic. en Ciencia de Datos e Inteligencia de Negocios,5,8,1,1,1,0,18,1,0,0,1,0,1,0,0,ninguno,6,10,4,13.0,6,9,5,13.666666666666666,2,82.7,1,1,9.4,-0.8,-3.12,Activo,0,25.0,0,0.0,12.902393548114865,1,1
2024,1,Ing. Comercial,1,8,5,1,1,0,19,1,0,1,1,0,1,0,0,beca,8,8,7,12.485714285714286,8,8,7,12.485714285714286,1,93.5,0,0,12.7,3.7,-1.7,Activo,0,12.5,1,0.0,11.84340211947167,0,0
2023,6,Ing. Comercio Internacional,2,4,1,1,15,0,22,1,0,0,1,0,1,0,0,ninguno,6,7,6,17.0,6,7,6,16.285714285714285,0,85.7,1,1,11.1,0.6,2.02,Activo,0,75.0,0,0.0,15.784305185599221,0,1
2023,3,Lic. en Administración de Empresas,3,8,3,1,1,0,19,1,0,0,1,0,1,0,0,ninguno,6,7,5,10.8,6,9,6,10.166666666666666,1,72.8,0,0,8.9,1.4,3.51,Activo,0,37.5,0,0.0,9.785054309700465,0,0
2025,8,Ing. Financiera y de Riesgos,4,1,3,1,1,0,18,1,1,0,1,0,1,0,0,ninguno,7,7,6,14.716666666666669,7,7,6,14.716666666666669,1,81.4,0,0,7.6,2.6,0.32,Activo,0,100.0,0,0.0,13.79142205468108,0,0
2024,8,Lic. en Ciencia de Datos e Inteligencia de Negocios,5,1,1,1,1,0,19,1,0,1,1,0,1,0,0,beca,5,10,2,13.5,5,11,5,11.4,3,85.3,2,1,10.8,1.4,1.74,Activo,0,100.0,0,1.0,11.704418857996293,1,1
2023,8,Ing. Comercial,1,14,1,1,1,0,24,1,0,1,1,0,1,0,1,beca,8,8,7,11.971428571428572,8,8,7,11.971428571428572,1,65.6,1,1,12.7,3.7,-1.7,Activo,0,100.0,0,0.0,11.188890490485749,0,1
2024,3,Ing. Comercio Internacional,2,1,3,1,1,0,19,1,0,0,1,0,0,0,0,ninguno,5,7,3,12.0,5,7,4,13.5,2,86.8,1,1,7.6,2.6,0.32,Activo,0,37.5,1,1.0,11.982674939191098,1,1
2024,4,Lic. en Administración de Empresas,3,1,1,0,1,0,34,1,0,0,1,0,0,0,1,ninguno,6,7,6,12.333333333333334,6,6,6,11.666666666666666,0,70.1,0,0,10.8,1.4,1.74,Activo,0,50.0,0,0.0,11.385378564771381,0,0
2024,2,Ing. Financiera y de Riesgos,4,8,5,1,1,0,19,1,0,0,1,0,1,0,0,ninguno,12,22,6,15.307692307692308,10,13,6,13.875,6,59.6,0,0,15.5,2.8,-4.06,Activo,0,25.0,0,2.0,13.808808978306095,1,0
2024,3,Lic. en Ciencia de Datos e Inteligencia de Negocios,5,1,1,1,1,0,18,1,0,1,1,0,1,0,0,beca,7,7,6,12.666666666666666,7,7,6,12.666666666666666,1,75.9,0,0,7.6,2.6,0.32,Activo,0,37.5,0,1.0,12.317871244138393,0,0
2023,2,Ing. Comercial,1,1,5,1,1,0,19,1,0,1,1,0,1,0,1,credito,7,10,7,14.368,8,8,8,14.44875,0,84.4,1,1,15.5,2.8,-4.06,Activo,0,25.0,0,0.0,13.506478969659035,0,1
2023,2,Ing. Comercio Internacional,2,12,1,1,1,0,25,1,0,0,1,0,0,0,0,ninguno,8,8,7,12.084285714285716,8,8,7,12.084285714285716,1,90.2,0,0,10.8,1.4,1.74,Activo,0,25.0,2,0.0,11.239817213874975,0,0
2024,1,Lic. en Administración de Empresas,3,15,1,1,14,0,21,1,0,0,1,0,1,0,0,ninguno,12,18,8,12.25,12,27,8,12.2,4,87.3,2,1,12.4,0.5,1.79,Activo,0,12.5,0,1.0,11.753339029237825,1,1
2025,3,Ing. Financiera y de Riesgos,4,1,1,1,1,0,18,1,0,0,1,0,0,0,0,ninguno,6,10,5,12.2,6,10,5,11.6,1,82.5,0,0,16.2,0.3,-0.92,Activo,0,37.5,0,0.0,11.06237728202214,0,0
2024,6,Lic. en Ciencia de Datos e Inteligencia de Negocios,5,1,1,1,1,0,18,1,0,1,1,0,0,0,0,beca,6,12,4,11.0,6,9,6,11.5,2,77.0,1,1,9.4,-0.8,-3.12,Activo,0,75.0,0,1.0,10.941150179019987,1,1
2025,2,Ing. Comercial,1,1,1,0,1,0,28,1,0,0,1,0,1,0,1,ninguno,6,8,5,12.8,6,8,5,11.0,1,93.8,0,0,9.4,-0.8,-3.12,Activo,0,25.0,0,1.0,11.447927399263385,0,0
2025,7,Ing. Comercio Internacional,2,14,1,1,1,0,18,5,0,1,1,0,0,0,0,credito,8,8,7,11.857142857142858,8,8,7,11.857142857142858,1,69.0,0,0,12.7,3.7,-1.7,Activo,0,87.5,0,0.0,11.511546790073231,0,0
2025,1,Lic. en Administración de Empresas,3,12,1,1,1,0,41,2,0,0,1,0,0,0,0,ninguno,6,8,6,12.285714285714286,6,10,5,13.0,0,88.6,0,0,8.9,1.4,3.51,Activo,0,12.5,1,0.0,11.796698301224616,0,0
2023,7,Ing. Financiera y de Riesgos,4,8,2,1,1,0,18,1,0,0,1,0,0,0,0,ninguno,6,11,3,12.333333333333334,6,11,4,13.5,3,75.1,1,1,7.6,2.6,0.32,Abandono,1,87.5,0,1.0,12.087554760841797,1,1
2024,1,Lic. en Ciencia de Datos e Inteligencia de Negocios,5,8,1,1,1,0,21,1,0,1,1,0,0,0,1,beca,6,11,4,11.25,6,12,4,11.4,2,46.4,2,1,15.5,2.8,-4.06,Activo,0,12.5,1,1.0,10.455454783338718,1,1
2025,3,Ing. Comercial,1,4,1,1,15,0,41,4,0,0,1,1,0,0,0,ninguno,6,0,0,0.0,6,0,0,0.0,6,85.9,1,1,11.1,0.6,2.02,Abandono,1,37.5,0,2.0,0.0,1,1
2024,1,Ing. Comercio Internacional,2,4,1,1,3,0,32,1,0,0,1,0,1,0,0,ninguno,3,3,2,16.0,3,3,1,16.0,1,94.0,0,0,7.6,2.6,0.32,Abandono,1,12.5,0,0.0,15.349137091325115,0,0
2024,5,Lic. en Administración de Empresas,3,14,1,0,9,0,29,1,0,0,1,0,0,0,1,ninguno,6,10,6,11.666666666666666,6,7,6,11.0,0,64.7,2,1,7.6,2.6,0.32,Activo,0,62.5,0,0.0,10.539947995071197,1,1
2025,2,Ing. Financiera y de Riesgos,4,12,1,1,1,0,24,1,0,0,1,0,0,0,1,ninguno,7,15,5,12.4,8,14,7,12.15,2,71.1,1,1,12.4,0.5,1.79,Activo,0,25.0,1,0.0,11.86621920988269,1,1
2024,6,Lic. en Ciencia de Datos e Inteligencia de Negocios,5,14,1,1,1,0,22,1,0,0,1,0,1,0,1,ninguno,7,14,6,10.744444444444444,8,10,8,11.8375,1,65.3,1,1,12.7,3.7,-1.7,Activo,0,75.0,1,0.0,10.536118712963386,0,1
2024,8,Ing. Comercial,1,1,1,1,1,0,21,1,0,0,1,0,0,0,1,ninguno,6,0,0,0.0,6,0,0,0.0,6,63.1,0,0,15.5,2.8,-4.06,Abandono,1,100.0,0,3.0,0.0,1,0
2023,8,Ing. Comercio Internacional,2,12,1,1,12,0,39,2,0,0,1,0,1,0,0,ninguno,7,12,4,12.0,7,13,4,12.5625,3,75.2,2,1,11.1,0.6,2.02,Abandono,1,100.0,1,1.0,11.854321900726982,1,1
2024,3,Lic. en Administración de Empresas,3,12,1,1,1,0,44,4,0,1,0,0,0,0,0,beca,6,12,4,12.75,6,15,2,10.0,2,56.0,2,1,8.9,1.4,3.51,Activo,0,37.5,0,1.0,10.74194222950378,1,1
2025,7,Ing. Financiera y de Riesgos,4,1,1,1,1,0,20,1,0,0,1,0,1,0,0,ninguno,5,9,2,10.0,5,10,2,11.0,3,73.3,1,1,7.6,2.6,0.32,Activo,0,87.5,0,1.0,9.742504393123228,1,1
2023,4,Lic. en Ciencia de Datos e Inteligencia de Negocios,5,14,3,1,1,0,21,1,0,0,1,0,0,0,1,ninguno,14,26,12,13.417391304347827,14,26,12,13.417391304347827,2,78.5,0,0,7.6,2.6,0.32,Activo,0,50.0,0,1.0,13.0152829154801,1,0
2025,2,Ing. Comercial,1,1,1,1,1,0,18,1,0,0,1,0,1,0,1,ninguno,6,6,6,15.166666666666666,6,7,6,14.857142857142858,0,88.3,0,0,7.6,2.6,0.32,Activo,0,25.0,0,0.0,14.582248430323107,0,0
2024,2,Ing. Comercio Internacional,2,12,1,1,1,0,34,1,0,0,1,1,0,0,1,ninguno,6,10,5,13.833333333333334,6,13,5,12.5,1,95.1,0,0,16.2,0.3,-0.92,Activo,0,25.0,0,0.0,12.723554209720703,0,0
2025,7,Lic. en Administración de Empresas,3,1,3,1,1,0,18,1,0,0,1,0,1,0,1,ninguno,5,6,5,13.333333333333334,5,7,4,14.8,0,70.0,0,0,7.6,2.6,0.32,Activo,0,87.5,0,0.0,13.599576103377382,0,0
2025,2,Ing. Financiera y de Riesgos,4,1,1,1,1,0,19,1,0,0,1,1,1,0,1,ninguno,0,0,0,0.0,0,0,0,0.0,0,79.5,0,0,12.7,3.7,-1.7,Activo,0,25.0,0,0.0,0.0,0,0
2024,3,Lic. en Ciencia de Datos e Inteligencia de Negocios,5,1,1,1,1,0,18,1,0,0,1,0,1,0,0,ninguno,6,11,3,11.666666666666666,6,11,3,10.666666666666666,3,49.1,2,1,9.4,-0.8,-3.12,Abandono,1,37.5,1,2.0,10.59006229071832,1,1
2025,1,Ing. Comercial,1,1,5,1,1,0,19,1,0,0,1,0,1,0,0,ninguno,6,12,5,15.0,6,9,6,13.428571428571429,1,97.3,1,1,16.2,0.3,-0.92,Activo,0,12.5,1,0.0,13.456632958700009,0,1
2023,7,Ing. Comercio Internacional,2,1,3,1,1,0,18,1,0,1,1,0,1,0,1,credito,8,8,7,13.242857142857144,8,8,7,13.242857142857144,1,66.5,0,0,12.7,3.7,-1.7,Activo,0,87.5,0,0.0,12.636234894663016,0,0
2025,6,Lic. en Administración de Empresas,3,1,5,1,1,0,19,1,0,0,1,0,1,0,0,ninguno,5,13,1,13.0,5,7,2,12.5,4,81.6,0,0,12.7,3.7,-1.7,Abandono,1,75.0,1,2.0,11.906818263875078,1,0
2024,7,Ing. Financiera y de Riesgos,4,1,2,1,1,0,19,1,0,1,1,0,1,0,0,beca,7,8,6,13.075,8,10,7,12.05,1,80.4,0,0,12.4,0.5,1.79,Activo,0,87.5,0,0.0,11.75901204583597,0,0
2024,4,Lic. en Ciencia de Datos e Inteligencia de Negocios,5,1,1,1,1,0,18,1,0,1,1,0,1,0,0,credito,6,6,6,13.5,6,9,6,13.666666666666666,0,94.5,0,0,10.8,1.4,1.74,Activo,0,50.0,0,0.0,13.19476449349898,0,0
2024,2,Ing. Comercial,1,15,1,0,14,0,23,1,0,1,1,0,1,0,1,credito,6,8,5,11.8,6,8,6,12.333333333333334,1,72.2,1,1,9.4,-0.8,-3.12,Activo,0,25.0,0,0.0,11.732477530342146,0,1
2025,1,Ing. Comercio Internacional,2,8,2,1,1,0,18,1,1,0,0,0,1,0,0,ninguno,6,7,5,12.6,6,6,5,11.8,1,79.0,1,1,11.1,0.6,2.02,Activo,0,12.5,0,0.0,11.285440905200275,0,1
2024,1,Lic. en Administración de Empresas,3,14,1,1,1,0,33,4,1,0,1,0,0,0,0,ninguno,6,6,6,12.166666666666666,6,9,3,11.0,0,68.6,3,1,7.6,2.6,0.32,Abandono,1,12.5,0,0.0,11.22745158673932,0,1
2025,1,Ing. Financiera y de Riesgos,4,8,2,1,1,0,19,1,0,0,1,0,1,0,0,ninguno,6,9,6,12.166666666666666,6,9,6,11.0,0,69.0,1,1,8.9,1.4,3.51,Activo,0,12.5,1,0.0,11.179495906829533,0,1
2025,8,Lic. en Ciencia de Datos e Inteligencia de Negocios,5,14,3,1,1,0,21,1,0,0,1,0,1,0,0,ninguno,0,0,0,0.0,0,0,0,0.0,0,87.4,1,1,9.4,-0.8,-3.12,Abandono,1,100.0,2,0.0,0.0,0,1
2023,8,Ing. Comercial,1,1,6,1,1,0,18,1,0,0,1,0,0,0,1,ninguno,7,7,7,13.557142857142855,8,9,8,13.2,0,74.7,2,1,12.4,0.5,1.79,Activo,0,100.0,0,0.0,12.638735972862369,0,1
2023,6,Ing. Comercio Internacional,2,9,1,0,1,0,21,1,0,1,1,0,0,0,0,credito,5,6,4,12.25,5,8,4,11.8,1,60.6,0,0,10.8,1.4,1.74,Activo,0,75.0,2,0.0,11.317340605789155,1,0
2024,3,Lic. en Administración de Empresas,3,8,2,1,1,0,19,1,0,0,1,0,1,0,1,ninguno,6,6,6,14.333333333333334,6,6,6,13.5,0,97.7,0,0,9.4,-0.8,-3.12,Activo,0,37.5,0,0.0,12.925834100161989,0,0
2024,4,Ing. Financiera y de Riesgos,4,1,2,1,1,0,20,1,0,0,1,0,1,0,0,ninguno,6,10,4,10.5,6,8,4,11.75,2,72.8,1,1,7.6,2.6,0.32,Activo,0,50.0,0,1.0,10.20414732257798,1,1
2024,3,Lic. en Ciencia de Datos e Inteligencia de Negocios,5,1,1,1,1,0,20,1,0,0,1,0,1,0,1,ninguno,4,8,0,0.0,4,8,0,0.0,4,72.8,0,0,7.6,2.6,0.32,Abandono,1,37.5,0,1.0,0.0,1,0
2023,5,Ing. Comercial,1,9,5,1,1,0,20,1,0,0,1,0,1,0,0,ninguno,6,10,4,12.75,6,14,3,11.333333333333334,2,70.0,2,1,10.8,1.4,1.74,Activo,0,62.5,0,1.0,11.481556578027893,1,1
2023,4,Ing. Comercio Internacional,2,1,1,1,1,0,18,1,0,1,1,0,1,0,0,beca,6,14,0,0.0,6,9,4,11.0,6,82.4,1,1,7.6,2.6,0.32,Activo,0,50.0,0,3.0,4.992203576004011,1,1
2025,2,Lic. en Administración de Empresas,3,14,2,1,1,0,18,1,0,0,1,0,1,0,1,ninguno,5,10,1,14.0,5,10,1,14.0,4,63.8,2,1,7.6,2.6,0.32,Activo,0,25.0,0,1.0,13.593315155973483,1,1
2023,3,Ing. Financiera y de Riesgos,4,1,2,1,1,0,20,1,0,1,1,0,1,0,0,beca,7,9,7,14.093333333333332,8,8,8,15.0,0,89.9,0,0,11.1,0.6,2.02,Activo,0,37.5,0,0.0,14.150008107045261,0,0
2023,7,Lic. en Ciencia de Datos e Inteligencia de Negocios,5,1,1,1,1,0,21,1,0,1,1,0,0,0,1,mixto,6,6,6,13.333333333333334,6,8,6,13.166666666666666,0,100.0,3,1,9.4,-0.8,-3.12,Activo,0,87.5,0,0.0,12.857401404393276,0,1
2025,2,Ing. Comercial,1,14,1,1,1,0,19,1,0,0,1,0,1,0,0,ninguno,8,12,7,12.071428571428571,8,12,7,12.071428571428571,1,92.2,0,0,12.7,3.7,-1.7,Activo,0,25.0,0,0.0,11.691548241397825,0,0
2025,5,Ing. Comercio Internacional,2,1,3,1,1,0,18,1,0,1,1,0,1,0,0,beca,6,6,6,12.666666666666666,6,6,6,12.5,0,84.7,0,0,12.4,0.5,1.79,Activo,0,62.5,0,0.0,12.114974903649456,0,0
2024,7,Lic. en Administración de Empresas,3,12,1,1,1,0,27,1,0,0,1,1,1,0,0,ninguno,6,11,6,12.125,6,16,5,12.0,0,83.6,0,0,12.4,0.5,1.79,Activo,0,87.5,0,0.0,11.547831958780819,0,0
2023,3,Ing. Financiera y de Riesgos,4,1,2,1,1,0,21,1,0,1,1,0,1,0,0,mixto,7,9,7,13.2,8,9,7,13.2575,0,72.6,2,1,15.5,2.8,-4.06,Activo,0,37.5,0,0.0,12.255644720272759,0,1
2024,2,Lic. en Ciencia de Datos e Inteligencia de Negocios,5,8,4,1,1,0,18,1,0,1,1,0,1,0,0,beca,7,8,7,14.15,8,8,8,14.51125,0,76.0,0,0,15.5,2.8,-4.06,Activo,0,25.0,0,0.0,13.625693724298682,0,0
2025,5,Ing. Comercial,1,8,1,1,1,0,18,1,0,0,1,1,1,0,0,ninguno,6,12,4,13.5,6,14,3,10.666666666666666,2,88.0,1,1,10.8,1.4,1.74,Activo,0,62.5,0,1.0,11.092016291174035,1,1
2025,8,Ing. Comercio Internacional,2,14,1,1,1,0,28,1,0,0,0,1,0,0,0,ninguno,6,0,0,0.0,5,10,0,0.0,6,74.4,1,1,10.8,1.4,1.74,Abandono,1,100.0,1,2.0,0.0,1,1
2023,2,Lic. en Administración de Empresas,3,12,1,1,1,0,36,1,0,0,1,0,0,0,1,ninguno,7,13,5,12.2,7,14,3,11.4,2,74.3,1,1,11.1,0.6,2.02,Abandono,1,25.0,0,1.0,11.179661357187392,1,1
2023,5,Ing. Financiera y de Riesgos,4,1,1,1,1,0,20,1,0,0,1,0,1,0,1,ninguno,5,6,5,14.8,5,6,5,14.0,0,75.1,2,1,12.7,3.7,-1.7,Activo,0,62.5,0,0.0,13.872794938584304,0,1
2025,5,Lic. en Ciencia de Datos e Inteligencia de Negocios,5,1,1,1,1,0,19,1,0,0,1,0,1,0,0,ninguno,6,8,5,11.0,6,13,5,11.4,1,72.7,0,0,7.6,2.6,0.32,Activo,0,62.5,1,0.0,10.771978644372412,0,0
2023,5,Ing. Comercial,1,1,1,0,1,0,20,1,0,0,1,0,1,0,0,ninguno,5,10,0,0.0,5,10,0,0.0,5,94.6,2,1,7.6,2.6,0.32,Activo,0,62.5,0,1.0,0.0,1,1
2025,8,Ing. Comercio Internacional,2,8,2,1,1,0,19,1,0,0,1,0,1,0,0,ninguno,5,15,3,14.0,5,10,4,11.75,2,86.5,0,0,9.4,-0.8,-3.12,Activo,0,100.0,0,1.0,11.913444561534519,1,0
2025,5,Lic. en Administración de Empresas,3,12,1,0,1,0,28,2,0,0,1,0,0,0,1,ninguno,6,8,5,11.833333333333334,6,6,6,13.0,1,64.6,1,1,16.2,0.3,-0.92,Activo,0,62.5,0,0.0,11.425899189407538,1,1
2023,2,Ing. Financiera y de Riesgos,4,1,1,1,1,0,20,1,0,0,1,0,0,0,0,ninguno,5,7,4,11.75,5,7,5,11.8,1,72.7,0,0,7.6,2.6,0.32,Activo,0,25.0,0,1.0,11.443563352443888,0,0
2023,7,Lic. en Ciencia de Datos e Inteligencia de Negocios,5,13,1,1,1,0,28,1,0,0,1,0,1,0,1,ninguno,14,22,12,12.333333333333334,12,20,8,12.0,2,78.4,0,0,9.4,-0.8,-3.12,Activo,0,87.5,0,1.0,11.76142455435443,1,0
2024,5,Ing. Comercial,1,14,1,0,14,0,24,1,0,0,1,0,0,0,1,ninguno,10,16,3,11.666666666666666,10,24,6,11.833333333333334,7,82.2,1,1,9.4,-0.8,-3.12,Abandono,1,62.5,0,3.0,11.153533135389285,1,1
2024,2,Ing. Comercio Internacional,2,15,1,1,14,0,20,1,0,0,1,0,1,0,1,ninguno,6,9,6,12.666666666666666,6,10,4,11.5,0,88.6,0,0,13.9,-0.3,0.79,Activo,0,25.0,0,0.0,11.652899899892248,0,0
2025,1,Lic. en Administración de Empresas,3,8,2,1,1,0,22,1,0,0,1,0,1,0,1,ninguno,6,9,4,12.25,6,8,5,11.6,2,59.7,0,0,10.8,1.4,1.74,Activo,0,12.5,0,0.0,11.370283724461183,1,0
2025,2,Ing. Financiera y de Riesgos,4,8,2,1,1,0,18,1,0,1,1,0,0,0,1,beca,6,7,6,11.285714285714286,6,9,4,13.5,0,76.6,0,0,16.2,0.3,-0.92,Activo,0,25.0,0,0.0,12.002489697955399,0,0
2023,2,Lic. en Ciencia de Datos e Inteligencia de Negocios,5,1,5,1,1,0,22,1,0,0,0,1,1,0,0,ninguno,5,12,2,11.5,5,12,0,0.0,3,88.4,1,1,12.7,3.7,-1.7,Abandono,1,25.0,1,2.0,5.1304417702947465,1,1
2024,2,Ing. Comercial,1,1,5,1,1,0,18,1,0,1,1,0,1,0,0,beca,6,10,6,11.666666666666666,6,10,4,12.25,0,81.6,0,0,9.4,-0.8,-3.12,Activo,0,25.0,1,0.0,11.46814710201485,0,0
2024,7,Ing. Comercio Internacional,2,1,1,1,1,0,21,1,0,1,1,0,0,0,1,beca,8,8,7,13.514285714285714,8,8,7,13.514285714285714,1,96.3,2,1,12.7,3.7,-1.7,Activo,0,87.5,0,1.0,12.967952175254652,0,1
2025,8,Lic. en Administración de Empresas,3,8,6,1,1,0,19,1,0,0,1,0,1,0,1,ninguno,6,7,6,13.0,6,9,6,13.714285714285714,0,77.0,0,0,7.6,2.6,0.32,Activo,0,100.0,0,0.0,12.991124001118934,0,0
2025,5,Ing. Financiera y de Riesgos,4,3,1,1,1,0,22,1,0,0,1,0,1,0,0,ninguno,6,11,3,15.0,6,11,4,10.25,3,58.9,0,0,9.4,-0.8,-3.12,Activo,0,62.5,1,1.0,12.0253103645029,1,0
2025,1,Lic. en Ciencia de Datos e Inteligencia de Negocios,5,1,1,1,1,0,20,1,0,1,1,0,1,0,0,beca,8,8,7,12.744285714285716,8,8,7,12.744285714285716,1,90.5,1,1,10.8,1.4,1.74,Activo,0,12.5,0,0.0,11.756005386612618,0,1
2025,2,Ing. Comercial,1,1,1,1,1,0,20,1,0,0,1,0,0,0,1,ninguno,5,10,4,11.75,5,8,5,11.8,1,78.7,1,1,11.1,0.6,2.02,Activo,0,25.0,0,0.0,11.244816867183168,0,1
2023,3,Ing. Comercio Internacional,2,8,1,0,1,0,19,1,0,0,1,1,1,0,0,ninguno,6,6,6,12.166666666666666,6,7,6,11.666666666666666,0,76.0,1,1,10.8,1.4,1.74,Activo,0,37.5,0,0.0,11.003166174276961,0,1
2024,2,Lic. en Administración de Empresas,3,8,1,1,1,0,20,1,0,0,1,0,1,0,0,ninguno,0,0,0,0.0,0,0,0,0.0,0,88.7,0,0,15.5,2.8,-4.06,Activo,0,25.0,0,0.0,0.0,0,0
2023,2,Ing. Financiera y de Riesgos,4,1,2,1,1,0,20,1,0,1,1,0,1,0,0,beca,6,9,5,13.4,6,9,6,12.375,1,93.4,2,1,13.9,-0.3,0.79,Activo,0,25.0,0,0.0,11.921059107191951,0,1
2025,6,Lic. en Ciencia de Datos e Inteligencia de Negocios,5,1,1,1,1,0,20,1,0,0,1,0,1,0,1,ninguno,6,9,5,11.8,6,10,4,11.5,1,83.2,0,0,7.6,2.6,0.32,Abandono,1,75.0,0,0.0,10.796923341413034,0,0
2024,1,Ing. Comercial,1,1,3,1,1,0,19,1,0,0,1,0,1,0,0,ninguno,7,7,6,13.533333333333331,7,7,6,13.533333333333331,1,96.5,0,0,7.6,2.6,0.32,Activo,0,12.5,0,1.0,12.771615554392161,0,0
2024,1,Ing. Comercio Internacional,2,1,1,1,1,0,18,1,0,1,1,0,1,0,1,mixto,6,7,6,14.166666666666666,6,10,4,14.0,0,76.4,1,1,15.5,2.8,-4.06,Activo,0,12.5,0,0.0,13.183724222374112,0,1
2024,3,Lic. en Administración de Empresas,3,1,1,1,1,0,18,1,0,1,1,0,0,0,0,beca,7,7,7,14.652857142857142,8,9,8,14.755555555555556,0,76.3,0,0,12.4,0.5,1.79,Activo,0,37.5,0,0.0,14.351255072746204,0,0
2025,7,Ing. Financiera y de Riesgos,4,1,1,1,1,0,19,1,0,0,0,0,1,0,1,ninguno,0,0,0,0.0,0,0,0,0.0,0,82.6,0,0,7.6,2.6,0.32,Abandono,1,87.5,0,0.0,0.0,0,0
2023,6,Lic. en Ciencia de Datos e Inteligencia de Negocios,5,1,1,1,1,1,20,1,1,0,1,0,0,0,0,ninguno,5,5,5,13.6,5,7,5,13.0,0,54.4,0,0,9.4,-0.8,-3.12,Activo,0,75.0,0,0.0,12.30752063296946,1,0
2024,8,Ing. Comercial,1,1,1,1,1,0,22,1,0,1,1,0,0,0,0,beca,6,9,6,12.833333333333334,6,6,4,13.25,0,71.2,0,0,16.2,0.3,-0.92,Activo,0,100.0,0,0.0,12.202946560760356,0,0
2023,3,Ing. Comercio Internacional,2,1,1,1,1,0,18,1,0,1,1,0,1,0,0,beca,6,6,6,14.666666666666666,6,6,6,15.166666666666666,0,64.6,0,0,9.4,-0.8,-3.12,Activo,0,37.5,0,0.0,13.94321390204061,1,0
2023,4,Lic. en Administración de Empresas,3,8,2,1,1,0,19,1,0,0,1,0,1,0,1,ninguno,6,6,6,13.333333333333334,6,6,6,14.666666666666666,0,99.3,0,0,12.4,0.5,1.79,Activo,0,50.0,3,0.0,13.154255950706565,0,0
2024,7,Ing. Financiera y de Riesgos,4,1,1,1,1,0,20,1,0,1,0,0,0,0,0,beca,6,10,5,13.4,6,9,5,11.4,1,67.4,0,0,10.8,1.4,1.74,Activo,0,87.5,0,0.0,11.4875826227905,0,0
2025,5,Lic. en Ciencia de Datos e Inteligencia de Negocios,5,1,2,1,1,0,19,1,0,1,1,0,1,0,0,credito,7,9,7,13.3125,8,8,8,15.6375,0,62.6,0,0,13.9,-0.3,0.79,Activo,0,62.5,0,0.0,13.680429257387766,1,0
2023,4,Ing. Comercial,1,1,1,1,1,0,18,1,0,0,0,1,1,0,1,ninguno,0,0,0,0.0,0,0,0,0.0,0,73.8,1,1,8.9,1.4,3.51,Abandono,1,50.0,0,0.0,0.0,0,1
2023,5,Ing. Comercio Internacional,2,1,6,1,1,0,20,1,0,0,0,1,1,0,0,ninguno,4,4,0,0.0,5,5,0,0.0,4,80.8,1,1,12.4,0.5,1.79,Abandono,1,62.5,0,2.0,0.0,1,1
2024,7,Lic. en Administración de Empresas,3,1,2,1,1,0,19,1,0,1,1,0,1,0,0,beca,6,7,6,12.333333333333334,6,6,6,13.5,0,93.2,0,0,9.4,-0.8,-3.12,Activo,0,87.5,1,0.0,11.969700276096775,0,0
2025,7,Ing. Financiera y de Riesgos,4,8,3,1,1,0,18,1,0,0,1,0,0,0,1,ninguno,6,6,6,13.5,6,6,6,13.333333333333334,0,53.2,3,1,12.4,0.5,1.79,Activo,0,87.5,1,0.0,12.539139429230314,1,1
2023,2,Lic. en Ciencia de Datos e Inteligencia de Negocios,5,7,4,1,1,0,18,1,0,0,1,0,1,0,1,ninguno,6,8,5,13.0,6,7,6,11.833333333333334,1,69.0,0,0,10.8,1.4,1.74,Activo,0,25.0,0,0.0,11.525947190700725,0,0
2023,2,Ing. Comercial,1,1,1,1,1,0,22,1,0,0,1,0,0,0,0,ninguno,5,6,2,12.5,5,5,0,0.0,3,88.3,2,1,9.4,-0.8,-3.12,Abandono,1,25.0,0,1.0,5.478893629325864,1,1
2023,7,Ing. Comercio Internacional,2,1,1,1,1,0,18,1,0,0,1,0,0,0,0,ninguno,6,10,6,17.0,6,11,6,16.0,0,82.1,0,0,12.4,0.5,1.79,Activo,0,87.5,0,0.0,15.986794037038926,0,0
2025,7,Lic. en Administración de Empresas,3,1,1,1,1,0,20,1,0,0,1,0,1,0,0,ninguno,6,7,6,13.5,6,6,6,13.0,0,82.7,1,1,10.8,1.4,1.74,Activo,0,87.5,0,0.0,12.925059143226903,0,1
2025,5,Ing. Financiera y de Riesgos,4,8,2,1,1,0,19,1,0,0,1,0,1,0,0,ninguno,6,7,6,12.714285714285714,6,6,6,11.833333333333334,0,58.7,1,1,8.9,1.4,3.51,Activo,0,62.5,0,0.0,11.318850933222842,1,1
2023,2,Lic. en Ciencia de Datos e Inteligencia de Negocios,5,14,1,1,1,0,19,1,0,1,1,0,0,0,0,credito,7,9,6,13.0,8,11,8,13.927272727272726,1,83.4,0,0,16.2,0.3,-0.92,Activo,0,25.0,0,1.0,12.753352119472515,0,0
2023,2,Ing. Comercial,1,15,1,1,14,0,21,1,0,0,1,0,0,0,1,ninguno,6,7,6,12.571428571428571,6,6,6,13.5,0,71.4,1,1,12.4,0.5,1.79,Activo,0,25.0,0,0.0,12.527014205910586,0,1
2025,5,Ing. Comercio Internacional,2,8,2,0,1,0,19,1,0,1,1,0,1,0,0,beca,6,10,4,11.5,6,11,6,11.5,2,67.5,2,1,9.4,-0.8,-3.12,Abandono,1,62.5,0,1.0,11.095605424506724,1,1
2025,3,Lic. en Administración de Empresas,3,1,6,1,1,0,19,1,0,1,1,0,1,0,1,beca,6,6,6,13.5,6,7,6,13.285714285714286,0,81.1,0,0,11.1,0.6,2.02,Activo,0,37.5,1,0.0,12.512190927006614,0,0
2023,1,Ing. Financiera y de Riesgos,4,12,1,0,1,0,45,2,0,0,1,0,0,0,1,ninguno,6,8,5,13.6,6,7,5,13.0,1,89.2,0,0,15.5,2.8,-4.06,Activo,0,12.5,1,0.0,12.414435863886695,0,0
2023,8,Lic. en Ciencia de Datos e Inteligencia de Negocios,5,12,1,1,1,0,28,2,0,1,0,0,0,0,1,beca,5,14,1,12.0,5,5,0,0.0,4,76.2,3,1,9.4,-0.8,-3.12,Abandono,1,100.0,0,2.0,5.1298444223086275,1,1
2025,7,Ing. Comercial,1,14,1,1,1,0,28,2,0,0,1,0,0,0,1,ninguno,7,8,7,14.95,8,8,8,14.7375,0,77.1,0,0,13.9,-0.3,0.79,Activo,0,87.5,0,0.0,14.09219211562325,0,0
2025,4,Ing. Comercio Internacional,2,12,1,0,1,0,25,1,0,0,1,1,0,0,0,ninguno,5,10,4,11.25,5,9,4,12.0,1,85.9,0,0,12.7,3.7,-1.7,Activo,0,50.0,0,0.0,11.068789228685686,0,0
2025,1,Lic. en Administración de Empresas,3,14,1,1,1,0,19,1,0,0,0,1,0,0,1,ninguno,6,13,3,10.666666666666666,6,6,4,12.25,3,70.1,1,1,15.5,2.8,-4.06,Abandono,1,12.5,1,1.0,10.945484133987152,1,1
2023,3,Ing. Financiera y de Riesgos,4,1,5,1,1,0,19,1,0,0,1,0,1,0,0,ninguno,8,8,7,14.992857142857142,8,8,7,14.992857142857142,1,91.0,0,0,10.8,1.4,1.74,Activo,0,37.5,0,0.0,14.686868803774423,0,0
2024,2,Lic. en Ciencia de Datos e Inteligencia de Negocios,5,1,2,1,1,1,20,1,0,0,1,0,1,0,0,ninguno,5,12,3,10.5,5,10,4,11.25,2,85.4,0,0,12.4,0.5,1.79,Activo,0,25.0,0,0.0,9.991474708918233,1,0
2025,7,Ing. Comercial,1,1,3,1,1,1,22,1,0,0,1,0,1,0,1,ninguno,6,6,4,11.25,6,7,3,11.0,2,80.4,1,1,8.9,1.4,3.51,Activo,0,87.5,1,1.0,10.76379711175445,1,1
2025,3,Ing. Comercio Internacional,2,14,1,1,1,1,20,1,0,1,1,0,1,0,0,mixto,6,6,6,12.333333333333334,6,7,6,14.0,0,65.9,0,0,12.4,0.5,1.79,Activo,0,37.5,1,0.0,12.425138168038131,0,0
2025,3,Lic. en Administración de Empresas,3,1,4,1,1,1,20,1,0,0,1,0,1,0,0,ninguno,7,7,6,13.016666666666666,7,7,6,13.016666666666666,1,81.2,0,0,7.6,2.6,0.32,Activo,0,37.5,0,0.0,12.363814203878604,0,0
2023,5,Ing. Financiera y de Riesgos,4,1,1,1,1,1,20,1,0,0,0,1,0,0,0,ninguno,5,7,3,11.333333333333334,5,8,2,11.5,2,73.3,1,1,7.6,2.6,0.32,Abandono,1,62.5,0,1.0,10.747984115418221,1,1
2024,4,Lic. en Ciencia de Datos e Inteligencia de Negocios,5,12,1,1,15,0,27,1,0,0,1,0,1,0,1,ninguno,6,7,6,16.142857142857142,6,7,6,14.666666666666666,0,80.8,2,1,13.9,-0.3,0.79,Activo,0,50.0,0,0.0,14.456062913046464,0,1
2023,6,Ing. Comercial,1,16,1,1,1,0,22,1,0,0,1,0,0,0,0,ninguno,6,8,6,14.833333333333334,6,10,5,13.833333333333334,0,100.0,0,0,11.1,0.6,2.02,Activo,0,75.0,0,0.0,14.011202825443464,0,0
2024,2,Ing. Comercio Internacional,2,1,3,1,1,0,19,1,0,0,0,1,1,0,0,ninguno,8,8,7,13.327142857142857,8,8,7,13.327142857142857,1,86.9,0,0,10.8,1.4,1.74,Abandono,1,25.0,1,0.0,12.485768299902716,0,0
2025,1,Lic. en Administración de Empresas,3,8,1,1,1,0,19,1,0,0,0,0,1,0,0,ninguno,6,13,4,11.0,6,13,2,11.5,2,87.2,1,1,12.7,3.7,-1.7,Abandono,1,12.5,0,1.0,10.913563321142885,1,1
2024,6,Ing. Financiera y de Riesgos,4,1,1,1,1,0,18,1,0,0,1,0,1,0,0,ninguno,6,10,6,11.714285714285714,6,15,6,10.375,0,72.7,2,1,13.9,-0.3,0.79,Activo,0,75.0,0,0.0,10.717935332988093,0,1
2024,2,Lic. en Ciencia de Datos e Inteligencia de Negocios,5,1,1,1,1,0,19,1,0,0,1,0,1,0,0,ninguno,12,13,12,12.333333333333334,11,12,10,12.727272727272728,0,68.8,1,1,8.9,1.4,3.51,Abandono,1,25.0,0,0.0,11.929430641604064,0,1
2024,1,Ing. Comercial,1,9,4,1,1,0,20,1,0,0,0,1,1,0,1,ninguno,7,9,0,0.0,6,6,0,0.0,7,82.5,0,0,11.1,0.6,2.02,Abandono,1,12.5,0,4.0,0.0,1,0
2025,3,Ing. Comercio Internacional,2,14,1,0,1,0,39,2,0,0,0,0,0,0,0,ninguno,15,15,12,11.916666666666666,13,14,8,11.25,3,75.5,1,1,10.8,1.4,1.74,Abandono,1,37.5,0,1.0,10.730932567428294,1,1
2025,8,Lic. en Administración de Empresas,3,12,2,0,12,0,37,2,0,0,1,1,0,0,0,ninguno,6,9,6,11.833333333333334,6,7,6,11.0,0,66.3,1,1,7.6,2.6,0.32,Activo,0,100.0,0,0.0,10.745972501112831,0,1
2023,1,Ing. Financiera y de Riesgos,4,12,1,1,3,0,30,2,0,0,0,1,0,0,1,ninguno,7,11,3,12.333333333333334,7,9,3,11.666666666666666,4,80.4,2,1,13.9,-0.3,0.79,Abandono,1,12.5,0,2.0,11.679672852138157,1,1
2023,5,Lic. en Ciencia de Datos e Inteligencia de Negocios,5,14,1,0,3,0,41,2,0,0,1,0,0,0,1,ninguno,10,11,10,14.3,10,10,10,14.2,0,66.6,0,0,12.7,3.7,-1.7,Activo,0,62.5,0,0.0,13.921649519462656,0,0
2025,2,Ing. Comercial,1,12,1,1,12,0,40,4,0,0,0,0,0,0,0,ninguno,8,11,5,11.832,8,11,5,11.832,3,78.7,0,0,9.4,-0.8,-3.12,Abandono,1,25.0,0,2.0,11.103132029182365,1,0
2025,2,Ing. Comercio Internacional,2,1,1,1,1,0,20,1,0,0,1,0,0,0,1,ninguno,5,13,2,10.0,5,10,0,0.0,3,79.1,0,0,9.4,-0.8,-3.12,Abandono,1,25.0,0,2.0,4.135721727639117,1,0
2025,7,Lic. en Administración de Empresas,3,1,1,0,1,0,28,2,0,0,1,0,0,0,1,ninguno,5,5,5,12.0,5,6,5,11.6,0,93.5,0,0,7.6,2.6,0.32,Activo,0,87.5,0,0.0,11.193540328107659,0,0
2025,4,Ing. Financiera y de Riesgos,4,9,2,1,1,0,19,1,0,0,0,1,1,0,0,ninguno,7,11,5,12.2,7,13,0,0.0,2,86.5,2,1,12.4,0.5,1.79,Abandono,1,50.0,0,1.0,5.411793529925062,1,1
2024,8,Lic. en Ciencia de Datos e Inteligencia de Negocios,5,1,1,1,1,0,23,1,0,0,1,0,1,0,1,ninguno,5,7,3,11.333333333333334,5,5,4,11.25,2,88.6,0,0,7.6,2.6,0.32,Abandono,1,100.0,2,1.0,10.431786048831738,1,0
2023,1,Ing. Comercial,1,4,1,0,4,0,18,1,0,0,1,0,0,0,1,ninguno,16,24,13,13.846153846153848,11,15,9,12.555555555555555,3,73.4,2,1,15.5,2.8,-4.06,Abandono,1,12.5,0,1.0,12.47350037902543,1,1
2024,4,Ing. Comercio Internacional,2,12,1,1,1,0,24,1,0,0,1,0,0,0,0,ninguno,8,8,7,12.412857142857144,8,8,7,12.412857142857144,1,85.6,2,1,10.8,1.4,1.74,Activo,0,50.0,1,1.0,11.95552497649597,0,1
2024,2,Lic. en Administración de Empresas,3,8,5,1,1,0,21,1,0,0,1,0,0,0,0,ninguno,5,7,3,12.666666666666666,5,6,4,12.75,2,80.1,1,1,7.6,2.6,0.32,Activo,0,25.0,1,1.0,11.979196915224698,1,1
2025,5,Ing. Financiera y de Riesgos,4,1,2,1,1,0,19,1,0,0,1,0,1,0,0,ninguno,8,11,7,12.545714285714286,8,11,7,12.545714285714286,1,84.0,0,0,10.8,1.4,1.74,Activo,0,62.5,0,0.0,11.805918664368637,0,0
2023,1,Lic. en Ciencia de Datos e Inteligencia de Negocios,5,1,1,1,1,0,19,1,0,0,1,0,1,0,0,ninguno,6,12,3,13.0,6,13,2,14.0,3,80.4,0,0,9.4,-0.8,-3.12,Abandono,1,12.5,1,1.0,12.686125113383211,1,0
2023,1,Ing. Comercial,1,12,1,1,1,0,48,1,0,0,0,1,0,0,0,ninguno,6,6,0,0.0,6,6,0,0.0,6,65.7,0,0,11.1,0.6,2.02,Abandono,1,12.5,0,3.0,0.0,1,0
2023,3,Ing. Comercio Internacional,2,14,1,0,2,0,38,2,0,0,0,0,0,0,0,ninguno,12,12,9,12.22222222222222,12,12,9,13.0,3,71.0,0,0,9.4,-0.8,-3.12,Abandono,1,37.5,0,1.0,11.632641619790483,1,0
2024,5,Lic. en Administración de Empresas,3,8,1,1,1,0,19,1,0,0,1,0,0,0,0,ninguno,5,10,5,13.285714285714286,5,8,5,13.0,0,80.3,2,1,12.7,3.7,-1.7,Activo,0,62.5,0,0.0,12.704755326755194,0,1
2025,3,Ing. Financiera y de Riesgos,4,12,1,0,9,1,30,2,0,0,1,0,0,0,1,ninguno,5,7,3,11.666666666666666,5,8,1,11.0,2,83.0,2,1,7.6,2.6,0.32,Abandono,1,37.5,0,1.0,10.36756985763638,1,1
2024,7,Lic. en Ciencia de Datos e Inteligencia de Negocios,5,15,1,1,14,1,24,1,0,1,1,0,0,0,0,beca,6,9,6,13.555555555555555,6,7,6,12.666666666666666,0,68.6,2,1,13.9,-0.3,0.79,Activo,0,87.5,0,0.0,12.434273467866099,0,1
2023,1,Ing. Comercial,1,8,5,1,1,1,19,1,0,0,1,0,1,0,1,ninguno,6,6,6,13.166666666666666,6,8,6,12.428571428571429,0,72.2,0,0,16.2,0.3,-0.92,Activo,0,12.5,0,0.0,12.02724974927261,0,0
2024,4,Ing. Comercio Internacional,2,15,1,1,14,1,21,1,0,0,1,0,0,0,0,ninguno,0,0,0,0.0,0,0,0,0.0,0,82.5,0,0,15.5,2.8,-4.06,Activo,0,50.0,0,0.0,0.0,0,0
2025,7,Lic. en Administración de Empresas,3,1,1,1,1,1,21,1,0,1,1,0,1,0,1,beca,6,6,6,11.666666666666666,6,7,5,12.2,0,75.7,0,0,10.8,1.4,1.74,Activo,0,87.5,0,0.0,11.366930174368658,0,0
2024,1,Ing. Financiera y de Riesgos,4,1,2,0,1,1,19,1,0,0,1,0,0,0,0,ninguno,5,11,4,11.0,5,8,4,12.25,1,83.8,1,1,15.5,2.8,-4.06,Abandono,1,12.5,0,0.0,10.786434597475779,0,1
2024,8,Lic. en Ciencia de Datos e Inteligencia de Negocios,5,8,2,1,1,1,18,1,0,0,1,0,1,0,1,ninguno,6,6,6,13.0,6,8,1,10.0,0,83.8,0,0,10.8,1.4,1.74,Activo,0,100.0,0,0.0,10.705162289430707,0,0
2023,1,Ing. Comercial,1,8,1,1,1,1,18,1,0,1,1,0,0,0,1,beca,6,6,6,13.666666666666666,6,6,6,12.0,0,92.8,0,0,12.4,0.5,1.79,Activo,0,12.5,0,0.0,12.505235761617545,0,0
2023,4,Ing. Comercio Internacional,2,8,4,1,1,1,19,1,0,0,1,0,1,0,1,ninguno,5,6,5,14.6,5,5,5,15.2,0,75.4,0,0,8.9,1.4,3.51,Abandono,1,50.0,1,0.0,14.217384015551927,0,0
2024,6,Lic. en Administración de Empresas,3,1,1,1,1,1,19,1,0,1,1,0,0,0,1,mixto,8,8,7,12.514285714285714,8,8,7,12.514285714285714,1,81.2,1,1,12.7,3.7,-1.7,Activo,0,75.0,0,1.0,12.152490979207828,0,1
2024,2,Ing. Financiera y de Riesgos,4,8,2,1,1,1,18,1,0,0,1,0,0,0,0,ninguno,5,5,3,14.0,5,7,3,12.666666666666666,2,81.4,1,1,7.6,2.6,0.32,Activo,0,25.0,0,0.0,12.336233832908619,1,1
2023,1,Lic. en Ciencia de Datos e Inteligencia de Negocios,5,1,1,1,1,1,25,1,0,0,1,0,1,0,1,ninguno,6,8,6,13.166666666666666,6,8,5,12.6,0,69.0,0,0,7.6,2.6,0.32,Activo,0,12.5,1,0.0,11.955225721360026,0,0
2024,3,Ing. Comercial,1,8,1,1,1,1,18,1,0,0,1,0,1,0,0,ninguno,5,10,4,13.0,5,10,3,12.333333333333334,1,81.1,0,0,7.6,2.6,0.32,Activo,0,37.5,0,1.0,12.351910204366693,0,0
2025,1,Ing. Comercio Internacional,2,12,1,1,1,1,29,5,0,0,0,0,0,0,0,ninguno,5,5,1,13.0,5,5,0,0.0,4,75.6,0,0,8.9,1.4,3.51,Abandono,1,12.5,0,2.0,5.598945294768159,1,0
2025,4,Lic. en Administración de Empresas,3,8,1,1,1,1,21,1,0,0,1,0,1,0,0,ninguno,5,10,1,10.0,5,8,3,13.666666666666666,4,79.3,0,0,7.6,2.6,0.32,Abandono,1,50.0,0,2.0,10.889732612942447,1,0
2024,1,Ing. Financiera y de Riesgos,4,1,3,1,1,1,18,1,0,1,1,1,1,0,0,beca,6,6,6,14.333333333333334,6,6,6,15.333333333333334,0,72.4,1,1,11.1,0.6,2.02,Activo,0,12.5,1,0.0,14.285849577538915,0,1
2023,3,Lic. en Ciencia de Datos e Inteligencia de Negocios,5,8,1,1,1,1,20,1,0,1,1,0,0,0,0,beca,6,6,0,0.0,6,12,0,0.0,6,75.5,2,1,10.8,1.4,1.74,Abandono,1,37.5,0,3.0,0.0,1,1
2024,7,Ing. Comercial,1,12,1,0,1,1,27,1,0,0,1,0,0,0,0,ninguno,5,7,1,11.0,5,7,0,0.0,4,87.4,0,0,13.9,-0.3,0.79,Abandono,1,87.5,0,1.0,4.890527377654555,1,0
2024,2,Ing. Comercio Internacional,2,1,1,1,1,1,21,1,0,0,1,0,1,0,1,ninguno,6,15,3,11.25,6,9,0,0.0,3,73.2,2,1,12.4,0.5,1.79,Activo,0,25.0,0,1.0,4.866337260796559,1,1
2023,1,Lic. en Administración de Empresas,3,9,2,1,1,1,20,1,0,0,1,0,1,0,0,ninguno,5,7,4,10.75,5,12,3,10.571428571428571,1,80.8,2,1,10.8,1.4,1.74,Abandono,1,12.5,0,0.0,10.12249210270555,0,1
2025,3,Ing. Financiera y de Riesgos,4,12,1,1,12,1,28,1,0,0,0,1,0,0,0,ninguno,5,7,1,11.0,5,9,0,0.0,4,95.0,0,0,10.8,1.4,1.74,Abandono,1,37.5,0,1.0,4.974208534356713,1,0
2023,4,Lic. en Ciencia de Datos e Inteligencia de Negocios,5,12,2,1,1,1,24,1,0,1,1,0,0,0,1,beca,7,13,6,10.857142857142858,7,7,7,11.857142857142858,1,75.9,0,0,12.7,3.7,-1.7,Activo,0,50.0,0,0.0,10.760039134942552,0,0
2025,1,Ing. Comercial,1,1,5,1,1,1,22,1,0,0,1,0,0,0,0,ninguno,5,10,4,11.75,5,10,3,11.0,1,77.8,0,0,7.6,2.6,0.32,Activo,0,12.5,0,0.0,10.973102568943249,0,0
2024,4,Ing. Comercio Internacional,2,1,1,1,1,1,20,1,0,0,1,0,1,0,1,ninguno,5,8,5,12.8,5,9,4,13.666666666666666,0,92.0,2,1,10.8,1.4,1.74,Activo,0,50.0,0,0.0,12.351536058228566,0,1
2023,2,Lic. en Administración de Empresas,3,15,1,1,14,1,21,1,0,0,1,0,0,0,0,ninguno,5,15,3,12.333333333333334,5,7,5,11.4,2,86.3,2,1,9.4,-0.8,-3.12,Activo,0,25.0,1,1.0,11.32257813991352,1,1
2024,3,Ing. Financiera y de Riesgos,4,15,1,1,14,1,23,1,0,0,0,1,1,0,0,ninguno,6,12,2,11.333333333333334,6,8,2,13.0,4,72.5,0,0,13.9,-0.3,0.79,Abandono,1,37.5,1,1.0,11.586561978932576,1,0
2025,3,Lic. en Ciencia de Datos e Inteligencia de Negocios,5,1,1,1,1,1,18,1,0,0,1,0,1,0,0,ninguno,6,10,5,11.6,6,6,6,11.166666666666666,1,79.7,0,0,10.8,1.4,1.74,Activo,0,37.5,0,1.0,10.457495104441831,0,0
2025,3,Ing. Comercial,1,1,1,1,1,1,20,1,0,1,1,0,1,0,0,credito,14,15,12,10.923076923076923,13,14,11,12.181818181818182,2,79.4,0,0,11.1,0.6,2.02,Activo,0,37.5,0,0.0,10.904810882603334,1,0
2025,5,Ing. Comercio Internacional,2,1,1,1,1,1,19,1,0,0,1,0,1,0,1,ninguno,0,0,0,0.0,0,0,0,0.0,0,76.1,0,0,15.5,2.8,-4.06,Activo,0,62.5,0,0.0,0.0,0,0
2025,6,Lic. en Administración de Empresas,3,12,1,1,3,1,32,2,0,0,1,0,0,0,1,ninguno,7,7,7,13.62857142857143,8,8,8,13.9125,0,79.0,3,1,13.9,-0.3,0.79,Activo,0,75.0,0,0.0,12.800987026941744,0,1
2024,4,Ing. Financiera y de Riesgos,4,1,6,1,1,1,20,1,0,0,1,0,1,0,0,ninguno,6,16,3,10.333333333333334,6,16,1,11.0,3,70.2,0,0,10.8,1.4,1.74,Abandono,1,50.0,0,2.0,9.745958198465175,1,0
2024,2,Lic. en Ciencia de Datos e Inteligencia de Negocios,5,12,1,1,1,1,32,1,0,0,1,0,0,0,0,ninguno,18,25,18,13.736842105263158,13,15,12,13.75,0,80.0,1,1,15.5,2.8,-4.06,Activo,0,25.0,1,0.0,13.32479435640967,0,1
2025,6,Ing. Comercial,1,12,1,1,1,1,28,1,0,0,1,0,1,0,0,ninguno,13,19,8,11.625,10,17,6,11.0,5,70.5,1,1,15.5,2.8,-4.06,Activo,0,75.0,0,2.0,10.681249479057326,1,1
2024,1,Ing. Comercio Internacional,2,15,1,1,14,1,21,1,0,1,1,0,1,1,0,beca,7,7,4,11.5,9,10,7,12.142857142857142,3,83.4,0,0,12.4,0.5,1.79,Activo,0,12.5,1,1.0,10.841521212228589,1,0
2024,6,Lic. en Administración de Empresas,3,1,1,1,1,1,19,1,0,1,1,0,0,0,0,beca,6,8,5,14.0,6,8,6,13.0,1,100.0,2,1,10.8,1.4,1.74,Activo,0,75.0,0,0.0,12.939343591239979,0,1
2025,5,Ing. Financiera y de Riesgos,4,12,1,0,14,1,24,1,0,0,1,0,0,0,1,ninguno,5,7,3,11.333333333333334,5,6,0,0.0,2,81.9,0,0,10.8,1.4,1.74,Abandono,1,62.5,0,1.0,5.106565490705327,1,0
2023,8,Lic. en Ciencia de Datos e Inteligencia de Negocios,5,8,1,1,1,1,18,1,0,0,1,0,0,0,0,ninguno,5,13,1,10.0,5,5,1,10.0,4,86.3,2,1,12.7,3.7,-1.7,Abandono,1,100.0,3,2.0,9.563478837747592,1,1
2024,3,Ing. Comercial,1,15,1,1,14,1,20,1,0,0,1,0,1,0,1,ninguno,6,14,5,11.714285714285714,6,15,5,12.0,1,87.3,1,1,16.2,0.3,-0.92,Activo,0,37.5,1,1.0,11.47711667725947,0,1
2024,8,Ing. Comercio Internacional,2,14,1,1,14,1,25,1,0,0,0,0,0,0,0,ninguno,0,0,0,0.0,0,0,0,0.0,0,70.5,2,1,15.5,2.8,-4.06,Abandono,1,100.0,0,0.0,0.0,0,1
2025,4,Lic. en Administración de Empresas,3,8,6,1,1,1,25,1,0,0,1,0,1,0,0,ninguno,15,15,13,10.76923076923077,14,15,12,11.833333333333334,2,84.7,0,0,7.6,2.6,0.32,Abandono,1,50.0,0,1.0,10.46226072319099,1,0
2025,6,Ing. Financiera y de Riesgos,4,8,4,1,1,1,18,1,0,0,1,0,1,0,1,ninguno,6,10,5,11.6,6,6,6,12.0,1,79.1,0,0,9.4,-0.8,-3.12,Abandono,1,75.0,0,1.0,10.821690925547902,0,0
2025,7,Lic. en Ciencia de Datos e Inteligencia de Negocios,5,1,1,1,1,1,19,1,0,0,1,0,1,0,0,ninguno,5,6,4,13.75,5,5,0,0.0,1,86.5,0,0,12.4,0.5,1.79,Abandono,1,87.5,2,0.0,6.033607252366246,0,0
2025,6,Ing. Comercial,1,1,5,1,1,1,18,1,0,0,1,0,1,0,1,ninguno,5,14,4,11.0,5,9,5,10.5,1,73.9,0,0,13.9,-0.3,0.79,Abandono,1,75.0,0,0.0,10.27965325417648,0,0
2025,2,Ing. Comercio Internacional,2,13,1,1,1,1,25,1,0,0,0,0,0,0,1,ninguno,5,6,0,0.0,5,5,0,0.0,5,72.1,1,1,15.5,2.8,-4.06,Abandono,1,25.0,0,1.0,0.0,1,1
2025,1,Lic. en Administración de Empresas,3,12,1,1,1,1,38,1,0,0,1,0,1,0,0,ninguno,0,0,0,0.0,0,0,0,0.0,0,61.9,0,0,7.6,2.6,0.32,Abandono,1,12.5,1,0.0,0.0,1,0
2023,1,Ing. Financiera y de Riesgos,4,15,1,1,14,1,19,1,0,0,1,0,0,0,1,ninguno,0,0,0,0.0,0,0,0,0.0,0,88.3,1,1,12.4,0.5,1.79,Abandono,1,12.5,0,0.0,0.0,0,1
2024,4,Lic. en Ciencia de Datos e Inteligencia de Negocios,5,1,4,1,1,1,19,1,0,0,1,0,1,0,0,ninguno,6,7,6,12.333333333333334,6,10,5,13.2,0,80.8,0,0,16.2,0.3,-0.92,Activo,0,50.0,0,0.0,12.248286586963971,0,0
2024,3,Ing. Comercial,1,15,1,1,14,1,22,1,0,1,1,0,1,0,1,beca,6,9,6,13.428571428571429,6,12,6,13.625,0,94.1,3,1,12.4,0.5,1.79,Activo,0,37.5,0,0.0,12.592617067461148,0,1
2025,4,Ing. Comercio Internacional,2,1,6,1,1,1,18,1,0,0,1,0,1,0,0,ninguno,5,10,0,0.0,5,10,1,10.0,5,88.6,0,0,7.6,2.6,0.32,Activo,0,50.0,0,3.0,4.29043007101851,1,0
2025,7,Lic. en Administración de Empresas,3,4,1,0,3,1,32,1,0,0,0,0,0,0,1,ninguno,5,12,4,14.75,5,9,2,15.0,1,78.4,0,0,16.2,0.3,-0.92,Abandono,1,87.5,1,0.0,14.424590178305605,0,0
2023,8,Ing. Financiera y de Riesgos,4,14,1,1,1,1,37,1,0,0,1,0,0,0,0,ninguno,21,21,21,12.476190476190476,19,19,19,12.210526315789474,0,83.3,0,0,12.4,0.5,1.79,Activo,0,100.0,0,0.0,11.420991026088608,0,0
2025,1,Lic. en Ciencia de Datos e Inteligencia de Negocios,5,8,1,1,1,1,21,1,0,0,1,0,1,0,0,ninguno,5,8,0,0.0,5,5,0,0.0,5,87.4,3,1,7.6,2.6,0.32,Abandono,1,12.5,0,1.0,0.0,1,1
2023,1,Ing. Comercial,1,1,1,1,1,1,18,1,0,0,1,0,1,0,0,ninguno,6,15,3,11.666666666666666,6,14,2,12.5,3,100.0,0,0,10.8,1.4,1.74,Abandono,1,12.5,0,2.0,11.722658340527751,1,0
2024,3,Ing. Comercio Internacional,2,1,3,1,1,1,19,1,0,0,1,1,1,0,0,ninguno,6,6,6,12.0,6,7,6,13.571428571428571,0,77.7,0,0,8.9,1.4,3.51,Activo,0,37.5,1,0.0,11.882138145902545,0,0
2024,4,Lic. en Administración de Empresas,3,8,1,1,1,1,19,1,0,1,1,0,0,0,1,beca,6,7,6,12.0,6,6,6,14.0,0,84.2,1,1,12.4,0.5,1.79,Activo,0,50.0,0,0.0,12.426639011620924,0,1
2025,2,Ing. Financiera y de Riesgos,4,1,1,1,1,0,19,1,1,0,0,0,1,0,0,ninguno,12,12,12,15.25,11,12,11,15.0,0,83.7,0,0,8.9,1.4,3.51,Activo,0,25.0,0,0.0,14.458149287445307,0,0
2025,2,Lic. en Ciencia de Datos e Inteligencia de Negocios,5,8,1,1,1,1,19,1,0,1,1,0,1,0,0,credito,6,9,5,12.4,6,6,6,13.166666666666666,1,67.9,0,0,12.7,3.7,-1.7,Activo,0,25.0,0,1.0,11.842962150297847,0,0
2023,4,Ing. Comercial,1,6,1,1,1,1,21,1,1,0,1,1,0,0,1,ninguno,5,9,3,12.333333333333334,5,8,4,11.25,2,79.3,0,0,8.9,1.4,3.51,Activo,0,50.0,0,1.0,10.810301229624086,1,0
2025,1,Ing. Comercio Internacional,2,12,1,0,1,0,28,4,0,0,1,0,0,0,1,ninguno,5,8,4,11.5,5,7,4,12.0,1,73.7,0,0,10.8,1.4,1.74,Activo,0,12.5,0,0.0,11.266485262713841,0,0
2025,4,Lic. en Administración de Empresas,3,1,1,1,1,0,19,1,1,0,0,1,1,0,1,ninguno,6,8,5,12.2,6,6,4,11.75,1,90.1,1,1,16.2,0.3,-0.92,Abandono,1,50.0,0,0.0,11.52600446032806,0,1
2025,7,Ing. Financiera y de Riesgos,4,12,1,0,12,0,28,1,0,0,1,1,0,0,1,ninguno,5,14,2,10.5,5,6,0,0.0,3,95.6,3,1,12.4,0.5,1.79,Abandono,1,87.5,0,1.0,4.893638408985941,1,1
2024,1,Lic. en Ciencia de Datos e Inteligencia de Negocios,5,1,1,1,1,0,19,1,0,1,1,0,0,0,1,beca,8,8,7,14.4,8,8,7,14.4,1,84.3,0,0,12.7,3.7,-1.7,Activo,0,12.5,0,1.0,13.706741503136504,0,0
2023,2,Ing. Comercial,1,4,1,0,3,0,32,2,0,0,1,0,0,0,1,ninguno,14,18,13,12.846153846153848,11,19,10,12.8,1,74.6,0,0,10.8,1.4,1.74,Activo,0,25.0,0,0.0,12.513553846261457,0,0
2024,2,Ing. Comercio Internacional,2,12,1,0,14,0,26,1,0,0,0,1,0,0,1,ninguno,6,13,4,12.0,6,7,5,13.2,2,87.4,1,1,16.2,0.3,-0.92,Abandono,1,25.0,0,1.0,12.011671191673043,1,1
2024,1,Lic. en Administración de Empresas,3,12,1,1,9,0,25,2,0,0,1,0,0,0,0,ninguno,5,0,0,0.0,5,0,0,0.0,5,80.4,3,1,9.4,-0.8,-3.12,Abandono,1,12.5,0,2.0,0.0,1,1
2025,6,Ing. Financiera y de Riesgos,4,14,2,1,1,0,31,2,0,0,1,0,0,0,1,ninguno,7,8,6,13.666666666666666,6,8,5,13.5,1,76.5,0,0,9.4,-0.8,-3.12,Abandono,1,75.0,2,0.0,12.999675285282798,0,0
2024,4,Lic. en Ciencia de Datos e Inteligencia de Negocios,5,8,1,1,1,0,20,1,0,1,1,0,1,0,0,beca,6,10,5,11.857142857142858,6,8,6,11.666666666666666,1,81.2,1,1,12.7,3.7,-1.7,Activo,0,50.0,0,0.0,11.433952229418836,0,1
2023,1,Ing. Comercial,1,1,4,1,1,0,19,1,0,0,1,0,1,0,0,ninguno,6,0,0,0.0,6,0,0,0.0,6,100.0,0,0,12.7,3.7,-1.7,Abandono,1,12.5,0,2.0,0.0,1,0
2025,2,Ing. Comercio Internacional,2,8,1,1,1,0,23,1,0,0,1,0,1,0,0,ninguno,0,0,0,0.0,0,0,0,0.0,0,77.3,0,0,11.1,0.6,2.02,Abandono,1,25.0,0,0.0,0.0,0,0
2023,2,Lic. en Administración de Empresas,3,1,1,1,1,0,18,1,0,0,1,0,1,0,1,ninguno,6,8,5,13.2,6,6,6,11.333333333333334,1,88.3,0,0,9.4,-0.8,-3.12,Activo,0,25.0,1,0.0,11.736850569416127,0,0
2024,2,Ing. Financiera y de Riesgos,4,1,2,1,1,0,19,1,0,1,1,0,1,0,0,beca,6,8,6,12.714285714285714,6,12,5,11.0,0,81.1,0,0,13.9,-0.3,0.79,Abandono,1,25.0,0,0.0,10.948109259518382,0,0
2025,2,Lic. en Ciencia de Datos e Inteligencia de Negocios,5,1,1,1,1,0,18,1,0,0,1,0,0,0,0,ninguno,6,6,6,12.5,6,6,6,12.666666666666666,0,69.2,1,1,15.5,2.8,-4.06,Activo,0,25.0,1,0.0,11.760947090400789,0,1
2025,2,Ing. Comercial,1,1,1,1,1,0,21,1,0,0,1,0,1,0,1,ninguno,5,9,3,10.666666666666666,5,13,2,12.5,2,80.4,1,1,7.6,2.6,0.32,Activo,0,25.0,0,1.0,11.13000648018389,1,1
2023,8,Ing. Comercio Internacional,2,1,2,1,1,0,20,1,0,0,1,0,1,0,1,ninguno,6,12,1,17.0,6,12,1,17.0,5,74.1,0,0,9.4,-0.8,-3.12,Activo,0,100.0,0,3.0,16.64967040693975,1,0
2024,1,Lic. en Administración de Empresas,3,1,1,1,1,0,24,1,0,0,1,0,1,0,0,ninguno,5,6,5,13.0,5,9,4,13.25,0,83.7,1,1,12.7,3.7,-1.7,Activo,0,12.5,0,0.0,12.324028356201262,0,1
2024,2,Ing. Financiera y de Riesgos,4,1,1,1,1,0,18,1,0,1,1,0,0,0,0,beca,5,7,3,12.666666666666666,5,5,4,12.5,2,76.3,0,0,9.4,-0.8,-3.12,Activo,0,25.0,0,1.0,12.009841547851655,1,0
2025,8,Lic. en Ciencia de Datos e Inteligencia de Negocios,5,13,1,1,1,0,25,1,0,0,1,0,1,0,1,ninguno,14,14,12,13.291666666666666,14,14,12,13.291666666666666,2,76.1,0,0,7.6,2.6,0.32,Activo,0,100.0,2,1.0,12.45541066728391,1,0
2025,5,Ing. Comercial,1,8,1,1,1,0,20,1,0,0,1,0,0,0,0,ninguno,5,12,3,11.666666666666666,5,11,4,11.5,2,87.7,0,0,9.4,-0.8,-3.12,Activo,0,62.5,0,1.0,10.971626992670686,1,0
2024,1,Ing. Comercio Internacional,2,8,2,1,1,0,18,1,0,0,1,0,1,0,1,ninguno,8,8,7,14.24,8,8,7,14.24,1,77.0,2,1,10.8,1.4,1.74,Activo,0,12.5,1,1.0,13.697798310919406,0,1
2023,1,Lic. en Administración de Empresas,3,12,1,1,1,0,24,1,0,0,1,0,1,0,0,ninguno,5,10,3,13.0,5,11,3,11.333333333333334,2,63.5,1,1,7.6,2.6,0.32,Abandono,1,12.5,0,1.0,11.550822880917991,1,1
2025,1,Ing. Financiera y de Riesgos,4,8,2,1,1,0,18,1,0,0,1,0,1,0,0,ninguno,7,9,5,14.06,7,9,6,12.571428571428571,2,85.2,0,0,12.4,0.5,1.79,Activo,0,12.5,0,1.0,12.491722995744812,1,0
2024,2,Lic. en Ciencia de Datos e Inteligencia de Negocios,5,8,5,1,1,0,21,1,0,0,0,1,0,0,0,ninguno,6,10,5,11.833333333333334,6,10,5,13.2,1,86.5,0,0,13.9,-0.3,0.79,Abandono,1,25.0,0,0.0,11.585112466088404,0,0
2025,3,Ing. Comercial,1,1,1,1,1,0,18,1,0,0,1,0,1,0,1,ninguno,6,6,6,12.833333333333334,6,6,6,13.333333333333334,0,86.7,0,0,9.4,-0.8,-3.12,Activo,0,37.5,1,0.0,12.748496295721331,0,0
2023,3,Ing. Comercio Internacional,2,8,2,1,1,0,20,1,0,0,1,0,1,0,0,ninguno,6,16,1,10.0,6,12,0,0.0,5,80.7,0,0,10.8,1.4,1.74,Abandono,1,37.5,0,3.0,4.333121921141132,1,0
2025,1,Lic. en Administración de Empresas,3,8,5,1,1,0,19,1,0,0,1,0,1,0,1,ninguno,5,9,2,11.0,5,12,2,10.0,3,60.9,1,1,7.6,2.6,0.32,Abandono,1,12.5,0,1.0,10.177015199641286,1,1
2023,4,Ing. Financiera y de Riesgos,4,1,1,1,1,0,20,1,0,0,1,0,1,0,0,ninguno,7,7,7,14.105714285714289,8,8,8,13.6625,0,76.0,3,1,11.1,0.6,2.02,Activo,0,50.0,0,0.0,13.256220461340092,0,1
2023,4,Lic. en Ciencia de Datos e Inteligencia de Negocios,5,1,5,1,1,0,20,1,0,0,1,0,1,0,1,ninguno,8,12,7,12.471428571428572,8,12,7,12.471428571428572,1,76.5,0,0,12.7,3.7,-1.7,Activo,0,50.0,0,0.0,11.55173059106074,0,0
2023,1,Ing. Comercial,1,15,1,1,14,0,20,1,0,1,1,0,1,0,1,beca,6,11,6,11.833333333333334,6,17,5,11.857142857142858,0,80.9,0,0,12.4,0.5,1.79,Activo,0,12.5,0,0.0,11.292124908743878,0,0
2024,3,Ing. Comercio Internacional,2,1,3,1,1,0,20,1,0,0,1,0,1,0,0,ninguno,6,6,6,12.5,6,6,6,12.833333333333334,0,91.5,2,1,7.6,2.6,0.32,Activo,0,37.5,1,0.0,11.713951371910218,0,1
2025,3,Lic. en Administración de Empresas,3,1,6,1,1,0,18,1,0,0,1,0,1,0,1,ninguno,6,7,6,11.666666666666666,6,7,6,12.333333333333334,0,94.5,2,1,10.8,1.4,1.74,Abandono,1,37.5,0,0.0,11.258574069844574,0,1
2023,3,Ing. Financiera y de Riesgos,4,1,1,1,1,0,18,1,0,0,1,0,1,0,0,ninguno,0,0,0,0.0,0,0,0,0.0,0,77.1,0,0,12.4,0.5,1.79,Activo,0,37.5,0,0.0,0.0,0,0
2024,3,Lic. en Ciencia de Datos e Inteligencia de Negocios,5,12,1,0,1,0,30,4,0,0,1,0,0,0,1,ninguno,5,11,3,10.333333333333334,5,10,4,12.8,2,69.9,1,1,12.4,0.5,1.79,Activo,0,37.5,1,1.0,10.736650028877904,1,1
2024,5,Ing. Comercial,1,1,2,1,1,0,18,1,0,0,1,0,1,0,1,ninguno,5,8,5,16.166666666666668,5,9,5,14.285714285714286,0,79.7,0,0,9.4,-0.8,-3.12,Activo,0,62.5,0,0.0,14.853785859536345,0,0
2025,6,Ing. Comercio Internacional,2,12,1,1,12,0,35,1,0,0,1,0,0,0,1,ninguno,6,11,3,12.666666666666666,6,7,0,0.0,3,76.5,1,1,11.1,0.6,2.02,Abandono,1,75.0,0,1.0,5.8715273760394595,1,1
2025,6,Lic. en Administración de Empresas,3,12,1,0,1,0,31,1,0,0,0,1,0,0,1,ninguno,6,14,2,10.5,6,6,3,12.333333333333334,4,75.3,0,0,11.1,0.6,2.02,Abandono,1,75.0,0,1.0,10.840747348458214,1,0
2024,4,Ing. Financiera y de Riesgos,4,14,1,1,1,0,19,1,0,0,1,1,1,0,0,ninguno,6,13,2,11.5,6,13,1,11.0,4,76.8,3,1,7.6,2.6,0.32,Abandono,1,50.0,0,1.0,10.830925182591546,1,1
2025,2,Lic. en Ciencia de Datos e Inteligencia de Negocios,5,1,4,1,1,0,19,1,0,0,1,0,1,0,0,ninguno,6,6,6,13.0,6,8,5,13.4,0,79.7,1,1,8.9,1.4,3.51,Activo,0,25.0,0,0.0,12.553561876656337,0,1
2024,6,Ing. Comercial,1,8,4,1,1,0,19,1,0,0,1,0,1,0,1,ninguno,7,7,6,11.966666666666669,7,7,6,11.966666666666669,1,78.7,3,1,7.6,2.6,0.32,Activo,0,75.0,0,1.0,11.336708957675626,0,1
2024,3,Ing. Comercio Internacional,2,8,1,1,1,0,19,1,0,0,1,0,0,0,0,ninguno,8,8,8,13.3475,8,8,8,13.3475,0,71.5,0,0,9.4,-0.8,-3.12,Activo,0,37.5,0,0.0,12.378118561380834,0,0
2025,8,Lic. en Administración de Empresas,3,1,3,1,1,0,21,1,0,0,1,0,0,0,0,ninguno,5,7,5,12.0,5,7,4,12.5,0,90.1,0,0,7.6,2.6,0.32,Activo,0,100.0,1,0.0,11.646390481972816,0,0
2024,4,Ing. Financiera y de Riesgos,4,8,3,1,1,0,18,1,0,0,1,0,0,0,0,ninguno,6,10,2,10.5,6,13,0,0.0,4,78.9,0,0,7.6,2.6,0.32,Abandono,1,50.0,0,2.0,4.400061236998401,1,0
2023,4,Lic. en Ciencia de Datos e Inteligencia de Negocios,5,8,1,1,1,0,18,1,0,0,1,0,1,0,0,ninguno,6,9,4,11.5,6,10,4,10.75,2,77.1,0,0,7.6,2.6,0.32,Activo,0,50.0,0,1.0,10.165662618603964,1,0
2024,6,Ing. Comercial,1,1,2,1,1,1,19,1,0,0,1,0,1,0,0,ninguno,0,0,0,0.0,0,0,0,0.0,0,77.3,0,0,7.6,2.6,0.32,Activo,0,75.0,0,0.0,0.0,0,0
2025,2,Ing. Comercio Internacional,2,1,1,1,1,1,18,1,0,0,1,0,1,0,0,ninguno,6,9,6,13.571428571428571,6,11,4,14.0,0,87.7,0,0,12.4,0.5,1.79,Activo,0,25.0,0,0.0,13.33964694855617,0,0
2025,4,Lic. en Administración de Empresas,3,8,1,1,1,1,18,1,0,0,1,0,1,0,0,ninguno,6,10,6,14.7,6,10,6,12.0,0,57.6,0,0,16.2,0.3,-0.92,Activo,0,50.0,0,0.0,12.70277907402252,1,0
2023,1,Ing. Financiera y de Riesgos,4,12,1,0,1,1,25,1,0,0,0,0,1,0,0,ninguno,5,5,0,0.0,5,5,0,0.0,5,80.2,0,0,9.4,-0.8,-3.12,Abandono,1,12.5,2,2.0,0.0,1,0
2025,2,Lic. en Ciencia de Datos e Inteligencia de Negocios,5,1,1,1,1,1,18,1,0,0,1,0,1,0,0,ninguno,7,8,6,11.833333333333334,7,8,6,11.833333333333334,1,87.8,0,0,7.6,2.6,0.32,Activo,0,25.0,0,1.0,11.253432246737283,0,0
2025,3,Ing. Comercial,1,1,3,1,1,1,19,1,0,0,1,0,1,0,0,ninguno,0,0,0,0.0,0,0,0,0.0,0,84.3,0,0,12.7,3.7,-1.7,Activo,0,37.5,0,0.0,0.0,0,0
2025,6,Ing. Comercio Internacional,2,1,6,1,1,1,18,1,0,0,1,0,1,0,0,ninguno,7,7,7,13.175714285714289,8,8,8,14.925,0,74.3,0,0,12.4,0.5,1.79,Activo,0,75.0,1,0.0,13.171905695734642,0,0
2023,8,Lic. en Administración de Empresas,3,12,1,1,1,1,24,1,0,0,1,0,0,0,0,ninguno,6,7,0,0.0,6,10,0,0.0,6,71.9,0,0,12.4,0.5,1.79,Abandono,1,100.0,0,2.0,0.0,1,0
2025,7,Ing. Financiera y de Riesgos,4,1,1,1,1,0,19,1,0,0,1,0,0,0,1,ninguno,6,12,2,13.0,6,9,6,10.833333333333334,4,74.5,0,0,7.6,2.6,0.32,Activo,0,87.5,1,1.0,11.250080634095387,1,0
2024,7,Lic. en Ciencia de Datos e Inteligencia de Negocios,5,4,1,1,15,0,29,5,0,0,1,0,0,0,0,ninguno,8,11,7,13.742857142857144,8,11,7,13.742857142857144,1,94.3,0,0,12.7,3.7,-1.7,Activo,0,87.5,1,0.0,12.755143992924191,0,0
2025,4,Ing. Comercial,1,14,1,0,1,0,27,1,0,0,1,0,1,0,1,ninguno,5,5,0,0.0,5,5,0,0.0,5,61.0,0,0,7.6,2.6,0.32,Abandono,1,50.0,1,2.0,0.0,1,0
2024,2,Ing. Comercio Internacional,2,8,6,1,1,0,18,1,0,0,1,0,1,0,1,ninguno,7,8,7,12.217142857142855,8,11,7,12.11875,0,78.0,1,1,11.1,0.6,2.02,Activo,0,25.0,0,0.0,11.526376080717904,0,1
2025,8,Lic. en Administración de Empresas,3,14,1,0,1,0,28,2,0,0,1,0,0,0,1,ninguno,15,15,14,11.071428571428571,14,16,12,11.333333333333334,1,66.6,2,1,9.4,-0.8,-3.12,Abandono,1,100.0,0,0.0,10.36053775751867,0,1
2023,4,Ing. Financiera y de Riesgos,4,12,1,1,12,0,32,2,0,1,1,0,0,0,0,credito,7,10,7,13.428571428571429,8,8,8,13.25,0,90.4,1,1,13.9,-0.3,0.79,Activo,0,50.0,0,0.0,12.933472343553957,0,1
2023,2,Lic. en Ciencia de Datos e Inteligencia de Negocios,5,12,1,0,1,0,30,1,0,0,1,0,0,0,1,ninguno,5,7,5,11.4,5,6,5,13.666666666666666,0,83.8,2,1,10.8,1.4,1.74,Abandono,1,25.0,1,0.0,11.805261217102991,0,1
2024,1,Ing. Comercial,1,4,1,1,2,0,29,1,0,0,1,0,0,0,1,ninguno,8,14,4,11.325,8,14,4,11.325,4,63.4,2,1,12.7,3.7,-1.7,Abandono,1,12.5,0,2.0,10.857374654325872,1,1
2024,1,Ing. Comercio Internacional,2,1,2,1,1,0,20,1,0,0,1,0,0,0,0,ninguno,6,13,0,0.0,5,11,0,0.0,6,89.1,2,1,9.4,-0.8,-3.12,Activo,0,12.5,0,1.0,0.0,1,1
2025,1,Lic. en Administración de Empresas,3,1,1,1,1,0,19,1,0,0,1,0,0,0,1,ninguno,8,8,7,15.0,8,8,7,15.0,1,89.0,0,0,12.7,3.7,-1.7,Activo,0,12.5,0,0.0,14.471030234219944,0,0
2024,3,Ing. Financiera y de Riesgos,4,12,2,0,1,0,29,1,0,0,1,0,0,0,0,ninguno,6,7,6,13.166666666666666,6,8,6,15.625,0,61.4,1,1,12.4,0.5,1.79,Activo,0,37.5,0,0.0,13.865489361502696,1,1
2024,8,Lic. en Ciencia de Datos e Inteligencia de Negocios,5,1,1,1,1,0,27,2,0,0,0,0,0,0,0,ninguno,6,12,2,11.0,6,14,4,10.5,4,73.9,0,0,9.4,-0.8,-3.12,Abandono,1,100.0,0,2.0,10.031264285037475,1,0
2023,7,Ing. Comercial,1,1,1,1,1,0,19,1,0,0,1,0,0,0,0,ninguno,6,0,0,0.0,6,0,0,0.0,6,90.2,0,0,12.4,0.5,1.79,Abandono,1,87.5,0,1.0,0.0,1,0
2025,2,Ing. Comercio Internacional,2,8,1,1,1,0,21,1,0,1,1,0,1,0,1,beca,5,7,3,12.333333333333334,5,5,2,12.5,2,79.8,0,0,7.6,2.6,0.32,Abandono,1,25.0,1,1.0,11.917244619434525,1,0
2025,6,Lic. en Administración de Empresas,3,1,1,0,1,0,29,2,0,0,0,0,0,0,1,ninguno,5,6,4,12.25,5,6,5,10.166666666666666,1,100.0,0,0,10.8,1.4,1.74,Abandono,1,75.0,0,0.0,10.616691038249744,0,0
2025,2,Ing. Financiera y de Riesgos,4,14,1,1,2,0,42,2,0,0,0,1,0,0,1,ninguno,13,13,13,11.923076923076923,12,12,12,12.5,0,94.7,0,0,15.5,2.8,-4.06,Abandono,1,25.0,1,0.0,11.663991957340384,0,0
2024,2,Lic. en Ciencia de Datos e Inteligencia de Negocios,5,1,1,1,1,0,18,1,0,1,1,0,0,0,0,credito,6,6,6,14.333333333333334,6,7,6,14.142857142857142,0,88.0,1,1,15.5,2.8,-4.06,Activo,0,25.0,1,0.0,13.57068118549133,0,1
2023,2,Ing. Comercial,1,12,1,1,1,0,24,1,0,0,1,0,1,0,0,ninguno,5,6,5,12.0,5,5,5,13.0,0,94.3,0,0,10.8,1.4,1.74,Activo,0,25.0,0,0.0,11.780251899151724,0,0
2024,2,Ing. Comercio Internacional,2,4,1,1,3,0,32,2,0,0,1,0,0,0,1,ninguno,7,9,7,13.761111111111113,8,11,7,12.06375,0,93.1,1,1,15.5,2.8,-4.06,Activo,0,25.0,0,0.0,12.21576333793044,0,1
2024,1,Lic. en Administración de Empresas,3,1,1,1,1,0,18,1,0,0,1,0,0,0,0,ninguno,5,6,4,11.25,5,8,5,11.0,1,69.0,0,0,10.8,1.4,1.74,Activo,0,12.5,0,1.0,10.367082181605648,0,0
2025,3,Ing. Financiera y de Riesgos,4,12,1,0,1,0,27,1,0,0,1,0,0,0,1,ninguno,5,10,3,12.333333333333334,5,10,3,10.666666666666666,2,86.9,0,0,11.1,0.6,2.02,Activo,0,37.5,0,1.0,10.984575338374526,1,0
2025,1,Lic. en Ciencia de Datos e Inteligencia de Negocios,5,1,4,1,1,0,18,1,0,0,1,0,1,0,0,ninguno,8,8,8,14.88875,8,8,8,14.88875,0,86.8,0,0,9.4,-0.8,-3.12,Activo,0,12.5,0,0.0,14.50025164099148,0,0
2025,3,Ing. Comercial,1,8,3,1,1,0,19,1,0,1,1,1,1,0,0,beca,6,8,6,12.166666666666666,6,8,5,12.4,0,65.7,0,0,9.4,-0.8,-3.12,Abandono,1,37.5,1,0.0,11.45076805433158,0,0
2024,5,Ing. Comercio Internacional,2,1,2,1,1,0,18,1,0,1,1,0,1,0,1,beca,6,7,6,12.666666666666666,6,6,6,13.333333333333334,0,69.3,0,0,11.1,0.6,2.02,Activo,0,62.5,0,0.0,12.104453732158522,0,0
2024,4,Lic. en Administración de Empresas,3,3,4,1,1,0,21,1,0,0,1,0,1,0,0,ninguno,6,9,5,12.6,6,9,3,11.666666666666666,1,79.4,0,0,9.4,-0.8,-3.12,Activo,0,50.0,0,1.0,11.65342897077763,0,0
2025,1,Ing. Financiera y de Riesgos,4,12,1,1,1,0,26,1,0,1,1,0,0,1,0,mixto,5,8,4,13.0,5,10,4,12.25,1,67.0,0,0,16.2,0.3,-0.92,Activo,0,12.5,1,0.0,12.040035630689387,0,0
2025,7,Lic. en Ciencia de Datos e Inteligencia de Negocios,5,1,1,1,1,0,22,1,0,1,1,0,1,0,0,beca,6,9,6,13.875,6,6,6,14.333333333333334,0,85.9,0,0,9.4,-0.8,-3.12,Activo,0,87.5,0,0.0,13.45516821479218,0,0
2025,2,Ing. Comercial,1,12,1,0,1,1,37,2,0,0,1,1,0,0,1,ninguno,5,10,4,10.75,5,12,3,13.333333333333334,1,92.4,0,0,9.4,-0.8,-3.12,Abandono,1,25.0,0,0.0,11.368337876739613,0,0
2025,4,Ing. Comercio Internacional,2,4,1,1,3,1,24,1,0,0,1,0,0,0,0,ninguno,5,10,3,14.666666666666666,5,5,0,0.0,2,91.6,0,0,7.6,2.6,0.32,Abandono,1,50.0,0,0.0,6.571690213571976,1,0
2023,7,Lic. en Administración de Empresas,3,9,2,1,1,1,18,1,0,0,1,0,1,0,1,ninguno,6,7,5,12.6,6,6,6,13.0,1,65.7,0,0,10.8,1.4,1.74,Activo,0,87.5,0,0.0,12.470877736651277,0,0
2023,6,Ing. Financiera y de Riesgos,4,8,3,1,1,1,19,1,0,1,1,0,1,0,1,beca,7,11,6,12.4125,8,12,7,11.2625,1,72.0,2,1,15.5,2.8,-4.06,Activo,0,75.0,1,0.0,11.032466042086186,0,1
2024,3,Lic. en Ciencia de Datos e Inteligencia de Negocios,5,12,1,1,12,1,28,2,0,0,0,1,1,0,0,ninguno,6,12,1,11.0,6,9,2,10.5,5,77.7,0,0,16.2,0.3,-0.92,Abandono,1,37.5,1,2.0,10.406620295114413,1,0
2025,7,Ing. Comercial,1,1,4,1,1,1,18,1,0,1,1,0,1,0,0,mixto,8,8,7,14.314285714285717,8,8,7,14.314285714285717,1,85.1,0,0,12.7,3.7,-1.7,Activo,0,87.5,0,0.0,13.68648371691471,0,0
2023,2,Ing. Comercio Internacional,2,1,1,1,1,1,20,1,0,0,1,0,1,0,0,ninguno,6,6,4,12.0,6,8,2,11.333333333333334,2,84.4,0,0,10.8,1.4,1.74,Activo,0,25.0,1,1.0,10.787296871768232,1,0
2024,4,Lic. en Administración de Empresas,3,1,1,1,1,1,18,1,0,0,1,0,1,0,0,ninguno,6,6,6,12.833333333333334,6,7,6,13.285714285714286,0,82.3,1,1,15.5,2.8,-4.06,Activo,0,50.0,1,0.0,12.443673090228932,0,1
2024,1,Ing. Financiera y de Riesgos,4,12,1,1,1,1,47,2,0,0,1,0,0,0,0,ninguno,6,8,5,11.4,6,10,6,11.666666666666666,1,93.4,2,1,12.7,3.7,-1.7,Abandono,1,12.5,1,0.0,11.12897050919556,0,1
2023,3,Lic. en Ciencia de Datos e Inteligencia de Negocios,5,14,1,0,1,1,38,2,0,0,1,0,0,0,1,ninguno,5,5,5,14.6,5,6,5,14.333333333333334,0,64.1,0,0,13.9,-0.3,0.79,Activo,0,37.5,0,0.0,13.477142975162495,1,0
2025,6,Ing. Comercial,1,1,1,1,1,1,20,1,0,1,1,0,0,0,0,beca,6,7,6,13.5,6,9,5,12.5,0,67.9,1,1,10.8,1.4,1.74,Activo,0,75.0,0,0.0,12.077500176548016,0,1
2024,4,Ing. Comercio Internacional,2,15,1,1,14,1,21,1,0,0,1,0,1,0,0,ninguno,6,8,6,12.5,6,11,3,13.333333333333334,0,81.4,0,0,13.9,-0.3,0.79,Abandono,1,50.0,0,0.0,12.076747123409158,0,0
2024,8,Lic. en Administración de Empresas,3,14,1,1,1,1,19,1,0,1,1,0,1,0,1,mixto,6,6,4,13.0,6,7,5,12.2,2,100.0,2,1,13.9,-0.3,0.79,Activo,0,100.0,0,1.0,12.011941877970553,1,1
2024,8,Ing. Financiera y de Riesgos,4,14,1,1,1,1,25,1,0,0,1,0,1,0,0,ninguno,10,13,5,11.6,8,10,2,13.0,5,79.3,0,0,12.4,0.5,1.79,Activo,0,100.0,0,3.0,11.871307991177492,1,0
2024,1,Lic. en Ciencia de Datos e Inteligencia de Negocios,5,1,1,1,1,0,18,1,0,0,1,0,1,0,1,ninguno,5,6,5,11.8,5,8,5,11.6,0,86.0,1,1,9.4,-0.8,-3.12,Activo,0,12.5,0,0.0,10.741012173007048,0,1
2023,2,Ing. Comercial,1,12,1,1,12,0,46,4,0,0,0,1,0,0,1,ninguno,7,14,3,12.333333333333334,7,12,3,11.083333333333334,4,91.3,0,0,11.1,0.6,2.02,Abandono,1,25.0,0,2.0,11.035687544771337,1,0
2025,5,Ing. Comercio Internacional,2,14,2,1,1,0,23,1,0,0,1,0,0,0,0,ninguno,14,15,12,12.625,14,15,12,12.625,2,71.9,0,0,7.6,2.6,0.32,Activo,0,62.5,1,1.0,11.728351177728761,1,0
2025,3,Lic. en Administración de Empresas,3,1,1,1,1,0,20,1,0,1,1,0,1,0,1,mixto,6,6,6,13.833333333333334,6,6,6,13.5,0,67.1,0,0,16.2,0.3,-0.92,Activo,0,37.5,0,0.0,13.12720016263507,0,0
2023,1,Ing. Financiera y de Riesgos,4,15,1,1,14,1,20,1,0,0,1,0,0,0,0,ninguno,7,7,6,12.5,9,10,7,13.142857142857142,1,66.5,0,0,16.2,0.3,-0.92,Activo,0,12.5,0,0.0,12.286726749472942,0,0
2024,3,Lic. en Ciencia de Datos e Inteligencia de Negocios,5,1,6,1,1,1,19,1,0,0,1,0,0,0,0,ninguno,6,7,5,13.6,6,8,5,12.666666666666666,1,79.3,2,1,15.5,2.8,-4.06,Activo,0,37.5,0,0.0,12.143454996861506,0,1
2023,1,Ing. Comercial,1,1,2,1,1,0,18,1,1,0,0,1,1,0,1,ninguno,6,6,6,12.0,6,6,2,11.0,0,70.3,0,0,11.1,0.6,2.02,Abandono,1,12.5,0,0.0,10.834716866053606,0,0
2024,5,Ing. Comercio Internacional,2,1,1,1,1,0,30,1,0,1,1,0,1,0,0,credito,7,8,7,14.9125,8,9,1,13.5,0,60.4,0,0,13.9,-0.3,0.79,Abandono,1,62.5,0,0.0,13.807763203297478,1,0
2025,3,Lic. en Administración de Empresas,3,1,1,1,1,0,20,1,0,1,1,0,1,0,0,beca,5,5,5,13.8,5,6,5,12.0,0,84.1,1,1,9.4,-0.8,-3.12,Activo,0,37.5,2,0.0,12.446227725403705,0,1
2024,7,Ing. Financiera y de Riesgos,4,5,1,1,1,0,22,1,1,0,1,0,1,0,0,ninguno,6,8,6,11.666666666666666,6,6,6,13.0,0,84.1,0,0,12.7,3.7,-1.7,Activo,0,87.5,0,0.0,11.695972337758427,0,0
